"cluster_id","ccount","LH","RH","TF","LE","RE","MO","SH","WA","FT"
1,6130297,0,0,0,0,0,0,0,0,0
2,4843,62,62,0,0,0,0,0,0,0
3,0,0,57,0,0,0,0,0,0,0
4,0,0,0,0,0,0,0,0,0,40
5,2711,0,0,0,0,0,0,0,0,26
6,15560,41,63,0,0,0,0,0,0,0
7,311483,0,67,0,0,0,0,0,0,0
8,0,57,57,0,0,0,73,0,0,0
9,0,0,0,0,0,0,0,0,73,73
10,246,25,25,0,0,0,0,0,26,0
11,204013,63,63,0,0,0,0,0,0,0
12,0,0,0,0,0,0,0,0,67,41
13,2668,0,72,0,0,0,0,0,0,0
14,0,55,67,0,0,0,0,0,0,0
15,866258,0,0,0,0,0,0,27,0,0
16,78171,0,41,0,0,0,0,0,0,0
17,13181,67,41,0,0,0,0,0,0,0
18,141,58,39,0,0,0,0,0,0,0
19,2588,0,0,0,0,0,0,0,0,63
20,0,0,0,0,0,0,0,0,63,41
21,22627,0,94,0,0,0,0,0,0,0
22,3106,0,0,0,0,0,0,0,0,28
23,18557,29,29,0,0,0,0,0,0,0
24,0,58,58,0,0,0,41,0,0,0
25,220867,67,0,0,0,0,0,0,0,0
26,0,0,0,0,0,0,40,0,0,0
27,406,0,0,0,0,0,73,0,63,0
28,109331,73,73,0,0,0,0,0,0,0
29,4178,0,0,0,0,0,0,0,67,0
30,642,26,73,0,0,0,0,0,0,0
31,712,19,19,0,0,0,0,0,0,0
32,0,26,26,0,0,0,0,67,0,0
33,0,59,0,0,0,0,0,0,0,0
34,4930,0,0,0,0,0,0,0,63,63
35,0,0,0,0,0,0,67,0,67,67
36,0,0,0,0,0,0,92,92,92,0
37,13695,92,92,0,0,0,0,0,0,0
38,0,0,0,0,0,0,90,0,90,0
39,0,60,41,0,0,0,0,0,0,0
40,682,20,20,0,0,0,0,0,0,0
41,582,108,108,0,0,0,0,27,0,0
42,8473,108,0,0,0,0,0,0,0,0
43,19750,8,8,0,0,0,0,0,0,0
44,12567,0,2,0,0,0,0,0,0,0
45,2084,0,0,0,0,0,0,0,26,26
46,0,0,0,0,0,0,0,0,67,56
47,5228,0,0,0,0,0,0,0,0,32
48,0,0,0,0,0,0,27,0,56,0
49,0,0,0,0,67,0,0,67,0,0
50,208,0,0,0,0,0,27,0,56,56
51,0,0,0,0,0,0,0,0,67,26
52,0,41,41,0,0,0,0,0,0,39
53,0,67,67,0,0,0,0,0,0,39
54,2082,43,0,0,0,0,0,0,0,0
55,363,0,0,0,0,0,0,0,60,56
56,10600,0,0,0,0,0,0,0,0,56
57,3919,0,17,0,0,0,0,0,0,0
58,101519,67,67,0,0,0,0,0,0,0
59,3863,0,0,0,0,0,0,0,24,0
60,983,0,0,0,0,0,0,0,24,24
61,0,41,40,0,0,0,0,0,0,0
62,3330,0,0,0,0,0,41,0,0,0
63,0,0,0,0,0,0,90,90,0,0
64,0,0,0,0,0,0,90,0,90,90
65,0,0,0,0,65,0,0,0,0,0
66,0,0,90,0,0,0,89,0,0,0
67,0,90,90,0,0,0,0,89,0,0
68,0,57,0,0,0,0,0,0,63,0
69,0,57,57,0,0,0,0,0,0,0
70,119,0,0,0,0,0,0,0,0,67
71,0,24,67,0,0,0,0,0,0,0
72,8141,76,0,0,0,0,0,0,0,0
73,0,0,0,0,0,0,67,0,0,67
74,0,0,0,0,0,0,0,0,0,39
75,0,56,0,0,0,0,0,0,0,0
76,55051,0,0,0,0,0,0,0,56,56
77,1789,0,52,0,0,0,0,0,0,0
78,0,0,0,0,0,0,26,0,26,26
79,1252,0,0,0,0,0,67,0,67,0
80,51038,0,0,0,0,0,0,0,56,0
81,0,0,0,0,0,0,0,0,0,41
82,0,0,60,0,0,0,0,0,0,0
83,0,0,0,0,0,0,41,41,0,0
84,39968,67,0,0,0,0,0,27,0,0
85,0,59,59,0,0,0,0,0,0,0
86,2701,0,0,0,0,0,73,0,0,0
87,20646,0,79,0,0,0,0,0,0,0
88,3572,0,0,0,0,0,0,67,0,0
89,0,56,56,0,0,0,0,0,0,0
90,23760,0,0,0,0,0,0,0,60,0
91,20703,101,0,0,0,0,0,0,0,0
92,2707,107,107,0,0,0,0,0,0,0
93,0,0,0,0,0,0,104,0,104,104
94,7143,79,79,0,0,0,0,0,0,0
95,19720,0,0,0,0,0,0,0,57,0
96,739,0,41,0,0,0,0,0,60,60
97,5067,0,0,101,0,0,0,0,0,0
98,0,60,60,0,0,0,0,0,0,41
99,0,60,60,0,0,0,0,0,0,0
100,2557,0,0,111,0,0,0,0,0,0
101,0,0,56,0,0,0,0,0,0,0
102,0,0,0,0,0,0,0,0,86,86
103,3225,1,0,0,0,0,0,0,0,0
104,26966,16,16,0,0,0,0,0,0,0
105,390,0,0,0,0,0,0,0,105,0
106,0,0,0,0,0,0,0,0,56,66
107,1053,67,64,0,0,0,0,0,0,0
108,0,56,56,0,0,0,0,0,56,0
109,0,0,0,0,0,0,0,0,0,66
110,3393,64,0,0,0,0,0,0,0,0
111,5398,55,55,0,0,0,0,0,0,0
112,0,25,26,0,0,0,0,0,0,0
113,20010,0,0,0,0,0,27,0,0,0
114,0,0,73,0,0,0,27,0,0,0
115,12933,38,0,0,0,0,0,0,0,0
116,27332,0,37,0,0,0,0,0,0,0
117,22266,37,0,0,0,0,0,0,0,0
118,56768,0,39,0,0,0,0,0,0,0
119,0,0,0,0,0,0,0,0,0,45
120,0,57,57,0,0,0,0,0,57,0
121,22381,0,92,0,0,0,0,0,0,0
122,14718,0,0,0,0,0,0,0,57,57
123,0,57,0,0,0,0,0,0,0,0
124,0,41,57,0,0,0,0,0,0,0
125,0,0,0,0,0,0,0,0,57,41
126,0,0,0,0,0,0,0,0,67,57
127,21859,58,0,0,0,0,0,0,0,0
128,322,67,63,92,0,0,0,0,0,0
129,1659,63,0,0,0,0,67,0,67,0
130,2789,0,53,0,0,0,0,0,0,0
131,6212,63,63,92,0,0,0,0,0,0
132,0,0,57,92,0,0,0,0,0,0
133,131939,63,0,0,0,0,0,0,0,0
134,638,0,0,0,0,0,41,0,63,0
135,512,0,19,0,0,0,0,0,0,0
136,560,19,0,0,0,0,0,0,0,0
137,2837,49,49,0,0,0,0,0,0,0
138,0,49,0,0,0,0,0,27,0,0
139,2620,6,6,0,0,0,0,0,0,0
140,656,0,34,0,0,0,0,27,0,0
141,3058,1,1,0,0,0,0,27,0,0
142,10320,63,63,0,0,0,0,0,60,0
143,0,0,0,0,0,0,42,0,60,0
144,5330,0,0,0,0,0,0,0,60,60
145,297,0,0,0,0,0,41,0,56,0
146,6029,7,7,0,0,0,0,0,0,0
147,1381,7,0,0,0,0,0,0,0,0
148,200,0,0,0,0,0,67,0,56,0
149,35476,2,2,0,0,0,0,0,0,0
150,820,45,42,0,0,0,0,0,0,0
151,0,0,0,0,0,0,41,0,60,41
152,0,56,56,0,0,0,0,0,60,60
153,24257,0,101,0,0,0,0,0,0,0
154,0,60,60,0,0,0,0,55,0,0
155,522,0,0,0,0,0,55,0,0,0
156,0,0,0,0,0,0,55,0,60,60
157,0,0,0,0,0,0,73,0,56,0
158,0,0,0,0,0,0,27,0,0,56
159,0,56,56,0,0,0,0,27,0,0
160,36613,41,41,0,0,0,0,0,0,0
161,1052,0,0,0,0,0,0,0,0,59
162,23493,26,26,0,0,0,0,0,0,0
163,0,0,0,0,0,0,63,0,56,0
164,0,45,60,0,0,0,0,0,0,0
165,912,0,0,0,0,0,0,0,0,57
166,484,61,0,0,0,0,0,0,0,0
167,23699,0,58,0,0,0,0,0,0,0
168,849,0,58,0,0,0,0,0,57,0
169,0,57,57,0,0,0,41,0,0,0
170,0,0,0,0,0,0,0,0,60,41
171,5527,46,0,0,0,0,0,0,0,0
172,0,0,59,0,0,0,0,0,0,0
173,179,0,0,0,0,0,49,0,0,0
174,17536,0,0,0,0,0,0,0,59,59
175,22046,0,0,0,0,0,0,0,59,0
176,1266,0,0,0,0,0,79,0,0,0
177,0,0,0,0,0,79,0,0,0,0
178,1215,45,41,0,0,0,0,0,0,0
179,1059,39,41,0,0,0,0,0,0,0
180,0,0,0,0,0,0,41,0,0,41
181,0,0,0,0,0,0,0,0,67,67
182,0,0,0,0,0,0,51,0,0,0
183,0,59,0,0,0,0,0,0,73,0
184,334,0,0,0,0,0,0,0,0,73
185,0,57,57,0,0,0,0,0,57,57
186,0,57,57,0,0,0,0,63,63,0
187,0,58,58,0,0,0,67,0,0,0
188,437,0,67,0,0,0,0,0,63,63
189,0,0,0,0,0,0,41,0,63,63
190,11209,45,0,0,0,0,0,0,0,0
191,889,0,69,0,0,0,0,0,0,0
192,3176,75,0,0,0,0,0,0,0,0
193,499,0,0,0,0,0,0,0,63,56
194,0,0,0,0,0,0,0,0,0,62
195,0,41,41,0,0,0,0,0,0,41
196,836,0,0,0,0,0,45,0,0,0
197,0,45,58,0,0,0,0,0,0,0
198,4134,0,0,0,0,0,0,0,0,58
199,0,0,24,0,0,0,0,0,0,0
200,0,67,0,0,0,0,0,0,26,26
201,0,0,0,0,0,0,67,0,67,41
202,0,6,6,0,0,0,0,0,67,0
203,0,0,0,0,0,0,24,0,67,0
204,1425,0,0,0,0,0,0,0,0,24
205,0,57,57,0,0,0,0,73,0,0
206,28410,84,84,0,0,0,0,0,0,0
207,6851,45,45,0,0,0,0,0,0,0
208,3250,0,0,0,0,0,0,0,73,0
209,44967,0,26,0,0,0,0,0,0,0
210,19149,83,83,0,0,0,0,0,0,0
211,0,0,0,0,0,0,27,0,0,73
212,806,0,0,0,0,0,0,24,24,24
213,2045,15,0,0,0,0,0,0,0,0
214,0,57,67,0,0,0,0,0,0,0
215,27568,101,101,0,0,0,0,0,0,0
216,9043,47,47,0,0,0,0,0,0,0
217,115998,1,1,0,0,0,0,0,0,0
218,232,0,0,0,0,0,0,0,0,25
219,0,0,0,0,0,101,0,101,101,101
220,12456,16,0,0,0,0,0,0,0,0
221,6189,67,26,0,0,0,0,0,0,0
222,3664,15,15,0,0,0,0,0,0,0
223,0,0,0,0,0,0,67,67,67,0
224,547,67,1,0,0,0,0,0,0,0
225,0,0,0,0,0,0,26,0,26,0
226,61154,41,0,0,0,0,0,0,0,0
227,0,0,0,0,0,0,0,0,60,67
228,0,0,0,0,0,0,41,0,63,41
229,945,0,71,0,0,0,0,0,0,0
230,11992,2,0,0,0,0,0,0,0,0
231,0,24,24,0,0,0,0,0,0,0
232,53349,37,37,0,0,0,0,0,0,0
233,19206,109,109,0,0,0,0,0,0,0
234,0,0,0,0,0,0,24,0,24,0
235,13374,47,0,0,0,0,0,0,0,0
236,0,0,0,0,0,0,0,63,63,0
237,0,0,0,0,0,0,0,0,0,29
238,0,0,0,0,0,0,24,24,24,24
239,291,0,0,0,0,0,46,0,0,0
240,0,56,56,0,0,0,0,0,0,56
241,0,56,56,0,0,0,63,0,0,0
242,4182,0,0,0,0,0,67,0,0,0
243,384,0,0,0,0,0,63,0,63,0
244,0,58,0,0,0,0,0,0,63,63
245,0,57,57,0,0,0,0,0,0,60
246,0,0,0,0,0,0,0,0,95,0
247,0,0,0,0,0,0,65,0,0,0
248,0,0,0,0,0,0,27,0,63,63
249,0,0,0,0,0,67,0,67,63,63
250,6863,0,62,0,0,0,0,0,0,0
251,2530,63,41,0,0,0,0,0,60,0
252,197,0,41,0,0,0,0,0,63,63
253,0,0,0,0,0,0,41,0,56,56
254,0,0,0,0,0,67,0,0,63,63
255,0,63,56,0,0,0,0,0,0,0
256,4761,72,72,0,0,0,0,0,0,0
257,0,0,0,0,0,0,41,0,57,57
258,15382,95,95,0,0,0,0,0,0,0
259,1367,58,0,0,0,0,0,0,63,0
260,647,67,0,0,0,0,41,0,0,0
261,19121,74,0,0,0,0,0,0,0,0
262,0,0,56,0,0,0,0,0,73,0
263,0,57,57,0,0,0,67,67,0,0
264,0,0,67,0,0,0,0,0,0,26
265,8591,26,67,0,0,0,0,0,0,0
266,0,26,26,0,0,0,67,0,0,0
267,0,0,0,0,67,0,0,67,26,26
268,2037,44,0,0,0,0,0,0,0,0
269,0,56,56,0,0,0,63,0,63,0
270,0,0,0,0,0,0,63,0,57,0
271,0,0,0,0,0,0,63,0,67,0
272,13959,63,95,0,0,0,0,0,0,0
273,0,59,59,0,0,0,0,0,0,41
274,2190,41,41,0,0,0,0,0,56,0
275,63626,0,73,0,0,0,0,0,0,0
276,1060,0,0,0,0,0,63,0,0,0
277,189,41,54,0,0,0,0,0,0,0
278,0,44,44,0,0,0,0,0,45,0
279,0,56,56,0,0,0,0,0,57,0
280,0,57,57,0,0,0,0,0,60,60
281,10221,0,0,0,0,0,0,0,0,37
282,61712,0,67,0,0,0,0,27,0,0
283,0,0,0,0,0,0,67,0,63,63
284,1514,0,0,0,0,0,39,0,0,0
285,820,63,73,0,0,0,0,0,56,0
286,0,2,2,0,0,0,0,0,63,0
287,0,0,0,0,0,0,67,0,26,0
288,8209,0,0,0,0,0,0,24,24,0
289,0,0,0,0,0,0,0,0,56,41
290,0,0,0,0,0,0,63,0,63,41
291,0,60,63,0,0,0,0,27,0,0
292,200,0,67,0,0,0,0,0,26,26
293,38777,26,0,0,0,0,0,0,0,0
294,25291,25,25,0,0,0,0,0,0,0
295,5123,0,77,0,0,0,0,0,0,0
296,5699,77,0,0,0,0,0,0,0,0
297,0,60,63,0,0,0,0,0,0,0
298,13530,25,0,0,0,0,0,0,0,0
299,18363,0,25,0,0,0,0,0,0,0
300,2738,63,63,0,0,0,67,0,0,0
301,55119,73,0,0,0,0,0,0,0,0
302,0,0,0,0,92,0,0,0,0,0
303,1288,58,58,0,0,0,0,0,0,58
304,0,0,0,0,0,0,24,0,24,24
305,0,67,24,0,0,0,0,0,0,0
306,0,0,0,0,0,0,67,0,24,0
307,0,24,0,0,0,0,0,0,0,0
308,453,67,67,0,0,0,0,24,0,0
309,0,0,0,0,0,67,0,0,67,0
310,22875,86,86,0,0,0,0,0,0,0
311,0,67,67,0,0,0,27,0,0,0
312,31388,63,67,0,0,0,0,0,0,0
313,0,0,0,0,0,0,0,0,67,60
314,0,60,67,0,0,0,41,0,0,0
315,0,60,60,0,0,0,0,73,0,0
316,0,67,0,0,0,0,92,0,0,0
317,1411,0,0,0,0,0,92,0,0,0
318,0,0,0,0,0,0,92,0,92,0
319,0,0,0,0,92,92,92,92,92,0
320,0,0,0,0,0,0,92,92,0,0
321,11253,74,74,0,0,0,0,0,0,0
322,3403,48,0,0,0,0,0,0,0,0
323,0,0,0,0,0,0,44,0,0,0
324,0,60,42,0,0,0,0,0,0,0
325,0,45,40,0,0,0,0,0,0,0
326,0,0,58,0,0,0,0,0,67,0
327,461,58,67,0,0,0,0,0,63,0
328,0,0,58,0,0,0,0,0,63,63
329,2009,2,0,0,0,0,0,27,0,0
330,16800,17,17,0,0,0,0,0,0,0
331,294,58,58,0,0,0,0,0,56,56
332,0,58,0,0,0,0,41,0,0,0
333,0,58,58,0,0,0,0,0,63,63
334,0,57,57,0,0,0,0,67,0,0
335,546,0,58,0,0,0,0,0,57,57
336,1101,0,40,0,0,0,0,0,60,0
337,0,39,73,0,0,0,0,0,0,0
338,11460,40,0,0,0,0,0,0,0,0
339,735,5,5,0,0,0,0,0,0,0
340,0,0,0,0,0,0,0,0,67,73
341,0,0,0,0,0,0,41,0,73,0
342,0,67,0,0,0,0,0,0,0,41
343,687,58,58,0,0,0,0,0,63,0
344,748,58,58,0,0,0,0,0,60,0
345,11619,28,28,0,0,0,0,0,0,0
346,0,0,0,0,0,0,80,0,80,80
347,130799,0,63,0,0,0,0,0,0,0
348,0,0,0,0,0,0,0,0,56,67
349,0,0,0,0,0,0,67,0,57,57
350,17335,58,58,0,0,0,0,0,0,0
351,0,0,0,0,0,0,101,0,101,0
352,0,0,0,0,0,0,0,0,67,28
353,1101,63,62,0,0,0,0,0,0,0
354,0,0,0,0,0,0,0,0,101,101
355,18547,0,86,0,0,0,0,0,0,0
356,0,0,0,0,0,0,0,0,0,86
357,793,41,41,0,0,0,0,0,56,56
358,20932,34,34,0,0,0,0,0,0,0
359,12191,0,0,0,0,0,0,27,56,56
360,2352,0,2,0,0,0,0,27,0,0
361,11052,67,67,0,0,0,0,27,0,0
362,793,71,71,0,0,0,0,0,0,0
363,462,0,0,0,0,0,0,0,56,60
364,193,39,39,0,0,0,0,0,56,0
365,0,0,0,0,0,0,0,0,0,76
366,244,55,42,0,0,0,0,0,0,0
367,1187,44,44,0,0,0,0,0,0,0
368,6812,0,46,0,0,0,0,0,0,0
369,566,2,67,0,0,0,0,27,0,0
370,0,0,0,0,0,0,27,0,0,67
371,0,0,0,0,0,0,39,0,0,39
372,12630,0,16,0,0,0,0,0,0,0
373,0,0,0,0,0,0,0,0,98,98
374,0,0,0,0,0,0,0,0,67,63
375,35843,0,0,0,0,0,0,0,63,0
376,0,2,2,0,0,0,0,0,24,0
377,184,45,39,0,0,0,0,0,0,0
378,221,68,68,0,0,0,0,0,0,0
379,17896,39,39,0,0,0,0,0,0,0
380,2718,0,67,0,0,0,0,13,0,0
381,1052,67,67,0,0,0,0,13,0,0
382,0,56,44,0,0,0,0,0,0,0
383,0,41,56,0,0,0,0,0,0,0
384,261,2,41,0,0,0,0,0,0,0
385,1729,26,41,0,0,0,0,0,0,0
386,3452,0,41,0,0,0,0,0,63,0
387,0,0,0,0,0,0,0,27,0,67
388,0,0,0,0,0,67,0,67,0,0
389,2235,67,67,0,0,0,0,0,57,0
390,782,0,67,0,0,0,41,0,0,0
391,0,0,0,0,0,0,27,0,0,41
392,7586,66,66,0,0,0,0,0,0,0
393,6276,40,40,0,0,0,0,0,0,0
394,25077,0,29,0,0,0,0,0,0,0
395,3773,73,41,0,0,0,0,0,0,0
396,755,102,0,0,0,0,0,0,0,0
397,21433,32,0,0,0,0,0,0,0,0
398,1586,28,67,0,0,0,0,0,0,0
399,0,0,0,0,0,67,0,0,0,0
400,1305,0,67,0,0,0,0,0,26,0
401,0,0,0,0,0,0,0,0,26,41
402,0,0,0,0,0,0,67,0,67,26
403,0,0,0,0,67,0,27,0,67,0
404,0,0,0,0,67,0,27,67,0,0
405,0,0,0,0,0,0,27,0,67,67
406,0,67,0,0,0,0,0,0,0,26
407,1465,0,58,0,0,0,0,0,63,0
408,737,6,0,0,0,0,0,0,0,0
409,0,6,6,0,0,0,0,0,26,0
410,0,38,67,0,0,0,0,0,0,0
411,0,0,0,0,0,0,0,73,73,73
412,0,60,60,0,0,0,0,0,73,73
413,0,0,0,0,0,0,73,0,73,73
414,1567,73,73,0,0,0,0,0,60,0
415,0,63,63,0,0,0,0,0,0,73
416,0,73,73,0,0,0,0,0,73,73
417,12491,63,73,0,0,0,0,0,0,0
418,16521,41,67,0,0,0,0,0,0,0
419,0,0,0,0,0,0,24,24,24,0
420,0,0,0,0,0,0,0,28,28,28
421,1904,53,53,0,0,0,0,0,0,0
422,200,0,0,0,0,0,97,0,97,0
423,4555,41,0,0,0,0,0,0,60,0
424,0,39,0,0,0,0,0,0,0,39
425,0,0,0,0,0,0,0,41,0,0
426,0,0,0,0,0,0,0,25,25,0
427,0,57,57,0,0,0,0,63,0,0
428,0,57,57,0,0,0,0,0,63,63
429,0,0,0,0,0,0,48,0,0,0
430,0,0,0,0,0,0,45,0,0,41
431,0,60,60,0,0,0,0,0,56,0
432,13565,33,33,0,0,0,0,0,0,0
433,0,92,92,0,0,0,67,0,0,0
434,4806,63,64,0,0,0,0,0,0,0
435,0,0,0,0,90,90,90,90,90,90
436,0,0,0,0,0,0,86,0,86,0
437,266,0,67,0,0,0,27,0,0,0
438,1413,0,0,92,0,0,0,92,0,0
439,0,56,56,0,73,0,0,0,0,0
440,1292,0,0,0,0,0,0,73,0,0
441,0,0,0,0,73,73,0,73,73,0
442,0,41,60,0,0,0,0,0,0,0
443,0,0,0,0,0,0,41,0,57,0
444,0,0,0,0,0,0,81,0,81,81
445,2160,0,0,0,0,0,0,0,28,28
446,45059,0,0,0,0,0,0,24,0,0
447,9581,0,0,0,0,0,0,0,0,36
448,7540,0,36,0,0,0,0,0,0,0
449,610,0,6,0,0,0,0,0,0,0
450,6125,36,0,0,0,0,0,0,0,0
451,4385,0,104,0,0,0,0,0,0,0
452,3542,0,0,0,0,0,0,0,26,0
453,0,0,0,0,0,0,41,0,67,41
454,1268,0,0,0,0,0,0,0,0,60
455,0,60,60,0,0,0,67,0,56,0
456,0,0,56,0,0,0,41,0,0,0
457,0,0,0,0,0,0,67,0,56,56
458,572,45,45,0,0,0,0,0,60,0
459,0,56,0,0,0,0,0,0,56,56
460,1083,63,41,0,0,0,0,0,67,0
461,7312,36,36,0,0,0,0,0,0,0
462,0,0,0,0,0,0,54,54,0,0
463,0,0,67,0,0,0,0,0,0,41
464,0,67,56,0,0,0,0,0,0,0
465,1143,67,67,0,0,0,0,0,26,0
466,321,26,26,0,0,0,0,13,0,0
467,1598,67,67,92,0,0,0,0,0,0
468,2748,78,78,0,0,0,0,0,0,0
469,0,0,0,0,0,0,101,0,101,101
470,10335,73,67,0,0,0,0,0,0,0
471,0,0,0,0,0,0,0,0,0,35
472,0,56,41,0,0,0,0,0,0,0
473,675,58,0,0,0,0,0,0,56,56
474,12455,73,63,0,0,0,0,0,0,0
475,0,0,0,0,0,0,42,0,0,0
476,0,59,59,0,0,0,0,0,73,73
477,0,0,0,0,0,0,73,0,0,73
478,0,0,0,0,0,0,0,0,67,24
479,0,60,45,0,0,0,0,0,0,0
480,470,74,41,0,0,0,0,0,0,0
481,0,45,45,0,0,0,0,0,0,41
482,0,67,67,0,0,0,0,0,0,41
483,990,0,0,74,0,0,0,0,0,0
484,753,58,58,0,0,0,0,0,57,0
485,0,58,58,0,0,0,0,0,67,0
486,8735,105,0,0,0,0,0,0,0,0
487,0,0,0,0,0,0,27,0,67,0
488,0,0,0,0,0,0,0,27,67,67
489,530,0,0,0,0,0,0,27,67,0
490,563,0,0,67,0,0,0,0,0,0
491,3187,67,67,0,0,0,0,0,56,0
492,0,0,0,0,73,0,0,73,73,0
493,0,57,57,0,0,0,0,0,73,73
494,378,74,67,0,0,0,0,27,0,0
495,526,40,40,0,0,0,0,27,0,0
496,0,67,67,0,0,0,0,0,26,26
497,0,16,57,0,0,0,0,0,0,0
498,628,58,0,0,0,0,0,0,57,0
499,280,0,0,0,0,0,41,0,60,0
500,0,0,56,0,0,0,0,0,56,0
501,208,41,25,0,0,0,0,0,0,0
502,0,0,119,0,0,0,0,0,0,0
503,6849,62,0,0,0,0,0,0,0,0
504,0,0,0,0,0,0,0,50,0,0
505,627,40,40,0,0,0,0,0,60,0
506,6379,0,0,0,113,113,0,0,0,0
507,18038,29,0,0,0,0,0,0,0,0
508,19181,0,40,0,0,0,0,0,0,0
509,0,58,58,0,0,0,73,0,0,0
510,0,56,56,0,0,0,0,0,0,67
511,0,56,0,0,0,0,0,0,73,0
512,17551,0,34,0,0,0,0,0,0,0
513,0,57,57,0,0,0,0,0,73,0
514,233,1,26,0,0,0,0,0,0,0
515,0,67,67,0,0,0,0,0,0,58
516,204,0,67,0,0,0,0,0,0,58
517,1041,0,0,0,0,0,0,0,101,0
518,0,57,57,0,0,0,0,0,60,0
519,0,0,0,0,0,0,0,0,0,101
520,2448,17,0,0,0,0,0,0,0,0
521,300,0,0,0,0,0,24,24,0,0
522,0,24,0,0,0,0,0,0,24,0
523,0,0,0,0,0,0,0,63,63,63
524,0,58,0,92,0,0,0,0,0,0
525,0,0,0,0,0,0,67,0,67,57
526,0,67,67,0,0,0,0,0,0,57
527,0,0,0,0,0,92,0,0,63,63
528,181,0,0,0,0,0,0,67,67,0
529,0,65,65,0,0,0,0,0,56,0
530,0,0,0,0,0,0,67,0,67,60
531,18070,100,100,0,0,0,0,0,0,0
532,7533,0,100,0,0,0,0,0,0,0
533,0,73,73,0,0,0,0,27,56,56
534,19700,63,63,0,0,0,0,0,56,0
535,0,0,0,0,0,0,0,27,0,73
536,0,0,0,0,0,0,27,0,60,0
537,1609,73,67,0,0,0,0,27,0,0
538,0,0,0,0,0,0,67,0,26,26
539,0,59,59,0,0,0,0,0,63,0
540,0,0,0,0,0,0,0,0,67,32
541,0,44,44,0,0,0,0,0,60,0
542,0,0,0,0,0,0,0,0,0,100
543,1692,0,15,0,0,0,0,0,0,0
544,1117,50,0,0,0,0,0,0,0,0
545,0,0,0,0,0,0,27,0,26,26
546,1322,0,58,0,0,0,0,0,56,0
547,5562,2,2,0,0,0,0,27,0,0
548,3933,0,44,0,0,0,0,0,0,0
549,3732,41,41,0,0,0,0,0,60,0
550,0,57,0,0,0,0,0,0,73,0
551,1945,0,14,0,0,0,0,0,0,0
552,0,57,57,0,0,0,0,0,63,0
553,0,60,0,0,0,0,0,0,0,0
554,0,0,0,0,0,0,0,0,57,58
555,3354,63,63,0,0,0,67,0,67,0
556,10775,0,63,0,0,0,0,0,56,0
557,1580,43,43,0,0,0,0,0,0,0
558,0,0,0,0,76,0,0,0,0,0
559,0,59,59,0,63,63,0,63,63,63
560,5758,110,110,0,0,0,0,0,0,0
561,0,59,59,0,73,73,0,73,0,0
562,0,0,0,0,67,0,0,0,0,0
563,1884,42,0,0,0,0,0,0,0,0
564,601,0,0,0,0,0,0,0,0,31
565,0,57,57,92,0,0,0,0,0,0
566,0,0,0,0,63,63,0,63,63,0
567,521,92,92,0,0,0,0,0,63,0
568,0,73,56,0,0,0,0,0,0,0
569,0,0,0,0,0,0,67,0,67,63
570,465,0,0,0,0,0,0,0,57,63
571,4126,46,46,0,0,0,0,0,0,0
572,0,59,59,92,0,0,0,0,0,0
573,0,45,47,0,0,0,0,0,0,0
574,8415,0,0,0,0,0,0,26,0,0
575,0,0,0,0,0,73,0,73,73,0
576,0,67,60,0,0,0,0,0,56,0
577,0,24,24,0,0,0,0,0,24,0
578,2483,0,0,0,0,0,0,0,86,0
579,417,67,0,0,0,0,0,0,63,63
580,0,0,0,0,0,0,0,0,63,67
581,3753,0,63,0,0,0,0,0,67,0
582,0,41,56,0,0,0,0,0,56,0
583,15259,28,0,0,0,0,0,0,0,0
584,5222,65,65,0,0,0,0,0,0,0
585,0,57,41,0,0,0,0,0,0,0
586,31770,95,0,0,0,0,0,0,0,0
587,0,56,76,0,0,0,0,0,0,0
588,1220,0,0,0,0,0,0,27,63,63
589,287,41,41,0,0,0,0,13,0,0
590,0,67,0,0,0,0,0,0,0,63
591,0,56,56,0,0,0,0,0,63,63
592,7352,0,8,0,0,0,0,0,0,0
593,0,0,0,0,101,101,0,101,101,0
594,0,73,73,0,0,0,0,0,0,24
595,1071,1,0,0,0,0,0,27,0,0
596,0,0,0,0,0,63,0,63,63,63
597,0,59,59,0,0,0,0,0,67,0
598,0,92,92,0,0,0,0,0,59,59
599,1486,73,73,0,0,0,0,13,0,0
600,401,0,0,0,0,0,73,0,73,0
601,1285,67,0,0,0,0,0,26,26,0
602,0,0,0,0,0,0,0,0,60,40
603,14054,0,97,0,0,0,0,0,0,0
604,38563,39,0,0,0,0,0,0,0,0
605,0,0,0,92,92,92,0,0,0,0
606,0,0,0,0,0,101,0,0,0,0
607,0,56,73,0,0,0,0,0,56,0
608,0,0,0,0,0,0,40,0,0,40
609,0,56,56,0,0,0,0,0,67,67
610,3000,0,42,0,0,0,0,0,0,0
611,0,0,0,0,0,0,0,0,0,97
612,33805,0,0,92,0,0,0,0,0,0
613,0,0,0,0,0,0,41,0,0,56
614,245,67,0,0,0,0,0,0,24,0
615,0,67,67,0,0,0,0,24,24,0
616,0,60,67,0,0,0,0,0,0,0
617,0,0,0,0,0,0,67,0,60,0
618,5238,58,63,0,0,0,0,0,0,0
619,0,0,0,0,0,0,0,0,63,58
620,0,0,0,0,0,0,41,0,0,63
621,4881,0,74,0,0,0,0,27,0,0
622,0,0,0,0,67,0,0,67,63,63
623,312,41,63,0,0,0,67,0,0,0
624,544,58,0,0,0,0,0,0,0,58
625,0,0,0,0,0,0,73,0,63,63
626,0,0,0,0,41,0,0,0,0,0
627,14866,86,0,0,0,0,0,0,0,0
628,0,0,0,0,0,0,105,0,105,0
629,0,25,25,0,0,0,41,0,0,0
630,0,0,0,0,0,0,105,105,105,0
631,2088,67,0,0,0,0,0,0,56,56
632,0,0,0,0,0,0,67,67,0,0
633,502,2,2,0,0,0,0,0,26,0
634,41560,0,0,0,0,0,0,13,0,0
635,0,0,0,0,63,63,0,63,63,63
636,299,0,0,0,0,0,54,0,0,0
637,0,0,0,0,0,0,45,0,0,45
638,0,41,56,0,0,0,0,0,60,0
639,3167,41,0,0,0,0,0,0,56,0
640,0,60,60,0,0,0,0,63,63,0
641,5993,54,0,0,0,0,0,0,0,0
642,0,0,0,0,0,0,53,0,0,0
643,1035,67,41,0,0,0,0,0,56,0
644,536,0,0,0,0,0,24,27,0,0
645,9899,41,0,0,0,0,0,27,0,0
646,5607,104,104,0,0,0,0,0,0,0
647,0,2,2,0,0,0,0,0,67,67
648,0,0,58,0,0,0,67,0,0,0
649,9339,77,77,0,0,0,0,0,0,0
650,0,67,0,0,0,0,27,0,0,0
651,0,2,2,0,0,0,0,0,26,26
652,0,63,57,0,0,0,0,0,0,0
653,0,0,0,0,0,0,0,0,103,103
654,662,41,79,0,0,0,0,0,0,0
655,0,0,56,0,0,0,0,0,56,56
656,0,0,67,0,0,0,41,0,63,0
657,662,0,67,0,0,0,67,0,0,0
658,0,0,92,0,0,0,0,0,67,0
659,3850,0,35,0,0,0,0,0,0,0
660,226,8,67,0,0,0,0,0,0,0
661,0,0,0,0,0,0,45,0,60,0
662,550,0,41,0,0,0,41,0,0,0
663,0,0,0,92,0,0,0,0,67,0
664,282,36,0,0,0,0,0,27,0,0
665,0,2,2,0,0,0,0,0,28,0
666,0,0,0,0,0,0,0,0,26,63
667,0,60,60,0,0,0,55,0,55,0
668,0,0,0,0,0,0,43,0,0,0
669,11823,0,65,0,0,0,0,0,0,0
670,0,0,0,0,101,101,0,101,101,101
671,0,0,0,0,0,0,0,97,97,97
672,0,0,0,0,97,0,0,97,97,97
673,0,92,92,0,0,0,0,0,67,0
674,213,0,58,0,0,0,41,0,0,0
675,0,41,41,0,0,0,0,0,0,63
676,0,74,56,0,0,0,0,0,0,0
677,0,6,6,0,0,0,67,0,0,0
678,0,90,0,0,0,0,0,0,0,0
679,0,42,42,0,0,0,45,0,0,0
680,0,56,45,0,0,0,0,0,0,0
681,11127,79,0,0,0,0,0,0,0,0
682,3379,0,43,0,0,0,0,0,0,0
683,627,63,63,0,0,0,0,0,0,56
684,0,0,0,0,0,0,0,105,105,0
685,0,59,59,0,0,73,0,0,73,0
686,3791,104,0,0,0,0,0,0,0,0
687,303,63,47,0,0,0,0,0,0,0
688,0,58,0,0,0,0,0,0,67,0
689,0,57,57,0,0,0,67,0,63,0
690,752,50,50,0,0,0,0,0,0,0
691,0,0,0,0,0,0,41,0,67,0
692,0,0,0,0,0,0,0,0,104,104
693,774,104,104,0,0,0,0,0,104,0
694,6591,0,67,0,0,0,0,0,56,0
695,0,0,92,0,0,0,0,0,67,67
696,0,0,0,92,0,0,0,92,67,67
697,2373,67,92,0,0,0,0,0,0,0
698,0,0,0,0,0,0,0,0,73,56
699,2740,73,73,0,0,0,0,0,56,0
700,0,0,0,0,0,0,0,0,60,63
701,0,0,0,0,0,0,25,0,25,25
702,0,0,0,0,0,0,0,0,56,58
703,0,58,57,0,0,0,0,0,63,0
704,0,0,0,0,0,0,27,0,0,63
705,2664,67,41,0,0,0,0,27,0,0
706,869,0,0,0,0,0,0,0,25,0
707,0,63,63,0,0,0,0,0,0,26
708,18059,63,41,0,0,0,0,0,0,0
709,0,57,57,0,0,0,63,0,63,0
710,2200,48,48,0,0,0,0,0,0,0
711,0,63,63,0,0,0,0,0,0,41
712,671,67,67,0,0,0,0,26,26,0
713,0,0,0,0,67,0,0,67,67,0
714,23488,92,0,0,0,0,0,0,0,0
715,223,0,67,0,0,0,0,0,0,63
716,0,92,92,0,0,0,0,63,63,63
717,2950,0,67,0,0,0,0,0,56,56
718,0,0,0,0,0,0,63,0,0,63
719,0,0,0,0,0,0,98,0,98,0
720,424,0,0,0,0,0,47,0,0,0
721,0,56,56,0,0,0,0,0,73,73
722,0,0,0,0,0,0,52,0,0,0
723,0,73,60,0,0,0,0,0,0,0
724,0,60,60,0,0,0,41,0,63,0
725,215,63,63,0,0,0,0,0,0,58
726,0,67,54,0,0,0,0,0,0,0
727,23310,95,67,0,0,0,0,0,0,0
728,13449,95,63,0,0,0,0,0,0,0
729,0,57,57,0,0,0,0,95,63,0
730,0,56,0,0,0,0,0,0,63,0
731,10499,63,0,0,0,0,0,0,56,0
732,0,67,67,0,0,0,0,63,0,0
733,17980,67,95,0,0,0,0,0,0,0
734,53157,0,95,0,0,0,0,0,0,0
735,0,0,0,0,0,0,95,0,95,0
736,13222,34,0,0,0,0,0,0,0,0
737,255,79,67,0,0,0,0,0,0,0
738,270,34,86,0,0,0,0,0,0,0
739,0,57,57,0,0,0,63,63,63,0
740,0,57,57,0,0,0,73,73,73,73
741,0,57,57,0,0,0,63,63,63,63
742,0,57,57,0,0,0,73,0,73,73
743,0,57,57,0,0,0,73,0,73,0
744,380,0,0,0,0,0,67,0,63,0
745,0,0,0,92,0,0,0,92,63,63
746,786,41,41,0,0,0,0,0,57,0
747,2978,58,0,0,0,0,0,27,0,0
748,0,59,59,0,0,0,0,27,0,0
749,0,59,59,0,0,0,0,27,63,0
750,0,58,58,0,0,0,0,0,59,0
751,0,0,0,0,0,0,0,0,67,58
752,0,59,59,0,67,0,0,0,0,0
753,141,58,58,0,0,0,0,0,57,57
754,37122,63,0,0,0,0,0,27,0,0
755,0,0,0,0,0,0,66,0,63,0
756,0,0,0,0,0,0,27,0,73,73
757,0,67,67,0,0,0,92,0,0,0
758,0,0,67,0,0,0,27,0,63,63
759,243,73,73,0,0,0,41,0,0,0
760,0,59,59,0,73,0,0,73,73,0
761,360,67,41,0,0,0,0,0,26,0
762,417,0,67,0,0,0,0,0,0,56
763,1493,26,26,0,0,0,0,27,0,0
764,0,0,0,0,0,0,27,0,0,26
765,18701,97,97,0,0,0,0,0,0,0
766,0,63,63,0,0,0,0,0,0,24
767,0,67,67,0,0,0,0,24,24,24
768,23816,0,84,0,0,0,0,0,0,0
769,0,0,67,0,0,0,63,0,63,63
770,0,0,0,0,0,0,0,63,0,63
771,0,0,56,0,0,0,0,0,67,0
772,2338,14,14,0,0,0,0,0,0,0
773,0,25,25,0,0,0,0,0,25,0
774,0,60,60,0,0,0,0,0,63,0
775,4464,3,0,0,0,0,0,0,0,0
776,0,0,41,0,0,0,0,0,0,41
777,0,16,16,0,0,0,0,0,63,0
778,0,63,24,0,0,0,0,0,0,0
779,673,0,0,0,0,0,0,0,56,63
780,284,67,0,0,0,0,0,0,0,56
781,0,41,41,0,0,0,0,0,63,63
782,0,41,74,0,0,0,0,0,0,0
783,0,0,0,0,0,0,63,0,63,63
784,1976,41,67,0,0,0,0,0,60,0
785,0,0,67,0,0,0,0,0,0,73
786,0,60,63,0,0,0,41,0,0,0
787,0,60,56,0,0,0,0,0,0,0
788,257,0,0,0,0,0,0,27,26,26
789,2470,0,0,0,0,0,0,26,26,0
790,0,0,0,0,0,0,0,0,26,67
791,0,67,67,0,0,0,0,27,26,0
792,539,67,26,0,0,0,0,27,0,0
793,0,0,0,0,0,0,0,45,0,0
794,3508,0,1,0,0,0,0,0,0,0
795,0,0,0,0,0,0,0,47,0,0
796,0,0,0,0,0,0,0,0,105,105
797,0,56,63,0,0,0,0,0,0,0
798,1386,74,63,0,0,0,0,0,0,0
799,0,67,67,0,0,0,0,0,63,63
800,0,63,63,0,0,67,0,0,0,0
801,306,41,67,0,0,0,0,0,26,0
802,14871,0,74,0,0,0,0,0,0,0
803,0,57,57,0,0,0,0,0,0,41
804,0,16,16,0,0,0,0,0,57,0
805,0,0,57,0,0,0,41,0,0,0
806,0,57,57,0,0,0,0,0,67,0
807,29355,0,32,0,0,0,0,0,0,0
808,14135,103,103,0,0,0,0,0,0,0
809,14129,105,105,0,0,0,0,0,0,0
810,0,0,44,0,0,0,45,0,0,0
811,0,0,0,0,0,0,0,54,0,0
812,0,0,0,92,0,0,0,92,67,0
813,234,73,73,0,0,0,0,0,63,63
814,8276,67,73,0,0,0,0,0,0,0
815,4328,67,67,0,0,0,0,0,63,0
816,1191,63,63,0,0,0,0,0,41,0
817,0,0,0,0,0,0,0,0,90,0
818,0,67,67,0,0,0,41,0,60,0
819,0,67,67,0,0,0,41,0,63,0
820,0,0,0,0,90,90,0,90,90,0
821,0,67,67,0,0,0,90,90,0,0
822,0,90,90,0,0,0,0,0,0,0
823,0,45,42,0,0,0,0,0,60,0
824,27561,67,63,0,0,0,0,0,0,0
825,0,63,0,0,0,0,0,0,0,41
826,0,59,59,0,0,0,65,0,0,0
827,0,59,59,0,0,0,0,73,0,0
828,0,0,0,0,0,0,41,0,59,59
829,0,59,59,0,0,0,73,73,0,0
830,0,59,59,0,0,0,67,0,67,0
831,0,59,59,0,0,0,67,67,67,0
832,0,67,67,0,0,0,0,63,63,0
833,0,41,65,0,0,0,0,0,0,0
834,0,0,0,0,0,0,67,0,0,63
835,0,92,0,0,0,0,0,0,63,63
836,0,59,59,0,0,0,0,0,63,63
837,216,67,67,0,0,0,0,0,83,0
838,227,41,41,0,0,0,0,0,26,0
839,555,67,67,0,0,0,0,26,0,0
840,0,0,0,0,0,0,24,0,0,0
841,0,63,63,0,0,0,0,67,67,0
842,1222,67,0,0,0,0,0,0,59,0
843,307,47,63,0,0,0,0,0,0,0
844,0,56,56,0,0,0,0,0,60,0
845,0,0,0,0,0,0,0,0,97,97
846,9829,65,0,0,0,0,0,0,0,0
847,0,0,0,0,0,0,0,0,0,65
848,598,63,63,0,0,0,0,0,26,0
849,3583,0,108,0,0,0,0,27,0,0
850,577,109,109,0,0,0,0,27,0,0
851,1129,0,67,0,0,0,0,0,57,57
852,0,0,0,0,101,0,0,0,0,0
853,0,56,67,0,0,0,0,0,0,0
854,0,0,0,0,0,101,0,101,0,0
855,1374,67,28,0,0,0,0,0,0,0
856,0,73,73,0,0,0,0,27,0,56
857,0,57,57,0,0,0,0,63,63,63
858,174,0,0,0,0,0,0,0,25,25
859,0,56,56,0,0,0,0,0,57,57
860,312,16,67,0,0,0,0,0,0,0
861,0,0,0,0,0,0,97,97,97,97
862,9699,66,0,0,0,0,0,0,0,0
863,0,0,0,0,0,0,90,0,90,67
864,0,0,90,0,0,0,0,0,0,0
865,0,0,0,0,90,90,90,90,90,0
866,0,63,63,0,0,0,90,90,0,0
867,0,0,0,0,0,0,89,0,90,0
868,0,73,73,0,0,0,90,90,0,0
869,718,63,40,0,0,0,0,0,0,0
870,18127,3,3,0,0,0,0,0,0,0
871,4338,0,3,0,0,0,0,0,0,0
872,0,0,26,0,0,0,0,0,26,26
873,0,67,60,0,0,0,0,0,63,0
874,0,60,60,0,0,0,0,63,63,63
875,0,0,0,0,0,92,0,0,0,0
876,0,0,0,0,73,73,0,73,73,73
877,433,62,62,0,0,0,0,0,56,0
878,6104,76,76,0,0,0,0,0,0,0
879,0,0,0,0,0,0,0,39,0,0
880,2856,72,0,0,0,0,0,0,0,0
881,0,0,0,0,67,0,0,0,67,0
882,0,0,0,0,0,0,0,0,94,94
883,0,41,57,0,0,0,0,0,63,0
884,5229,54,54,0,0,0,0,0,0,0
885,0,56,56,0,0,0,0,0,56,56
886,0,56,56,0,0,0,67,0,0,0
887,2101,0,0,0,73,0,0,0,0,0
888,0,57,57,0,0,0,0,0,0,57
889,0,57,57,0,0,0,67,67,67,0
890,3871,0,49,0,0,0,0,0,0,0
891,0,41,59,0,0,0,0,0,0,0
892,0,86,0,0,0,0,0,0,86,0
893,0,0,0,92,92,92,0,92,0,0
894,0,67,67,0,0,0,26,0,0,26
895,0,59,59,0,0,0,77,0,0,0
896,0,57,57,0,0,0,0,0,0,63
897,0,0,0,0,40,0,0,0,0,0
898,0,60,43,0,0,0,0,0,0,0
899,0,43,43,0,0,0,0,0,60,0
900,0,0,0,0,0,0,43,0,0,60
901,0,0,57,0,0,0,0,0,73,0
902,0,0,0,0,39,0,0,39,0,0
903,0,0,0,0,0,0,50,0,0,0
904,1534,64,64,0,0,0,0,0,0,0
905,2698,63,63,0,0,0,0,13,0,0
906,0,60,0,0,0,0,67,0,0,0
907,0,0,115,0,0,0,0,0,0,0
908,218,47,39,0,0,0,0,0,0,0
909,0,0,0,0,0,0,47,47,0,0
910,0,60,60,0,0,0,43,0,0,0
911,0,43,43,0,0,0,0,0,45,0
912,0,92,0,0,0,67,0,67,0,0
913,317,0,73,0,0,0,0,0,73,0
914,582,67,62,0,0,0,0,0,0,0
915,4119,0,64,0,0,0,0,0,0,0
916,0,0,0,0,0,0,0,0,56,64
917,0,60,60,0,0,0,67,0,0,0
918,0,60,0,0,0,0,0,0,63,0
919,0,60,60,0,0,0,73,0,73,0
920,3368,0,48,0,0,0,0,0,0,0
921,0,0,0,0,40,0,0,40,0,0
922,0,59,59,0,0,0,0,0,59,59
923,364,39,79,0,0,0,0,0,0,0
924,1939,14,0,0,0,0,0,0,0,0
925,0,67,60,0,0,0,0,0,0,0
926,7316,63,63,0,0,0,0,0,56,56
927,0,60,60,0,0,0,73,0,0,0
928,0,60,60,0,0,0,0,0,56,56
929,0,73,73,0,0,0,0,0,0,56
930,0,67,67,0,0,0,0,0,0,56
931,0,67,67,0,0,0,0,0,0,60
932,11684,97,0,0,0,0,0,0,0,0
933,3070,58,67,0,0,0,0,0,0,0
934,0,0,0,0,0,0,63,63,63,0
935,8675,0,103,0,0,0,0,0,0,0
936,4482,63,63,0,0,0,0,0,63,0
937,0,41,60,0,0,0,0,0,56,56
938,0,60,41,0,0,0,0,0,56,0
939,2933,67,58,0,0,0,0,0,0,0
940,0,60,58,0,0,0,0,0,0,0
941,0,63,60,0,0,0,0,0,0,0
942,0,0,56,0,0,0,0,27,0,0
943,2773,63,63,0,0,0,0,27,56,0
944,1810,0,63,0,0,0,41,0,0,0
945,1887,41,67,0,0,0,0,0,63,0
946,8542,0,0,33,0,0,0,0,0,0
947,807,0,102,0,0,0,0,0,0,0
948,489,2,2,0,0,0,0,67,0,0
949,445,67,0,0,0,0,0,24,24,0
950,7367,8,0,0,0,0,0,0,0,0
951,5655,63,58,0,0,0,0,0,0,0
952,242,74,0,0,0,0,0,0,63,0
953,0,56,56,0,0,0,45,0,0,0
954,0,0,0,0,0,0,64,0,0,0
955,0,67,67,0,0,0,45,0,0,0
956,1382,75,75,0,0,0,0,0,0,0
957,0,92,92,0,0,0,67,0,67,0
958,0,92,92,0,67,0,0,67,67,0
959,0,73,0,0,0,0,27,0,0,0
960,52977,80,80,0,0,0,0,0,0,0
961,333,0,0,47,0,0,0,0,0,0
962,17653,0,47,0,0,0,0,0,0,0
963,0,79,79,0,0,0,0,27,0,0
964,6234,0,27,0,0,0,0,0,0,0
965,530,27,27,0,0,0,0,27,0,0
966,4151,0,0,0,115,115,0,0,0,0
967,14338,0,76,0,0,0,0,0,0,0
968,0,60,60,0,0,0,0,0,67,67
969,0,60,0,0,0,0,0,0,56,56
970,0,63,63,0,0,0,67,67,0,0
971,669,0,0,0,0,0,0,27,0,63
972,5182,0,41,0,0,0,0,0,60,0
973,0,25,25,0,0,0,0,0,56,0
974,37657,0,63,0,0,0,0,27,0,0
975,42385,63,63,0,0,0,0,27,0,0
976,662,0,0,0,0,0,73,27,0,0
977,5881,0,26,0,0,0,0,27,0,0
978,0,0,67,0,0,0,0,63,63,63
979,0,41,41,0,0,0,0,63,0,0
980,0,0,56,0,0,0,0,0,63,63
981,432,63,0,0,0,0,0,0,0,56
982,2068,41,58,0,0,0,0,0,0,0
983,632,0,0,0,0,0,82,0,0,0
984,0,0,0,0,0,0,41,0,0,58
985,0,0,0,0,0,0,0,0,59,63
986,0,0,0,0,0,0,41,0,0,60
987,239,0,0,0,0,0,76,0,0,0
988,752,0,0,0,0,0,105,0,0,0
989,0,0,0,0,0,0,0,0,100,100
990,0,0,0,0,100,0,0,100,100,100
991,0,0,0,0,101,0,0,101,101,0
992,0,100,100,0,0,0,0,0,100,0
993,1535,0,67,0,0,0,0,26,0,0
994,0,26,26,0,0,0,0,0,0,28
995,1339,63,79,0,0,0,0,0,0,0
996,0,0,0,0,0,0,0,0,80,80
997,0,0,67,0,0,0,26,0,26,0
998,0,0,92,0,0,0,0,0,63,63
999,17811,0,28,0,0,0,0,0,0,0
1000,0,0,0,0,0,0,0,0,56,73
1001,3012,0,40,0,0,0,0,27,0,0
1002,12629,0,0,0,0,0,110,0,0,0
1003,0,26,0,0,0,0,0,0,26,26
1004,829,0,26,0,0,0,0,0,26,0
1005,0,60,60,0,0,0,0,27,0,0
1006,0,0,0,0,0,0,27,0,0,28
1007,685,28,67,0,0,0,0,27,0,0
1008,0,0,0,0,0,0,41,0,56,41
1009,0,0,0,0,0,0,0,0,67,39
1010,0,24,0,0,0,0,0,27,0,0
1011,2784,67,67,0,0,0,0,0,60,0
1012,0,0,0,0,0,0,67,0,67,56
1013,0,60,63,0,0,0,0,0,56,0
1014,8485,0,66,0,0,0,0,0,0,0
1015,1295,63,63,0,0,0,0,0,60,60
1016,5897,0,63,0,0,0,0,0,60,0
1017,0,0,0,0,0,0,27,0,63,0
1018,0,0,0,0,0,0,0,0,24,67
1019,0,0,0,0,0,0,0,0,73,41
1020,13634,73,73,0,0,0,0,27,0,0
1021,0,60,41,0,0,0,0,0,63,0
1022,1523,0,0,0,0,0,0,26,26,26
1023,0,0,0,0,0,0,0,100,100,100
1024,0,0,0,0,0,0,0,100,100,0
1025,0,0,0,92,0,0,0,92,0,67
1026,3313,92,67,0,0,0,0,0,0,0
1027,0,60,60,0,0,0,0,0,0,56
1028,367,63,41,0,0,0,0,0,56,56
1029,0,25,25,0,0,0,0,0,26,26
1030,0,0,0,0,0,0,0,25,25,25
1031,0,25,25,0,0,0,0,0,67,0
1032,0,0,0,92,67,0,0,92,0,0
1033,0,58,56,0,0,0,0,0,0,0
1034,0,39,39,0,0,0,39,0,0,0
1035,509,41,42,0,0,0,0,0,0,0
1036,0,67,0,0,0,0,0,0,0,60
1037,204,95,95,0,0,0,0,0,56,0
1038,0,45,57,0,0,0,0,0,0,0
1039,0,43,43,0,0,0,0,0,0,45
1040,1964,45,44,0,0,0,0,0,0,0
1041,0,44,44,0,0,0,0,0,0,45
1042,0,55,60,0,0,0,0,0,0,0
1043,5860,35,0,0,0,0,0,0,0,0
1044,0,92,0,0,67,0,0,0,0,0
1045,0,92,0,0,0,0,67,0,67,0
1046,0,92,0,0,0,0,0,0,67,0
1047,0,0,0,0,0,0,0,0,67,59
1048,0,60,60,0,0,0,41,0,0,0
1049,420,0,41,0,0,0,0,0,67,0
1050,0,73,0,0,0,0,0,0,63,63
1051,0,56,60,0,0,0,0,0,56,0
1052,0,41,0,0,0,0,0,0,0,58
1053,0,58,59,0,0,0,0,0,0,0
1054,378,0,0,0,0,0,0,0,0,38
1055,0,59,63,0,0,0,0,0,0,0
1056,0,0,0,0,0,0,67,0,59,59
1057,1738,63,41,0,0,0,0,0,56,0
1058,373,92,0,0,0,0,0,0,63,0
1059,0,59,59,0,0,0,0,63,0,0
1060,0,58,58,92,0,0,0,0,0,0
1061,0,0,0,0,63,0,0,63,63,63
1062,0,0,0,0,0,0,92,0,92,63
1063,0,59,73,0,0,0,0,0,0,0
1064,12850,0,108,0,0,0,0,0,0,0
1065,1120,63,95,0,0,0,0,27,0,0
1066,14396,0,41,0,0,0,0,27,0,0
1067,1442,0,0,0,73,73,0,73,0,0
1068,0,25,41,0,0,0,0,0,0,0
1069,0,26,26,0,0,0,26,0,0,0
1070,0,25,25,0,0,0,67,0,67,0
1071,0,56,39,0,0,0,0,0,0,0
1072,0,0,62,0,0,0,0,0,63,0
1073,0,57,57,0,0,0,67,0,0,0
1074,251,2,2,0,0,0,0,0,56,0
1075,690,42,42,0,0,0,0,0,0,0
1076,208,73,73,0,0,0,0,26,26,0
1077,0,41,41,0,0,0,0,26,26,0
1078,0,0,0,0,0,0,41,0,26,26
1079,7565,63,63,0,0,0,0,0,67,0
1080,0,0,0,0,67,67,67,0,67,0
1081,0,58,58,0,0,0,0,0,0,41
1082,0,67,34,0,0,0,0,0,0,0
1083,2013,107,0,0,0,0,0,0,0,0
1084,0,67,67,0,0,0,0,0,28,28
1085,0,73,63,0,0,0,67,0,0,0
1086,477,0,0,0,0,0,0,0,97,0
1087,0,0,0,0,0,0,0,0,0,64
1088,0,56,60,0,0,0,0,0,0,0
1089,0,60,60,0,0,0,42,0,0,0
1090,0,0,0,0,0,0,110,0,24,0
1091,0,26,0,0,0,0,0,0,67,0
1092,0,0,0,0,0,0,41,0,67,67
1093,0,0,0,0,0,0,55,0,60,0
1094,9953,0,105,0,0,0,0,0,0,0
1095,11681,0,33,0,0,0,0,0,0,0
1096,0,0,67,0,0,0,0,0,24,24
1097,0,60,40,0,0,0,0,0,0,0
1098,0,59,67,0,0,0,0,0,0,0
1099,0,59,59,0,67,0,0,67,0,0
1100,178,0,0,0,0,0,0,0,0,34
1101,509,0,0,0,0,0,0,0,55,0
1102,0,2,2,0,0,0,0,0,56,56
1103,0,73,65,0,0,0,0,0,0,0
1104,0,60,67,0,0,0,0,0,63,0
1105,766,67,40,0,0,0,0,0,0,0
1106,0,56,0,0,0,0,0,0,0,56
1107,358,0,67,0,0,0,0,0,60,60
1108,0,58,0,0,0,0,0,0,0,41
1109,0,56,56,0,0,0,0,0,67,0
1110,2334,67,39,0,0,0,0,0,0,0
1111,0,0,0,0,0,0,64,0,63,0
1112,14449,38,38,0,0,0,0,0,0,0
1113,0,0,86,0,0,0,0,0,86,0
1114,0,0,0,97,97,97,0,0,0,0
1115,0,0,0,0,67,0,27,67,67,0
1116,1178,41,44,0,0,0,0,0,0,0
1117,0,44,44,0,0,0,45,0,0,0
1118,8456,0,110,0,0,0,0,0,0,0
1119,647,32,38,0,0,0,0,0,0,0
1120,0,38,32,0,0,0,0,0,0,0
1121,20603,0,38,0,0,0,0,0,0,0
1122,1277,63,63,0,0,0,0,27,56,56
1123,336,67,67,0,0,0,0,27,56,0
1124,0,56,56,0,0,0,0,0,73,0
1125,2432,0,39,0,0,0,0,27,0,0
1126,0,0,0,0,0,0,0,25,0,0
1127,0,0,0,0,101,0,0,101,0,0
1128,0,1,1,0,0,0,0,24,24,24
1129,0,1,1,0,0,0,24,0,24,0
1130,0,48,48,0,0,0,0,0,60,0
1131,0,0,0,0,0,0,0,67,63,63
1132,0,58,57,0,0,0,0,0,0,0
1133,623,0,0,0,0,0,26,0,0,0
1134,0,0,0,0,0,0,90,90,90,90
1135,0,0,0,0,0,0,0,0,67,36
1136,0,0,0,0,0,39,0,0,0,0
1137,334,2,2,0,0,0,67,0,0,0
1138,0,67,67,0,0,0,26,0,26,0
1139,0,56,0,0,0,0,41,0,0,0
1140,0,56,0,0,0,0,0,27,0,0
1141,5038,26,0,0,0,0,0,27,0,0
1142,0,45,69,0,0,0,0,0,0,0
1143,1196,95,67,0,0,0,0,0,63,0
1144,253,2,26,0,0,0,0,0,0,0
1145,17701,32,32,0,0,0,0,0,0,0
1146,949,4,0,0,0,0,0,0,0,0
1147,0,73,73,0,0,0,26,0,26,0
1148,0,0,0,101,101,101,0,101,0,0
1149,0,67,0,0,0,0,41,0,0,41
1150,290,101,101,0,0,0,0,0,101,0
1151,0,0,0,0,0,0,0,0,0,107
1152,7180,110,0,0,0,0,0,0,0,0
1153,0,26,0,0,0,0,110,0,0,0
1154,0,63,63,0,0,0,0,0,60,41
1155,8457,0,45,0,0,0,0,0,0,0
1156,449,79,0,0,0,0,0,27,0,0
1157,0,57,57,0,0,0,67,0,67,0
1158,259,0,0,0,0,0,45,0,45,0
1159,233,67,42,0,0,0,0,0,0,0
1160,2389,53,0,0,0,0,0,0,0,0
1161,7540,103,0,0,0,0,0,0,0,0
1162,0,57,41,0,0,0,0,0,63,0
1163,0,59,59,0,0,0,0,0,0,63
1164,0,59,59,0,0,0,0,63,63,0
1165,0,60,60,0,0,0,0,0,45,0
1166,0,63,56,0,0,0,0,0,60,0
1167,702,41,45,0,0,0,0,0,0,0
1168,602,73,26,0,0,0,0,0,0,0
1169,0,0,0,0,0,0,105,0,105,105
1170,2043,63,76,0,0,0,0,0,0,0
1171,0,0,0,0,67,0,0,0,26,26
1172,3188,63,63,0,0,0,41,0,0,0
1173,371,63,67,0,0,0,73,0,0,0
1174,1975,67,41,0,0,0,0,0,63,0
1175,0,0,95,0,0,0,0,0,63,63
1176,0,0,95,0,0,0,0,63,63,63
1177,1119,73,73,0,0,0,0,0,59,0
1178,0,45,45,0,0,0,47,0,0,0
1179,0,0,0,0,0,0,102,0,102,0
1180,0,0,0,0,0,0,0,49,0,0
1181,1215,52,52,0,0,0,0,0,0,0
1182,5173,108,108,0,0,0,0,0,0,0
1183,0,2,2,0,67,0,0,67,0,0
1184,5863,27,0,0,0,0,0,0,0,0
1185,7222,0,78,0,0,0,0,0,0,0
1186,0,56,67,0,0,0,0,0,63,0
1187,0,67,57,0,0,0,0,0,0,0
1188,0,58,0,0,0,0,67,0,0,0
1189,3018,0,75,0,0,0,0,0,0,0
1190,0,92,0,0,0,67,0,0,0,0
1191,3852,0,67,92,0,0,0,0,0,0
1192,990,95,63,0,0,0,0,27,0,0
1193,0,0,26,0,0,0,0,0,67,0
1194,912,73,0,0,0,0,0,0,56,56
1195,0,60,60,0,0,0,0,0,63,63
1196,7697,0,54,0,0,0,0,0,0,0
1197,454,44,45,0,0,0,0,0,0,0
1198,0,0,0,0,0,0,67,0,63,67
1199,0,41,60,0,0,0,0,0,63,0
1200,0,41,0,0,0,0,110,0,0,0
1201,0,0,24,0,0,0,110,0,0,0
1202,350,0,5,0,0,0,0,0,0,0
1203,0,67,67,0,0,0,0,0,59,59
1204,2821,41,67,0,0,0,0,27,0,0
1205,0,41,41,0,0,0,0,0,24,0
1206,427,0,41,0,0,0,67,0,0,0
1207,0,0,58,0,0,0,0,0,0,41
1208,0,1,1,0,0,0,0,24,24,0
1209,0,1,24,0,0,0,0,0,0,0
1210,0,24,1,0,0,0,0,0,0,0
1211,6629,1,1,0,0,0,0,24,0,0
1212,769,98,98,0,0,0,0,0,0,0
1213,0,0,67,0,0,0,0,0,0,60
1214,0,59,59,0,0,0,41,0,0,0
1215,0,0,92,0,0,0,67,0,0,0
1216,0,59,59,0,0,0,63,0,0,0
1217,0,59,41,0,0,0,0,0,0,0
1218,298,0,0,73,0,0,0,0,0,0
1219,5749,0,55,0,0,0,0,0,0,0
1220,5953,55,0,0,0,0,0,0,0,0
1221,0,0,0,92,92,92,0,92,63,63
1222,0,0,60,0,0,0,0,0,56,56
1223,229,0,41,0,0,0,0,0,73,0
1224,0,56,56,0,0,0,0,67,0,0
1225,0,67,67,0,0,0,0,0,0,26
1226,0,67,63,0,0,0,0,0,95,0
1227,0,63,63,0,0,0,0,41,0,41
1228,239,67,67,0,0,0,0,0,24,0
1229,0,24,24,0,0,0,0,0,26,0
1230,0,42,42,0,0,0,0,0,60,0
1231,0,0,0,92,0,0,67,0,0,0
1232,426,5,0,0,0,0,0,0,0,0
1233,0,67,67,92,0,0,0,0,26,0
1234,0,67,67,0,0,0,0,0,24,24
1235,0,57,57,0,0,0,67,0,67,67
1236,1627,73,67,0,0,0,0,0,63,0
1237,0,66,56,0,0,0,0,0,0,0
1238,759,39,63,0,0,0,0,0,0,0
1239,0,57,57,0,73,73,0,0,0,0
1240,0,59,59,0,73,0,0,0,0,0
1241,0,56,41,0,0,0,0,0,60,0
1242,0,56,0,0,0,0,0,0,67,0
1243,1813,67,83,0,0,0,0,0,0,0
1244,0,41,67,0,0,0,0,63,63,0
1245,0,2,2,0,0,0,0,0,67,0
1246,8882,0,28,0,0,0,0,27,0,0
1247,203,3,3,0,0,0,0,27,0,0
1248,722,0,0,0,0,0,0,27,0,28
1249,7734,28,0,0,0,0,0,27,0,0
1250,0,0,0,0,0,101,0,0,101,0
1251,0,0,0,0,0,0,101,101,101,0
1252,1745,108,0,0,0,0,0,27,0,0
1253,463,34,34,0,0,0,0,27,0,0
1254,1136,0,0,0,0,0,110,27,0,0
1255,8537,0,0,0,0,0,0,27,63,0
1256,494,0,58,0,0,0,0,0,0,58
1257,1482,0,7,0,0,0,0,0,0,0
1258,852,83,26,0,0,0,0,0,0,0
1259,0,67,0,0,0,0,0,0,0,28
1260,0,59,59,0,0,0,0,67,0,0
1261,0,59,0,0,0,0,0,0,67,0
1262,0,0,0,0,0,0,28,0,0,28
1263,0,41,41,0,0,0,44,0,0,0
1264,0,67,60,0,0,0,41,0,0,0
1265,3634,49,0,0,0,0,0,0,0,0
1266,1768,0,67,0,0,0,0,26,26,0
1267,0,112,112,0,0,0,0,0,0,0
1268,0,25,25,0,0,0,27,0,0,0
1269,0,32,39,0,0,0,0,0,0,0
1270,512,39,26,0,0,0,0,0,0,0
1271,3186,2,67,0,0,0,0,0,0,0
1272,0,56,56,0,0,0,0,0,63,0
1273,0,67,67,0,0,0,0,0,0,36
1274,839,0,0,0,0,0,0,0,0,33
1275,1811,52,0,0,0,0,0,0,0,0
1276,0,0,111,0,0,0,0,0,0,0
1277,1802,0,0,0,0,0,27,27,0,0
1278,0,0,0,0,0,0,97,0,0,97
1279,0,0,0,0,0,0,0,0,0,79
1280,0,111,111,0,0,0,0,0,0,0
1281,338,26,1,0,0,0,0,0,0,0
1282,0,60,60,0,0,0,0,0,60,0
1283,0,0,67,0,0,0,26,0,26,26
1284,0,24,24,0,0,0,67,67,0,0
1285,0,74,74,0,0,0,0,0,56,0
1286,1033,0,50,0,0,0,0,0,0,0
1287,195,47,49,0,0,0,0,0,0,0
1288,0,0,0,92,0,0,0,0,26,0
1289,0,67,44,0,0,0,0,0,0,0
1290,1060,51,0,0,0,0,0,0,0,0
1291,0,0,0,0,0,0,0,46,0,0
1292,0,0,0,0,0,0,46,46,0,0
1293,0,63,63,0,0,0,0,95,95,0
1294,0,0,0,0,0,0,0,0,0,105
1295,0,57,57,0,0,0,65,0,0,0
1296,1550,4,4,0,0,0,0,0,0,0
1297,0,57,57,0,0,0,41,0,63,0
1298,686,0,0,84,0,0,0,0,0,0
1299,0,0,0,0,0,0,84,0,84,0
1300,0,0,0,0,0,0,84,0,84,84
1301,0,0,0,0,81,0,0,81,81,0
1302,42186,0,80,0,0,0,0,0,0,0
1303,540,25,67,0,0,0,0,0,0,0
1304,1022,67,67,0,0,0,0,0,56,56
1305,691,69,69,0,0,0,0,0,0,0
1306,2090,58,41,0,0,0,0,0,0,0
1307,678,0,58,0,0,0,0,0,56,56
1308,0,45,45,0,0,0,0,44,0,0
1309,0,0,67,0,0,0,0,0,0,28
1310,0,25,25,0,0,0,0,0,0,26
1311,0,67,56,0,0,0,0,0,56,0
1312,0,90,89,0,0,0,0,0,0,0
1313,0,0,92,0,0,0,67,0,67,0
1314,1332,41,39,0,0,0,0,0,0,0
1315,21975,94,0,0,0,0,0,0,0,0
1316,385,63,63,0,0,0,41,0,56,0
1317,0,60,60,0,0,0,67,0,63,0
1318,0,0,0,0,0,0,43,0,60,0
1319,0,0,56,0,0,0,67,0,0,0
1320,224,28,26,0,0,0,0,0,0,0
1321,0,39,39,0,0,0,0,0,63,0
1322,0,0,0,0,0,0,64,0,63,63
1323,4771,0,67,0,0,0,0,0,60,0
1324,541,0,0,0,0,0,0,0,104,0
1325,0,24,26,0,0,0,0,0,0,0
1326,0,0,0,0,0,0,0,73,73,0
1327,0,0,0,0,0,0,103,0,103,0
1328,662,118,118,0,0,0,0,0,0,0
1329,0,41,55,0,0,0,0,0,0,0
1330,544,41,41,0,0,0,41,0,0,0
1331,0,41,41,0,0,0,0,0,0,60
1332,0,60,60,0,0,0,45,0,0,45
1333,0,67,67,0,0,0,0,0,41,0
1334,0,57,57,92,0,0,0,0,63,0
1335,0,60,44,0,0,0,0,0,0,0
1336,0,73,73,0,0,0,73,73,0,0
1337,0,67,67,0,0,0,92,92,0,0
1338,5261,63,63,0,0,0,0,0,73,0
1339,0,0,0,0,97,0,0,97,97,0
1340,0,57,57,0,0,0,0,73,73,73
1341,2884,0,0,105,0,0,0,0,0,0
1342,0,60,0,0,0,0,0,27,0,0
1343,0,58,58,0,0,0,67,0,67,0
1344,0,0,58,0,0,0,0,0,0,63
1345,0,0,0,0,0,0,0,97,97,0
1346,671,0,67,0,0,0,0,24,24,0
1347,0,60,56,0,0,0,41,0,0,0
1348,1516,74,67,0,0,0,0,0,0,0
1349,0,0,58,0,0,0,0,0,73,0
1350,324,1,1,0,0,0,0,0,26,0
1351,1731,67,0,0,0,0,0,13,0,0
1352,0,67,59,0,0,0,0,0,0,0
1353,0,59,59,0,0,0,67,0,0,0
1354,0,59,59,0,0,0,73,0,0,0
1355,0,59,59,0,0,0,73,73,73,0
1356,428,67,45,0,0,0,0,0,0,0
1357,0,48,41,0,0,0,0,0,0,0
1358,0,0,0,0,0,0,55,0,0,60
1359,0,60,39,0,0,0,0,0,0,0
1360,0,83,83,0,0,0,0,26,26,0
1361,0,41,24,0,0,0,0,0,0,0
1362,0,43,43,0,0,0,0,0,0,60
1363,0,0,0,0,67,0,27,0,0,0
1364,0,0,41,0,0,0,0,0,0,56
1365,294,0,67,0,0,0,0,0,67,0
1366,0,47,41,0,0,0,0,0,0,0
1367,596,0,18,0,0,0,0,0,0,0
1368,909,18,18,0,0,0,0,0,0,0
1369,0,0,0,0,39,0,0,0,0,0
1370,477,67,25,0,0,0,0,0,0,0
1371,0,57,40,0,0,0,0,0,0,0
1372,452,67,0,0,0,0,0,26,26,26
1373,0,0,0,0,0,0,92,0,92,67
1374,297,32,67,0,0,0,0,0,0,0
1375,2686,41,41,0,0,0,0,0,63,0
1376,824,73,73,0,0,0,0,73,0,0
1377,7854,63,67,0,0,0,0,27,0,0
1378,480,63,63,0,0,0,41,0,60,0
1379,0,57,57,0,0,0,40,0,0,0
1380,279,0,0,0,0,0,0,0,94,0
1381,0,54,54,0,0,0,54,54,0,0
1382,0,0,0,0,0,0,0,0,60,45
1383,2460,63,67,0,0,0,0,0,60,0
1384,0,90,0,0,0,0,0,27,0,0
1385,0,90,90,0,0,0,0,89,89,89
1386,0,90,90,0,0,0,0,27,89,0
1387,0,0,0,0,0,0,90,90,90,0
1388,0,60,60,0,0,0,45,0,0,0
1389,128,39,58,0,0,0,0,0,0,0
1390,0,67,67,0,0,0,0,0,25,0
1391,0,90,90,0,0,0,0,0,89,89
1392,0,0,0,0,0,0,0,0,63,26
1393,1272,41,26,0,0,0,0,0,0,0
1394,0,57,57,0,73,0,0,0,73,0
1395,0,57,57,0,0,0,0,0,0,73
1396,0,0,0,0,0,0,0,0,57,67
1397,1021,0,0,0,0,0,0,0,28,0
1398,1525,63,63,0,0,0,0,95,0,0
1399,0,0,63,0,0,0,0,0,0,41
1400,0,0,56,0,0,0,0,0,63,0
1401,0,59,40,0,0,0,0,0,0,0
1402,0,60,60,0,0,0,45,0,45,0
1403,0,0,0,0,0,0,0,80,80,80
1404,167,0,0,0,0,0,0,0,0,80
1405,0,59,59,0,0,0,67,67,0,0
1406,0,0,0,0,0,0,67,0,0,41
1407,0,63,0,0,0,67,0,0,0,0
1408,0,0,0,0,0,65,0,0,0,0
1409,0,57,0,0,0,0,0,0,0,63
1410,0,57,0,0,0,0,67,0,0,0
1411,0,0,0,0,0,0,100,0,100,100
1412,0,0,0,0,0,0,0,63,0,0
1413,0,73,73,0,0,0,76,0,0,0
1414,0,0,0,0,0,0,0,0,0,61
1415,0,43,43,0,0,0,47,0,0,0
1416,12996,73,0,0,0,0,0,27,0,0
1417,385,26,28,0,0,0,0,0,0,0
1418,0,0,0,0,0,67,0,67,67,0
1419,0,56,0,0,0,0,0,0,60,60
1420,0,56,40,0,0,0,0,0,0,0
1421,0,40,60,0,0,0,0,0,0,0
1422,2024,63,0,0,0,0,41,0,0,0
1423,0,60,56,0,0,0,0,0,63,0
1424,0,73,73,0,0,0,0,0,0,63
1425,0,0,56,0,0,0,0,0,0,41
1426,0,60,41,0,0,0,45,0,0,0
1427,0,0,56,0,0,0,0,0,60,0
1428,0,59,59,0,0,0,0,0,0,67
1429,2469,0,0,0,0,0,0,27,0,56
1430,0,24,24,0,0,0,0,67,0,0
1431,202,62,62,0,0,0,0,0,63,0
1432,309,67,0,0,0,0,0,0,67,0
1433,0,92,92,0,0,0,63,0,63,0
1434,264,0,0,92,0,0,0,0,63,0
1435,0,63,56,0,0,0,0,0,56,0
1436,2536,67,2,0,0,0,0,0,0,0
1437,713,1,67,0,0,0,0,0,0,0
1438,0,2,2,0,0,0,67,0,67,0
1439,0,0,59,0,0,0,0,0,63,0
1440,303,41,2,0,0,0,0,0,0,0
1441,0,67,41,0,0,0,0,0,60,60
1442,972,73,0,0,0,0,0,13,0,0
1443,0,59,59,0,0,0,0,73,73,73
1444,234,89,89,0,0,0,0,27,0,0
1445,0,90,90,0,0,0,0,27,0,0
1446,0,59,95,0,0,0,0,0,0,0
1447,0,67,67,0,0,0,0,0,0,67
1448,365,67,67,0,0,0,41,0,0,0
1449,0,0,0,0,0,0,44,0,0,45
1450,0,56,64,0,0,0,0,0,0,0
1451,0,92,92,0,0,67,0,67,67,0
1452,1111,0,31,0,0,0,0,0,0,0
1453,721,26,0,0,0,0,0,0,26,0
1454,3786,67,0,0,0,0,0,0,57,0
1455,0,0,0,0,0,0,90,0,90,56
1456,0,0,0,92,0,0,27,0,0,0
1457,0,0,2,0,0,0,0,0,67,0
1458,0,0,59,0,0,0,0,0,63,63
1459,0,0,0,0,0,0,110,0,67,0
1460,0,0,0,0,0,0,97,0,97,97
1461,0,57,57,0,0,0,45,0,0,0
1462,0,57,57,0,0,0,67,0,0,67
1463,239,86,86,0,0,0,0,0,56,0
1464,0,0,0,92,0,0,0,0,24,0
1465,244,0,74,0,0,0,0,0,63,0
1466,0,60,0,0,0,0,41,0,0,0
1467,895,73,41,0,0,0,0,27,0,0
1468,3611,41,41,0,0,0,0,27,0,0
1469,293,92,73,0,0,0,0,0,0,0
1470,0,0,73,0,0,0,92,0,0,0
1471,2218,41,63,0,0,0,0,0,60,0
1472,0,0,0,0,0,0,0,27,73,73
1473,549,41,41,0,0,0,0,0,60,60
1474,227,67,16,0,0,0,0,0,0,0
1475,0,60,0,0,0,0,0,0,56,0
1476,0,63,63,0,0,0,0,0,0,59
1477,0,25,25,0,0,0,110,0,0,0
1478,1191,63,63,0,0,0,110,0,0,0
1479,3276,63,92,0,0,0,0,0,0,0
1480,0,59,59,0,0,0,0,0,73,0
1481,0,0,0,0,0,0,0,105,105,105
1482,0,67,57,0,0,0,0,0,63,0
1483,0,56,56,0,0,0,41,0,0,0
1484,0,57,57,0,0,0,63,63,0,0
1485,3696,92,63,0,0,0,0,0,0,0
1486,0,60,0,0,0,0,45,0,0,0
1487,0,0,67,0,0,0,0,0,73,73
1488,0,57,67,0,0,0,0,0,63,0
1489,516,0,67,0,0,0,73,0,0,0
1490,0,63,63,0,0,0,0,0,0,45
1491,0,63,63,0,0,0,45,0,0,0
1492,0,67,67,0,0,0,41,0,0,41
1493,0,0,0,0,0,0,0,63,63,41
1494,606,68,0,0,0,0,0,0,0,0
1495,0,63,63,0,0,0,0,0,0,64
1496,0,73,73,0,0,0,0,0,67,67
1497,0,0,57,0,0,0,0,0,67,0
1498,0,16,41,0,0,0,0,0,0,0
1499,0,58,58,0,0,0,0,0,0,56
1500,896,58,58,0,0,0,0,0,56,0
1501,219,0,0,92,0,0,0,0,56,0
1502,0,60,67,0,0,0,0,0,56,0
1503,224,55,41,0,0,0,0,0,0,0
1504,2922,63,0,92,0,0,0,0,0,0
1505,1536,73,73,0,0,0,0,0,56,56
1506,0,73,0,0,0,0,0,0,0,41
1507,1010,67,0,0,0,0,0,0,57,57
1508,0,0,0,0,63,0,0,0,63,63
1509,0,57,57,0,0,0,0,0,59,0
1510,623,0,0,0,0,0,90,0,0,0
1511,0,2,2,0,0,0,0,0,0,67
1512,0,57,73,0,0,0,0,0,0,0
1513,12133,81,0,0,0,0,0,0,0,0
1514,0,55,55,0,0,0,55,0,0,0
1515,0,73,40,0,0,0,0,0,0,0
1516,0,58,40,0,0,0,0,0,0,0
1517,0,0,0,0,73,0,0,0,73,0
1518,0,56,56,0,0,0,67,0,67,0
1519,0,0,0,0,0,0,26,0,67,0
1520,0,56,0,0,0,0,67,0,0,0
1521,0,56,0,0,0,0,0,0,63,63
1522,0,63,63,0,0,0,0,63,63,63
1523,0,56,0,0,0,0,0,0,56,0
1524,0,0,0,0,0,67,27,67,0,0
1525,0,63,60,0,0,0,0,0,0,41
1526,0,73,73,0,0,0,0,0,0,45
1527,0,73,73,0,0,0,0,0,0,58
1528,0,63,63,0,0,0,0,0,0,57
1529,327,41,41,0,0,0,0,0,59,0
1530,0,92,67,0,67,0,0,67,0,0
1531,0,58,58,0,0,0,0,63,63,63
1532,2543,63,0,0,0,0,0,0,63,0
1533,0,63,60,0,0,0,41,0,0,0
1534,0,0,0,0,0,0,0,0,89,0
1535,0,67,0,0,0,0,26,0,26,0
1536,394,0,0,0,0,0,67,27,0,0
1537,0,56,42,0,0,0,0,0,0,0
1538,2205,0,62,0,0,0,0,27,0,0
1539,0,60,60,0,0,0,0,0,0,63
1540,0,63,56,0,0,0,0,27,0,0
1541,0,45,50,0,0,0,0,0,0,0
1542,0,0,0,0,0,0,67,0,57,0
1543,0,111,0,0,0,0,0,0,0,0
1544,0,59,59,111,0,0,0,0,0,0
1545,0,57,57,111,0,0,0,0,0,0
1546,2995,67,0,92,0,0,0,0,0,0
1547,0,74,74,0,0,0,0,0,63,0
1548,0,63,63,0,0,0,0,0,0,67
1549,0,0,0,0,0,0,26,26,0,0
1550,0,0,0,0,0,0,26,26,26,26
1551,0,41,41,0,0,0,0,0,57,57
1552,0,0,0,0,0,0,26,0,67,26
1553,510,65,63,0,0,0,0,0,0,0
1554,0,0,0,92,0,0,67,0,67,0
1555,0,60,60,92,0,0,0,0,0,0
1556,0,0,0,0,0,0,67,0,67,58
1557,0,0,90,0,0,0,0,89,0,0
1558,0,0,0,0,0,0,26,0,63,0
1559,592,44,41,0,0,0,0,0,0,0
1560,0,0,0,0,0,0,0,0,83,83
1561,465,0,0,0,0,0,0,0,0,83
1562,3603,35,35,0,0,0,0,0,0,0
1563,0,0,0,0,0,0,41,0,60,60
1564,0,0,0,0,63,0,0,63,63,0
1565,0,57,57,0,0,0,0,95,95,0
1566,0,0,0,0,0,0,0,0,73,26
1567,0,57,57,0,67,0,0,67,0,0
1568,0,44,39,0,0,0,0,0,0,0
1569,4347,0,0,92,0,0,0,27,0,0
1570,0,0,0,0,0,0,0,0,0,94
1571,0,0,67,0,0,0,0,24,24,24
1572,0,26,26,0,0,0,0,0,67,67
1573,321,41,41,0,0,0,67,0,0,0
1574,0,67,41,0,0,0,0,63,63,0
1575,0,0,0,0,0,67,0,67,0,63
1576,0,3,67,0,0,0,0,0,0,0
1577,195,0,0,0,0,0,67,27,67,0
1578,0,0,0,92,0,0,67,92,67,67
1579,0,41,67,92,0,0,0,0,0,0
1580,759,58,58,0,0,0,0,27,0,0
1581,307,76,73,0,0,0,0,0,0,0
1582,0,0,41,0,0,0,110,0,0,0
1583,186,84,67,0,0,0,0,0,0,0
1584,432,67,58,0,0,0,0,0,63,0
1585,0,0,0,0,0,0,0,41,63,63
1586,2394,0,0,0,0,0,0,0,41,0
1587,0,0,60,0,0,0,0,0,63,0
1588,352,63,63,0,0,0,41,0,41,0
1589,0,47,47,0,0,0,0,47,0,0
1590,0,0,0,0,0,0,86,0,0,86
1591,0,95,95,0,0,0,0,63,63,0
1592,207,0,41,0,0,0,0,0,26,0
1593,0,44,60,0,0,0,0,0,0,0
1594,0,92,92,0,0,0,0,0,26,0
1595,0,67,67,0,0,0,24,0,24,0
1596,2884,39,67,0,0,0,0,0,0,0
1597,0,92,92,0,67,0,0,67,0,0
1598,0,0,0,92,0,0,63,0,63,0
1599,0,41,41,0,0,0,0,0,26,26
1600,0,0,0,0,0,0,0,41,0,41
1601,2241,0,0,0,0,0,0,0,0,30
1602,19274,84,0,0,0,0,0,0,0,0
1603,0,0,41,0,0,0,0,0,0,26
1604,444,63,26,0,0,0,0,0,0,0
1605,0,67,26,0,0,0,0,0,26,0
1606,1880,0,0,0,0,0,0,101,0,0
1607,0,90,90,0,0,0,0,0,63,0
1608,0,63,63,0,0,0,0,89,0,0
1609,0,67,67,0,0,0,90,0,90,0
1610,2910,0,63,92,0,0,0,0,0,0
1611,783,62,63,0,0,0,0,0,0,0
1612,726,40,39,0,0,0,0,0,0,0
1613,0,56,67,0,0,0,0,0,56,56
1614,0,0,26,0,0,0,67,0,0,0
1615,0,60,63,0,0,0,67,0,0,0
1616,0,6,6,0,0,0,0,0,24,0
1617,0,0,0,0,0,0,0,0,84,84
1618,0,56,58,0,0,0,0,0,0,0
1619,0,0,0,0,67,0,0,67,67,67
1620,0,0,0,0,0,0,67,0,73,0
1621,0,0,0,0,0,0,92,0,63,63
1622,1053,67,0,0,0,0,0,0,26,0
1623,215,73,73,0,0,0,0,67,0,0
1624,0,24,24,0,0,0,0,24,24,0
1625,480,40,63,0,0,0,0,0,0,0
1626,0,67,67,0,0,0,0,0,83,83
1627,0,0,0,0,0,0,26,0,0,26
1628,15674,83,0,0,0,0,0,0,0,0
1629,0,60,60,0,0,0,48,0,0,0
1630,0,0,57,0,0,0,0,0,63,63
1631,1576,64,63,0,0,0,0,0,0,0
1632,0,26,26,0,0,0,0,26,26,26
1633,1983,67,41,0,0,0,0,0,60,0
1634,0,59,59,0,0,0,0,0,0,73
1635,0,57,57,0,0,0,0,0,56,0
1636,0,90,90,0,0,0,0,89,89,0
1637,0,0,0,0,0,0,0,90,90,90
1638,0,90,90,0,0,0,0,0,56,0
1639,0,0,0,0,0,0,0,27,89,89
1640,22298,0,0,0,0,0,0,90,0,0
1641,507,26,39,0,0,0,0,0,0,0
1642,0,41,63,0,0,0,0,0,0,73
1643,2704,0,73,0,0,0,0,0,63,0
1644,0,56,56,0,0,0,0,63,63,0
1645,1642,67,66,0,0,0,0,0,0,0
1646,0,73,73,0,0,0,0,63,63,0
1647,427,66,73,0,0,0,0,0,0,0
1648,1038,0,63,0,0,0,73,0,0,0
1649,0,63,63,0,0,0,0,0,0,60
1650,0,41,67,0,0,0,0,0,26,26
1651,700,0,68,0,0,0,0,0,0,0
1652,0,0,0,0,67,67,67,0,0,0
1653,305,41,41,0,0,0,0,0,67,0
1654,0,56,56,0,0,0,67,67,0,0
1655,244,26,67,0,0,0,0,0,26,0
1656,330,67,67,0,0,0,0,26,26,26
1657,0,0,63,0,0,0,0,0,0,67
1658,0,63,63,0,0,0,0,0,67,67
1659,0,92,92,0,0,0,0,0,56,56
1660,9161,83,95,0,0,0,0,0,0,0
1661,0,0,0,0,0,0,83,0,83,83
1662,1074,0,0,0,0,0,0,0,83,0
1663,350,95,83,0,0,0,0,0,83,0
1664,0,0,57,0,0,0,0,0,63,0
1665,0,25,25,0,0,0,0,0,63,0
1666,0,44,0,0,0,0,45,0,0,0
1667,792,58,0,0,0,0,0,0,60,0
1668,0,45,44,0,0,0,0,0,56,0
1669,0,57,57,0,0,73,0,0,73,0
1670,1521,0,0,0,0,0,0,0,45,0
1671,0,42,44,0,0,0,0,0,0,0
1672,0,0,0,0,84,0,0,84,0,0
1673,0,0,73,0,0,0,0,0,0,56
1674,0,63,63,0,0,0,92,92,0,0
1675,0,57,58,0,0,0,0,0,63,0
1676,0,63,63,0,0,0,90,0,90,0
1677,7724,109,0,0,0,0,0,0,0,0
1678,0,15,57,0,0,0,0,0,0,0
1679,0,6,6,0,0,0,0,27,0,0
1680,1925,39,0,0,0,0,0,27,0,0
1681,268,63,63,0,0,0,0,26,26,0
1682,0,92,0,0,0,0,0,0,57,57
1683,0,59,59,0,0,0,0,63,63,63
1684,564,0,0,0,82,0,0,0,0,0
1685,35061,82,82,0,0,0,0,0,0,0
1686,0,60,60,0,0,0,54,0,0,0
1687,0,62,56,0,0,0,0,0,0,0
1688,0,57,57,0,0,0,73,73,73,0
1689,0,55,56,0,0,0,0,0,0,0
1690,0,56,26,0,0,0,0,0,0,0
1691,0,60,63,0,0,0,0,0,56,56
1692,0,73,59,0,0,0,0,0,0,0
1693,1515,0,63,0,0,0,67,0,0,0
1694,1481,41,63,0,0,0,0,0,56,0
1695,1132,41,0,0,0,0,0,0,56,56
1696,0,67,56,0,0,0,0,0,63,0
1697,0,0,0,0,79,79,79,0,0,0
1698,201,26,25,0,0,0,0,0,0,0
1699,0,24,24,0,0,0,24,0,0,0
1700,220,67,67,0,0,0,110,0,0,0
1701,585,0,110,0,0,0,0,27,0,0
1702,0,24,24,0,0,0,110,0,0,0
1703,0,0,0,0,101,101,0,0,0,0
1704,3205,0,58,0,0,0,0,27,0,0
1705,0,86,86,0,0,0,0,0,32,0
1706,0,0,0,0,0,0,0,48,0,0
1707,0,59,59,0,0,0,73,0,73,0
1708,0,45,56,0,0,0,0,0,0,0
1709,781,45,0,0,0,0,0,0,60,0
1710,0,58,0,0,0,0,0,0,0,63
1711,3290,0,0,97,0,0,0,0,0,0
1712,6061,63,0,0,0,0,0,0,60,0
1713,0,0,0,0,0,0,27,0,67,63
1714,0,0,0,0,0,0,110,0,26,26
1715,0,41,110,0,0,0,0,0,0,0
1716,1055,41,67,0,0,0,0,0,56,0
1717,0,56,56,0,0,0,0,0,26,0
1718,0,0,0,0,0,0,90,27,90,90
1719,0,39,39,0,0,0,0,0,60,0
1720,0,59,59,0,0,0,0,0,95,0
1721,0,59,59,0,0,0,0,67,67,0
1722,0,24,41,0,0,0,0,0,0,0
1723,0,58,58,0,0,0,0,0,73,0
1724,0,0,0,0,79,0,0,0,0,0
1725,0,0,92,0,0,67,0,0,0,0
1726,366,45,67,0,0,0,0,0,0,0
1727,0,60,50,0,0,0,0,0,0,0
1728,0,0,0,0,0,0,0,44,0,0
1729,355,74,95,0,0,0,0,0,0,0
1730,0,73,73,0,0,0,0,0,0,28
1731,0,73,73,0,0,0,0,24,24,24
1732,0,0,110,0,0,0,0,0,67,0
1733,371,110,110,0,0,0,0,27,0,0
1734,735,110,0,0,0,0,110,0,0,0
1735,0,73,73,0,0,0,0,63,63,63
1736,0,0,73,0,0,0,0,63,63,63
1737,0,60,0,0,0,0,0,0,0,56
1738,0,41,63,0,0,0,0,0,0,56
1739,0,0,92,0,0,0,41,0,0,0
1740,0,58,75,0,0,0,0,0,0,0
1741,318,67,67,0,0,0,0,0,57,57
1742,0,73,42,0,0,0,0,0,0,0
1743,237,45,44,0,0,0,0,0,60,0
1744,0,0,60,0,0,0,0,0,56,0
1745,0,60,60,0,0,0,0,0,0,39
1746,0,0,60,0,0,0,0,0,0,41
1747,0,0,60,0,0,0,41,0,0,0
1748,0,0,0,0,0,0,110,0,0,63
1749,0,58,58,0,0,0,0,0,0,63
1750,253,58,41,0,0,0,0,0,63,0
1751,0,0,0,0,0,0,0,55,0,0
1752,0,39,39,0,0,0,0,0,26,0
1753,0,92,92,0,63,63,0,63,63,63
1754,0,57,60,0,0,0,0,0,0,0
1755,430,0,63,0,0,0,0,0,0,56
1756,0,63,63,0,0,0,0,0,0,63
1757,0,67,67,0,0,0,0,0,60,60
1758,0,73,73,0,0,0,0,0,0,57
1759,0,26,56,0,0,0,0,0,0,0
1760,259,47,47,0,0,0,47,0,0,0
1761,660,51,51,0,0,0,0,0,0,0
1762,1404,0,51,0,0,0,0,0,0,0
1763,0,67,0,0,0,0,0,63,63,63
1764,0,55,57,0,0,0,0,0,0,0
1765,0,57,57,0,0,0,55,0,0,0
1766,0,60,55,0,0,0,0,0,0,0
1767,0,73,24,0,0,0,0,0,0,0
1768,1207,71,0,0,0,0,0,0,0,0
1769,1711,73,73,0,0,0,73,0,0,0
1770,0,92,0,0,0,0,0,0,67,67
1771,3577,0,41,0,0,0,0,0,56,0
1772,0,56,56,0,0,0,55,0,0,0
1773,268,47,47,0,0,0,0,0,47,0
1774,0,60,60,0,0,0,63,0,63,0
1775,0,59,0,0,0,0,0,0,63,63
1776,0,56,56,0,0,0,0,73,73,73
1777,0,45,44,0,0,0,0,0,0,45
1778,0,0,0,0,101,101,101,101,101,0
1779,0,41,41,0,0,0,0,63,63,63
1780,0,56,56,0,0,0,0,63,63,63
1781,1795,66,66,0,0,0,0,27,0,0
1782,0,57,63,0,0,0,0,0,0,0
1783,0,110,110,0,0,0,0,0,67,0
1784,0,57,0,0,0,0,0,0,63,63
1785,0,59,0,0,0,0,0,0,63,0
1786,0,0,0,0,97,0,0,0,0,0
1787,0,2,2,0,0,0,110,0,0,0
1788,0,86,86,0,0,0,0,0,0,29
1789,0,47,47,0,0,0,0,0,60,0
1790,0,56,56,0,0,0,0,0,0,58
1791,1122,0,0,0,0,0,0,0,80,0
1792,0,0,0,0,0,0,110,0,26,0
1793,0,57,57,0,0,0,110,0,0,0
1794,0,67,67,92,92,92,0,0,0,0
1795,0,67,92,0,67,0,0,0,0,0
1796,0,56,56,0,0,0,0,0,0,41
1797,0,41,0,0,0,0,0,0,63,63
1798,0,60,67,0,0,0,0,63,63,0
1799,0,0,0,0,0,0,110,0,67,67
1800,0,67,63,0,0,0,0,0,0,56
1801,3119,63,0,0,0,0,0,0,73,0
1802,14257,81,81,0,0,0,0,0,0,0
1803,1421,0,4,0,0,0,0,0,0,0
1804,526,98,0,0,0,0,0,0,0,0
1805,1275,31,31,0,0,0,0,0,0,0
1806,886,31,0,0,0,0,0,0,0,0
1807,0,65,57,0,0,0,0,0,0,0
1808,0,0,0,0,0,0,73,73,73,73
1809,604,73,0,0,0,0,73,0,0,0
1810,0,62,73,0,0,0,0,0,0,0
1811,0,73,73,0,0,0,0,24,24,0
1812,7422,67,0,0,0,0,0,0,63,0
1813,0,0,0,0,0,0,49,49,0,0
1814,0,57,57,0,0,0,0,0,41,0
1815,0,0,0,0,0,0,27,0,90,0
1816,0,0,0,0,0,0,90,0,90,73
1817,0,0,0,0,90,90,0,90,90,90
1818,0,39,56,0,0,0,0,0,0,0
1819,920,67,76,0,0,0,0,0,0,0
1820,0,0,90,0,0,0,0,0,89,0
1821,0,0,0,0,0,0,90,0,90,63
1822,0,57,0,92,0,0,0,0,0,0
1823,344,0,92,0,0,0,0,0,63,0
1824,0,0,0,0,0,0,63,63,63,63
1825,0,0,56,0,0,0,0,0,0,63
1826,0,0,0,0,0,0,90,0,63,0
1827,278,73,58,0,0,0,0,0,63,0
1828,3911,63,73,0,0,0,0,27,0,0
1829,0,56,0,0,0,0,0,63,63,0
1830,0,41,0,0,0,0,0,0,0,63
1831,946,88,0,0,0,0,0,0,0,0
1832,0,88,88,0,0,0,50,50,0,0
1833,0,42,45,0,0,0,0,0,0,0
1834,0,88,88,0,0,0,47,0,0,0
1835,0,59,59,92,0,0,0,0,63,0
1836,0,59,59,0,0,73,0,0,0,0
1837,4269,67,0,0,0,0,0,0,60,0
1838,0,92,58,0,0,0,0,0,0,0
1839,0,80,80,0,0,0,110,0,0,0
1840,0,0,24,0,0,0,0,27,0,0
1841,0,40,57,0,0,0,0,0,0,0
1842,291,110,63,0,0,0,0,0,0,0
1843,0,56,73,0,0,0,0,0,0,0
1844,309,0,73,0,73,0,0,0,0,0
1845,0,57,0,0,0,0,0,0,67,0
1846,0,56,58,0,0,0,0,0,63,0
1847,577,41,0,0,0,0,0,0,26,0
1848,0,110,110,0,0,0,0,0,63,63
1849,0,0,60,0,0,0,0,27,0,0
1850,0,0,0,92,0,0,0,0,59,0
1851,0,57,57,0,0,0,73,73,0,0
1852,0,0,0,0,0,0,45,0,63,63
1853,0,26,26,0,0,0,0,0,56,56
1854,398,95,58,0,0,0,0,0,0,0
1855,0,0,0,0,0,39,0,39,0,0
1856,479,63,65,0,0,0,0,0,0,0
1857,1143,0,0,0,0,73,0,0,0,0
1858,0,56,56,0,0,0,0,73,73,0
1859,0,0,90,0,0,0,0,0,89,89
1860,224,63,63,0,0,0,0,73,0,0
1861,934,69,0,0,0,0,0,0,0,0
1862,0,60,42,0,0,0,45,0,0,0
1863,0,0,41,0,0,0,0,0,0,63
1864,1461,63,63,0,0,0,0,0,59,59
1865,234,16,16,0,0,0,0,0,56,0
1866,0,0,0,0,0,0,65,0,0,65
1867,0,59,59,0,0,0,110,0,0,0
1868,0,42,43,0,0,0,0,0,0,0
1869,0,0,73,0,0,0,0,0,63,63
1870,445,95,67,0,0,0,0,0,56,0
1871,0,60,41,0,0,0,0,0,56,56
1872,0,56,56,92,0,0,0,0,0,0
1873,1107,41,95,0,0,0,0,0,0,0
1874,7862,0,67,0,0,0,0,0,63,0
1875,3333,63,67,0,0,0,0,0,56,0
1876,2137,0,73,0,0,0,0,0,56,0
1877,2177,67,63,0,0,0,0,0,60,0
1878,0,63,63,0,0,0,0,63,63,0
1879,1639,0,41,0,0,0,0,0,56,56
1880,10063,0,109,0,0,0,0,0,0,0
1881,0,0,0,0,105,105,0,105,105,105
1882,0,0,0,0,0,0,0,0,102,102
1883,0,0,0,0,0,0,27,0,73,0
1884,0,67,67,0,0,0,0,0,0,66
1885,276,0,0,0,0,0,0,0,84,0
1886,986,63,95,0,0,0,0,0,60,0
1887,0,92,92,0,0,0,0,0,73,0
1888,0,92,92,0,0,0,41,0,0,0
1889,0,59,59,0,0,0,0,0,56,0
1890,5154,0,63,0,0,0,0,0,57,0
1891,0,73,73,0,0,0,0,63,0,0
1892,0,0,0,0,103,103,0,103,103,103
1893,0,110,39,0,0,0,0,0,0,0
1894,0,58,58,0,0,0,0,0,101,0
1895,0,0,0,0,0,0,0,0,102,0
1896,0,0,0,0,0,0,0,0,98,0
1897,3022,0,0,0,0,0,0,27,60,0
1898,811,102,102,0,0,0,0,0,0,0
1899,0,0,26,0,0,0,110,0,0,0
1900,0,92,92,0,0,0,0,0,63,63
1901,0,0,0,0,0,0,0,0,106,0
1902,573,67,0,0,0,0,0,0,73,0
1903,1255,58,0,0,0,0,0,0,56,0
1904,0,58,0,0,0,0,0,0,0,56
1905,0,56,0,0,0,0,0,0,0,63
1906,0,0,0,0,0,0,0,0,73,63
1907,0,0,0,0,67,0,0,0,63,63
1908,0,92,0,0,0,0,0,0,0,63
1909,0,0,0,0,0,0,45,45,0,0
1910,0,57,57,92,0,0,0,0,67,0
1911,0,57,65,0,0,0,0,0,0,0
1912,0,58,92,0,0,0,0,0,0,0
1913,0,0,59,0,0,0,0,0,67,0
1914,0,59,59,0,0,0,67,0,63,0
1915,240,73,74,0,0,0,0,0,0,0
1916,0,0,56,0,0,0,0,0,0,56
1917,575,0,67,0,0,0,0,0,59,59
1918,966,0,58,0,0,0,0,0,60,0
1919,0,0,79,0,0,0,110,0,0,0
1920,0,39,39,0,0,0,110,0,0,0
1921,0,41,41,0,0,0,0,0,0,73
1922,0,0,0,0,0,0,0,0,81,81
1923,0,57,57,92,0,0,0,92,0,0
1924,0,57,57,92,0,0,67,0,0,0
1925,603,0,0,112,0,0,0,0,0,0
1926,0,57,57,0,0,73,0,0,0,0
1927,2206,66,64,0,0,0,0,0,0,0
1928,0,1,1,0,0,0,0,0,67,0
1929,0,41,67,0,0,0,0,0,0,26
1930,0,57,57,0,73,0,0,0,0,0
1931,611,0,67,0,0,0,110,0,0,0
1932,0,56,56,0,0,0,0,0,0,60
1933,0,58,60,0,0,0,0,0,0,0
1934,0,59,59,0,0,0,0,95,0,0
1935,0,59,59,0,0,0,0,0,59,0
1936,0,41,41,0,0,0,0,0,59,59
1937,0,41,41,0,0,0,0,63,63,0
1938,238,67,0,0,0,0,0,0,83,0
1939,0,26,0,0,0,0,0,0,83,0
1940,7133,0,95,0,0,0,0,27,0,0
1941,0,73,0,92,0,0,0,0,0,0
1942,0,45,59,0,0,0,0,0,0,0
1943,0,0,56,0,0,0,0,0,60,60
1944,0,60,79,0,0,0,0,0,0,0
1945,0,57,57,0,0,0,0,0,0,58
1946,692,63,63,0,0,0,0,67,0,0
1947,0,0,0,0,0,0,110,0,63,63
1948,0,59,59,0,0,0,73,0,63,0
1949,0,63,67,0,0,0,0,0,0,41
1950,0,56,0,0,0,0,110,0,0,0
1951,467,73,0,0,0,0,0,0,67,0
1952,0,0,0,0,0,63,0,0,63,63
1953,0,58,58,0,0,0,0,0,60,60
1954,483,0,0,0,0,0,0,0,103,0
1955,426,58,0,0,0,0,0,0,57,57
1956,3842,63,41,0,0,0,0,27,0,0
1957,0,59,58,0,0,0,0,0,0,0
1958,0,56,63,0,0,0,0,0,60,0
1959,3165,41,73,0,0,0,0,0,0,0
1960,0,0,73,0,0,0,0,0,0,41
1961,0,41,67,0,0,0,0,0,63,63
1962,0,59,59,0,0,0,45,0,0,0
1963,0,0,0,92,0,0,0,0,57,0
1964,0,58,58,0,0,0,0,0,73,73
1965,0,0,58,92,0,0,0,0,0,0
1966,0,58,60,0,0,0,0,0,63,0
1967,0,57,57,0,0,0,41,0,67,0
1968,0,0,0,0,0,0,0,101,101,101
1969,643,73,73,0,73,0,0,0,0,0
1970,0,0,0,0,0,0,27,0,24,24
1971,0,0,0,0,0,0,82,0,82,0
1972,0,0,0,0,0,0,0,0,82,82
1973,0,0,0,29,0,0,0,0,0,0
1974,0,57,58,0,0,0,0,0,0,0
1975,0,56,0,0,0,0,0,0,0,60
1976,308,63,63,0,0,0,27,0,0,0
1977,0,55,43,0,0,0,0,0,0,0
1978,0,0,0,0,0,0,67,27,63,0
1979,0,57,15,0,0,0,0,0,0,0
1980,641,41,66,0,0,0,0,0,0,0
1981,0,0,0,0,0,0,0,0,63,66
1982,0,41,41,0,0,0,0,26,26,26
1983,0,57,57,92,0,0,0,63,63,0
1984,1674,66,67,0,0,0,0,0,0,0
1985,0,41,41,0,0,0,110,0,0,0
1986,3573,63,0,0,0,0,0,0,56,56
1987,447,63,0,0,0,0,110,0,0,0
1988,0,56,56,0,0,0,73,0,0,0
1989,0,60,60,0,0,0,55,55,0,0
1990,0,67,0,0,0,0,0,0,0,58
1991,0,95,60,0,0,0,0,0,0,0
1992,0,59,59,0,0,0,41,41,0,0
1993,0,60,0,0,0,0,0,0,0,45
1994,844,95,41,0,0,0,0,0,0,0
1995,0,0,0,0,0,0,63,27,63,0
1996,0,57,57,0,0,0,0,27,0,0
1997,0,0,0,0,0,0,76,0,0,76
1998,0,63,60,0,0,0,0,0,56,0
1999,418,63,63,92,0,0,0,0,56,0
2000,261,73,73,0,0,0,0,0,26,0
2001,0,59,59,92,0,0,67,0,0,0
2002,565,45,63,0,0,0,0,0,0,0
2003,0,2,0,0,0,0,0,0,67,0
2004,0,0,0,0,101,0,0,0,101,0
2005,219,0,0,0,0,0,110,0,56,0
2006,9936,63,63,0,0,0,0,0,57,0
2007,0,92,92,0,0,0,0,0,57,57
2008,0,0,0,0,92,0,0,0,63,63
2009,0,92,92,0,0,67,0,67,0,0
2010,0,45,45,0,0,0,44,0,0,0
2011,0,59,41,0,0,0,0,0,63,0
2012,0,73,73,0,0,0,110,0,0,0
2013,0,41,41,0,0,0,0,0,0,45
2014,0,24,73,0,0,0,0,0,0,0
2015,0,59,59,0,0,67,0,0,0,0
2016,0,90,90,0,0,0,110,0,0,0
2017,1300,63,63,0,0,0,73,0,0,0
2018,0,0,92,0,0,0,0,0,0,63
2019,0,73,73,0,0,0,0,0,0,59
2020,224,67,110,0,0,0,0,0,0,0
2021,0,0,0,0,67,0,0,27,0,0
2022,9921,33,0,0,0,0,0,0,0,0
2023,0,0,0,0,0,0,64,0,0,64
2024,1289,30,30,0,0,0,0,0,0,0
2025,349,41,62,0,0,0,0,0,0,0
2026,0,45,44,0,0,0,0,0,60,60
2027,0,45,45,0,0,0,0,0,56,56
2028,246,73,73,0,0,0,0,0,59,59
2029,474,39,39,0,0,0,0,27,0,0
2030,0,56,56,0,0,0,0,73,0,0
2031,0,26,26,0,0,0,0,0,0,26
2032,0,67,67,0,0,0,110,0,26,0
2033,225,110,67,0,0,0,0,0,0,0
2034,0,92,0,0,0,0,0,0,56,0
2035,0,92,92,0,0,0,0,0,56,0
2036,4758,78,0,0,0,0,0,0,0,0
2037,0,56,56,0,0,73,0,0,0,0
2038,0,2,2,0,0,0,67,67,0,0
2039,0,36,67,0,0,0,0,0,0,0
2040,436,26,63,0,0,0,0,0,0,0
2041,0,67,67,0,0,0,0,0,0,63
2042,1452,58,73,0,0,0,0,0,0,0
2043,0,67,0,0,0,0,0,0,0,73
2044,0,56,56,0,0,0,0,0,0,26
2045,0,110,56,0,0,0,0,0,0,0
2046,0,56,110,0,0,0,0,0,0,0
2047,0,56,56,0,0,0,110,0,0,0
2048,0,26,110,0,0,0,0,0,0,0
2049,0,40,73,0,0,0,0,0,0,0
2050,0,59,59,0,63,63,0,63,63,0
2051,0,41,41,92,0,0,0,0,0,0
2052,0,92,57,0,0,0,0,0,0,0
2053,0,63,59,0,0,0,0,0,0,0
2054,0,0,0,0,0,0,101,101,101,101
2055,0,45,45,0,0,0,45,0,0,0
2056,0,0,0,0,0,0,0,0,107,107
2057,0,0,0,0,0,0,73,0,67,0
2058,336,66,66,92,0,0,0,0,0,0
2059,0,73,73,0,0,0,0,0,26,26
2060,0,56,63,0,0,0,0,27,0,0
2061,458,0,61,0,0,0,0,0,0,0
2062,0,24,24,0,0,0,0,27,0,0
2063,0,0,59,0,0,0,0,0,0,63
2064,0,56,0,0,0,0,0,0,60,0
2065,0,26,26,0,0,0,0,0,24,0
2066,466,73,0,0,0,0,0,0,26,0
2067,16400,0,83,0,0,0,0,0,0,0
2068,249,0,63,0,0,0,0,0,26,0
2069,0,26,26,0,0,0,110,0,0,0
2070,0,0,0,0,0,0,0,0,0,103
2071,0,110,110,0,0,0,0,0,63,0
2072,0,110,110,0,0,0,0,0,56,0
2073,0,0,0,0,41,0,0,41,0,0
2074,0,0,0,0,0,0,110,0,63,0
2075,0,0,0,0,0,63,0,63,63,0
2076,0,56,62,0,0,0,0,0,0,0
2077,0,0,0,0,0,0,110,0,0,56
2078,237,39,39,0,0,0,0,0,24,0
2079,0,57,95,0,0,0,0,0,63,0
2080,0,0,0,0,0,0,66,0,0,66
2081,348,0,73,0,0,0,67,0,0,0
2082,1617,63,66,0,0,0,0,0,0,0
2083,0,0,0,0,73,73,0,0,0,0
2084,0,63,63,0,0,73,0,0,73,0
2085,232,1,1,0,0,0,110,0,0,0
2086,512,106,106,0,0,0,0,0,0,0
2087,0,0,0,0,84,0,0,84,84,0
2088,0,81,81,0,0,0,0,81,81,0
2089,0,92,92,0,67,0,0,0,0,0
2090,0,57,16,0,0,0,0,0,0,0
2091,0,0,0,0,0,92,0,92,0,0
2092,0,57,57,0,0,0,0,0,26,0
2093,0,41,56,0,0,0,0,0,63,0
2094,0,0,0,0,101,101,0,101,0,0
2095,4084,63,0,0,0,0,0,0,67,0
2096,222,67,86,0,0,0,0,0,0,0
2097,0,45,45,0,0,0,0,0,45,0
2098,0,56,86,0,0,0,0,0,0,0
2099,0,0,0,0,0,0,0,42,0,0
2100,5610,67,0,0,0,0,0,0,56,0
2101,845,110,110,0,0,0,110,0,0,0
2102,0,16,59,0,0,0,0,0,0,0
2103,0,59,16,0,0,0,0,0,0,0
2104,0,0,0,0,0,101,0,101,101,0
2105,0,0,73,0,0,0,110,0,0,0
2106,0,73,73,0,0,0,0,0,0,26
2107,3003,67,63,0,0,0,0,0,56,0
2108,426,65,67,0,0,0,0,0,0,0
2109,0,29,67,0,0,0,0,0,0,0
2110,0,59,59,92,0,0,0,92,0,0
2111,336,67,0,0,0,0,110,0,0,0
2112,0,0,0,0,0,0,67,63,63,63
2113,0,24,0,0,0,0,110,0,0,0
2114,0,60,48,0,0,0,0,0,0,0
2115,0,0,0,0,101,101,101,101,101,101
2116,0,41,41,0,0,0,0,0,0,58
2117,0,45,48,0,0,0,0,0,0,0
2118,0,0,67,0,0,0,0,0,0,36
2119,0,0,63,0,0,0,27,0,0,0
2120,0,58,26,0,0,0,0,0,0,0
2121,3680,73,73,0,0,0,0,0,63,0
2122,0,1,1,0,0,0,0,26,26,26
2123,683,63,39,0,0,0,0,0,0,0
2124,0,60,58,0,0,0,0,0,63,0
2125,249,41,58,0,0,0,0,0,63,0
2126,0,0,58,0,0,0,0,0,0,56
2127,0,42,60,0,0,0,0,0,0,0
2128,0,0,0,0,0,97,0,97,97,0
2129,0,0,57,0,0,0,67,0,0,0
2130,0,81,81,0,73,0,0,0,0,0
2131,0,45,0,0,0,0,0,0,0,45
2132,0,56,56,0,0,0,0,63,0,0
2133,555,0,0,0,0,0,41,27,0,0
2134,0,41,60,0,0,0,0,27,0,0
2135,0,0,0,0,0,0,48,48,0,0
2136,0,0,0,0,0,0,86,0,0,0
2137,0,0,0,0,0,0,92,0,92,26
2138,0,0,0,0,97,97,0,97,97,0
2139,0,56,41,0,0,0,0,0,56,0
2140,0,110,110,0,0,0,0,0,26,0
2141,6745,74,0,0,0,0,0,27,0,0
2142,0,39,44,0,0,0,0,0,0,0
2143,0,57,39,0,0,0,0,0,0,0
2144,0,0,83,0,0,0,0,0,0,26
2145,0,0,0,0,26,0,0,26,26,26
2146,0,56,67,0,0,0,0,0,56,0
2147,0,0,0,0,0,0,73,73,73,0
2148,392,73,41,0,0,0,0,0,63,0
2149,0,0,0,0,0,0,67,67,67,67
2150,0,0,0,0,97,0,0,0,97,97
2151,939,95,95,0,0,0,0,0,63,0
2152,0,0,0,67,67,67,0,0,0,0
2153,0,54,54,0,0,0,54,0,0,0
2154,0,41,41,0,0,0,45,0,0,0
2155,0,0,0,0,0,0,0,0,0,81
2156,0,26,81,0,0,0,0,0,0,0
2157,0,110,41,0,0,0,0,0,0,0
2158,0,0,0,0,0,0,0,27,81,0
2159,590,0,0,0,0,0,0,0,81,0
2160,12874,0,81,0,0,0,0,0,0,0
2161,984,110,0,0,0,0,0,27,0,0
2162,0,42,56,0,0,0,0,0,0,0
2163,0,0,56,0,0,0,110,0,0,0
2164,0,44,42,0,0,0,0,0,0,0
2165,1326,0,0,0,0,0,0,27,24,0
2166,0,0,73,0,0,73,0,0,0,0
2167,0,0,0,0,0,73,0,0,73,0
2168,0,0,73,0,0,0,0,0,73,73
2169,0,60,60,0,0,0,110,0,0,0
2170,0,0,0,0,0,0,55,55,0,0
2171,0,57,57,0,0,0,0,0,0,67
2172,928,0,110,0,0,0,110,0,0,0
2173,0,67,90,0,0,0,0,27,0,0
2174,0,25,25,0,0,0,0,0,73,0
2175,0,73,0,0,0,0,0,24,24,24
2176,0,0,67,0,0,0,41,0,0,41
2177,0,41,67,0,0,0,0,0,56,56
2178,0,67,67,0,0,0,67,0,67,0
2179,1807,0,95,0,0,0,0,0,63,0
2180,0,0,0,0,0,0,26,26,26,0
2181,0,0,67,0,0,0,26,0,0,0
2182,377,63,110,0,0,0,0,0,0,0
2183,0,90,0,0,0,0,27,0,0,0
2184,5859,0,0,0,0,0,90,27,0,0
2185,0,2,2,0,0,0,0,0,73,0
2186,805,67,67,0,0,0,0,0,59,0
2187,0,45,43,0,0,0,0,0,0,0
2188,0,59,59,0,0,0,0,73,73,0
2189,0,0,0,49,0,0,0,0,0,0
2190,227,0,0,32,0,0,0,0,0,0
2191,605,63,63,0,0,0,0,27,60,0
2192,0,24,39,0,0,0,0,0,0,0
2193,0,60,44,0,0,0,45,0,0,0
2194,293,55,0,0,0,0,0,27,0,0
2195,0,1,86,0,0,0,0,0,0,0
2196,0,95,56,0,0,0,0,0,0,0
2197,0,16,16,0,0,0,110,0,0,0
2198,0,63,63,0,0,0,64,0,0,0
2199,297,63,73,92,0,0,0,0,0,0
2200,0,63,0,0,0,0,0,0,73,73
2201,0,57,57,0,0,0,0,0,73,63
2202,0,60,60,0,0,0,0,0,55,0
2203,0,0,90,0,0,0,0,27,0,0
2204,0,0,0,0,0,0,92,0,67,0
2205,0,0,0,0,0,0,27,0,0,58
2206,0,56,56,0,0,0,27,0,0,0
2207,0,57,57,0,0,0,0,0,0,45
2208,0,0,92,0,67,0,0,0,0,0
2209,550,62,67,0,0,0,0,0,0,0
2210,0,2,2,0,0,67,0,0,0,0
2211,0,0,0,0,67,0,0,67,0,63
2212,0,63,63,0,0,0,41,0,0,41
2213,0,56,73,0,0,0,0,0,63,0
2214,0,63,63,0,0,0,0,0,73,73
2215,2874,83,67,0,0,0,0,0,0,0
2216,0,73,73,0,0,0,0,0,60,60
2217,0,47,67,0,0,0,0,0,0,0
2218,0,58,58,0,0,0,0,63,63,0
2219,236,55,55,0,0,0,0,0,60,0
2220,387,73,0,0,0,0,67,0,0,0
2221,0,67,67,0,0,0,0,0,56,41
2222,0,73,0,0,0,0,110,0,0,0
2223,0,0,0,0,105,0,0,0,0,0
2224,0,0,92,0,67,0,0,67,0,0
2225,610,67,0,0,0,0,67,0,0,0
2226,0,0,0,92,0,0,0,92,0,63
2227,12166,0,73,0,0,0,0,27,0,0
2228,0,56,57,0,0,0,0,0,0,0
2229,0,0,0,0,0,0,94,0,94,0
2230,15462,94,94,0,0,0,0,0,0,0
2231,0,56,66,0,0,0,0,0,0,0
2232,0,73,73,0,0,0,0,26,26,26
2233,0,60,44,0,0,0,45,45,0,0
2234,0,39,60,0,0,0,0,0,0,0
2235,0,58,58,0,0,0,0,0,0,60
2236,0,0,0,0,0,0,27,0,89,89
2237,0,2,2,0,0,0,26,0,0,0
2238,0,62,0,0,0,0,0,0,63,0
2239,0,73,0,0,0,0,0,0,73,73
2240,0,0,0,0,0,0,0,67,67,67
2241,0,39,39,0,0,0,0,0,0,41
2242,0,92,92,0,0,0,0,0,67,67
2243,0,47,46,0,0,0,0,0,0,0
2244,1080,63,67,0,0,0,0,0,63,0
2245,1488,73,0,0,0,0,0,0,60,0
2246,1602,66,66,0,0,0,0,0,56,0
2247,3798,41,0,0,0,0,0,0,63,0
2248,0,56,41,0,0,0,0,27,0,0
2249,0,0,0,67,67,67,0,67,0,0
2250,0,60,41,0,0,0,67,0,0,0
2251,0,47,47,0,0,0,0,27,0,0
2252,0,2,2,0,0,0,0,67,67,0
2253,0,67,36,0,0,0,0,0,0,0
2254,412,0,45,0,0,0,0,27,0,0
2255,0,0,0,0,0,0,63,63,0,0
2256,757,0,0,0,0,0,41,0,41,0
2257,206,67,67,0,0,0,0,0,67,0
2258,4057,73,63,0,0,0,0,27,0,0
2259,241,41,41,0,0,0,0,27,63,0
2260,0,16,16,0,0,0,0,0,60,0
2261,537,67,0,0,0,0,73,0,0,0
2262,0,41,41,0,0,0,0,0,0,26
2263,39466,82,0,0,0,0,0,0,0,0
2264,0,57,57,0,0,0,0,41,0,0
2265,0,57,57,0,0,0,0,67,67,0
2266,0,67,67,0,0,0,0,0,0,73
2267,670,66,62,0,0,0,0,0,0,0
2268,682,40,67,0,0,0,0,0,0,0
2269,703,39,40,0,0,0,0,0,0,0
2270,0,0,86,0,0,0,0,0,0,86
2271,327,0,63,0,0,0,110,0,0,0
2272,0,79,110,0,0,0,0,0,0,0
2273,0,60,57,0,0,0,0,0,0,0
2274,0,86,86,0,0,0,0,0,0,86
2275,2462,0,63,0,0,0,0,0,63,0
2276,0,0,0,0,0,0,67,0,67,73
2277,0,73,63,0,0,0,0,0,73,73
2278,0,41,41,0,0,0,0,0,0,56
2279,0,0,90,0,0,0,27,0,0,0
2280,0,0,0,0,100,100,0,100,100,100
2281,1245,67,73,0,0,0,0,27,0,0
2282,2106,40,0,0,0,0,0,27,0,0
2283,0,56,56,0,0,0,0,27,63,0
2284,0,0,0,0,0,0,0,27,0,41
2285,0,0,57,0,0,0,0,0,0,63
2286,0,63,60,0,0,0,0,27,0,0
2287,1876,73,95,0,0,0,0,0,0,0
2288,0,57,57,0,0,0,73,0,0,73
2289,0,57,45,0,0,0,0,0,0,0
2290,0,0,0,0,0,0,0,0,92,0
2291,215,86,29,0,0,0,0,0,0,0
2292,0,57,57,92,92,92,0,63,63,63
2293,2949,0,63,0,0,0,0,0,73,0
2294,3621,27,27,0,0,0,0,0,0,0
2295,0,60,60,0,0,0,73,0,63,0
2296,0,0,0,0,101,0,0,0,101,101
2297,0,43,43,0,0,0,51,0,0,0
2298,0,0,67,0,0,0,90,0,90,0
2299,0,90,0,0,0,0,27,0,89,0
2300,0,56,95,0,0,0,0,0,0,0
2301,0,63,0,0,0,67,0,67,0,0
2302,271,63,27,0,0,0,0,0,0,0
2303,3150,73,0,0,0,0,0,0,63,0
2304,0,79,79,0,0,0,79,0,0,0
2305,0,16,16,0,0,0,0,0,57,57
2306,4071,63,63,0,0,0,0,0,57,57
2307,0,0,0,0,0,0,0,0,90,90
2308,0,28,28,0,0,0,0,0,28,0
2309,0,41,0,0,0,0,0,0,0,41
2310,7013,100,0,0,0,0,0,0,0,0
2311,0,58,44,0,0,0,0,0,0,0
2312,0,73,73,0,0,0,0,0,0,41
2313,280,0,73,0,0,0,0,0,26,0
2314,0,56,81,0,0,0,0,0,0,0
2315,0,57,57,0,0,0,79,0,0,0
2316,0,63,63,0,0,0,0,0,95,0
2317,0,89,90,0,0,0,0,0,0,0
2318,0,0,0,0,97,97,97,97,97,97
2319,0,0,0,0,116,116,0,0,0,0
2320,0,0,0,0,0,0,27,0,0,66
2321,0,67,67,0,0,0,0,0,0,59
2322,0,0,42,0,0,0,45,0,0,0
2323,4214,0,67,0,0,0,0,0,57,0
2324,0,60,60,0,0,0,0,0,0,67
2325,0,92,92,0,0,0,0,63,63,0
2326,0,73,73,0,0,0,67,67,0,0
2327,0,0,0,0,63,0,0,0,63,0
2328,2373,73,0,0,0,0,0,0,56,0
2329,0,63,0,0,0,0,0,0,67,67
2330,0,73,57,0,0,0,0,0,0,0
2331,209,73,63,92,0,0,0,0,0,0
2332,1027,67,63,0,0,0,41,0,0,0
2333,0,73,73,0,0,0,92,0,0,0
2334,0,57,56,0,0,0,0,0,0,0
2335,0,57,57,0,0,0,73,0,63,0
2336,317,67,74,0,0,0,0,0,0,0
2337,0,90,67,0,0,0,0,0,0,0
2338,0,16,16,0,0,0,0,0,59,59
2339,1566,63,0,0,0,0,67,0,0,0
2340,0,0,0,0,0,0,97,97,97,0
2341,73280,0,82,0,0,0,0,0,0,0
2342,0,0,0,0,0,0,27,0,90,90
2343,0,92,92,0,0,67,0,0,0,0
2344,0,41,49,0,0,0,0,0,0,0
2345,2516,0,0,114,114,114,0,0,0,0
2346,0,0,39,0,0,0,110,0,0,0
2347,288,67,0,0,0,0,0,0,60,60
2348,0,56,41,0,0,0,0,0,63,0
2349,0,41,41,0,0,0,55,0,0,0
2350,0,63,63,0,0,0,0,0,0,95
2351,0,60,95,0,0,0,0,0,0,0
2352,0,45,45,0,0,0,50,0,0,0
2353,0,0,26,0,0,0,0,0,0,26
2354,0,45,45,0,0,0,0,0,56,0
2355,0,2,2,0,0,0,0,0,0,26
2356,0,26,26,0,0,0,0,0,83,0
2357,0,67,67,0,0,0,0,0,60,41
2358,205,40,40,0,0,0,0,0,56,0
2359,0,46,67,0,0,0,0,0,0,0
2360,979,26,67,0,0,0,0,27,0,0
2361,0,63,63,0,0,0,67,0,0,67
2362,0,0,41,0,0,0,0,63,63,0
2363,0,48,45,0,0,0,0,0,0,0
2364,0,0,0,0,0,41,0,0,0,0
2365,0,47,45,0,0,0,0,0,0,0
2366,0,0,41,0,0,0,0,0,0,58
2367,486,63,67,0,0,0,0,0,56,56
2368,0,16,16,0,0,0,0,0,56,56
2369,0,59,59,0,0,0,79,0,0,0
2370,0,57,57,0,0,0,0,0,56,56
2371,0,58,74,0,0,0,0,0,0,0
2372,0,57,57,0,0,0,92,0,0,0
2373,614,0,67,0,0,0,0,26,26,26
2374,0,0,0,92,92,92,0,92,0,63
2375,0,41,0,0,0,0,0,63,63,0
2376,304,41,63,0,0,0,0,0,56,56
2377,0,56,60,0,0,0,41,0,0,0
2378,0,39,43,0,0,0,0,0,0,0
2379,325,0,0,0,0,0,0,101,101,0
2380,0,60,63,0,0,0,0,0,0,41
2381,583,63,41,0,0,0,67,0,0,0
2382,0,56,56,0,0,0,0,0,0,73
2383,301,86,86,0,0,0,0,0,86,0
2384,0,48,67,0,0,0,0,0,0,0
2385,0,92,92,0,0,0,0,0,57,0
2386,983,67,63,0,0,0,0,0,63,0
2387,0,57,57,0,0,0,0,0,67,63
2388,0,0,92,0,0,0,27,0,0,0
2389,0,57,92,0,0,0,0,0,0,0
2390,0,0,92,0,0,0,0,0,57,57
2391,0,0,0,0,0,0,0,0,107,0
2392,0,47,47,0,0,0,47,47,0,0
2393,0,0,0,0,0,0,0,0,89,89
2394,5234,0,0,0,0,0,0,90,90,0
2395,0,0,0,0,0,0,90,0,89,90
2396,580,73,67,0,0,0,0,0,56,0
2397,0,0,60,0,0,0,0,0,0,56
2398,0,60,49,0,0,0,0,0,0,0
2399,0,60,47,0,0,0,0,0,0,0
2400,665,0,0,0,0,0,89,0,0,0
2401,843,63,67,0,0,0,41,0,0,0
2402,0,50,47,0,0,0,0,0,0,0
2403,0,60,41,0,0,0,0,63,63,63
2404,0,0,0,0,0,0,90,0,89,89
2405,0,73,73,0,0,0,0,0,0,73
2406,0,0,63,0,67,0,0,0,0,0
2407,218,65,41,0,0,0,0,0,0,0
2408,0,0,0,0,0,0,90,0,89,0
2409,0,67,47,0,0,0,0,0,0,0
2410,0,0,0,92,92,92,0,92,67,67
2411,342,63,44,0,0,0,0,0,0,0
2412,0,67,27,0,0,0,0,0,0,0
2413,0,60,60,0,0,0,0,0,73,0
2414,0,73,73,0,0,0,73,73,73,73
2415,0,73,67,0,0,0,0,0,26,0
2416,0,0,56,0,0,0,0,0,0,60
2417,0,95,63,0,0,0,67,0,0,0
2418,0,26,26,0,0,0,67,0,67,0
2419,0,63,73,0,0,0,0,0,56,56
2420,0,63,63,0,0,0,66,0,0,0
2421,0,80,80,0,0,0,0,0,26,0
2422,0,69,44,0,0,0,0,0,0,0
2423,0,60,60,0,0,0,41,0,56,0
2424,0,56,63,0,0,0,0,0,56,0
2425,0,40,40,0,0,0,0,0,60,60
2426,0,73,63,0,0,0,0,0,56,56
2427,0,57,57,0,0,0,0,0,0,56
2428,519,0,104,0,0,0,0,0,104,0
2429,508,104,0,0,0,0,0,0,104,0
2430,0,0,0,0,0,0,0,0,0,104
2431,226,0,0,0,0,82,0,0,0,0
2432,0,0,0,0,0,0,0,0,82,0
2433,0,26,26,0,0,0,0,0,73,0
2434,0,59,59,0,0,0,41,0,63,0
2435,428,58,95,0,0,0,0,0,0,0
2436,0,0,0,0,0,0,27,0,0,32
2437,1601,32,0,0,0,0,0,27,0,0
2438,2166,0,32,0,0,0,0,27,0,0
2439,0,73,0,0,0,0,0,0,24,0
2440,344,86,39,0,0,0,0,0,0,0
2441,0,8,0,0,0,0,0,27,0,0
2442,0,57,57,0,0,0,65,0,0,65
2443,485,0,0,0,0,0,0,27,26,0
2444,0,45,79,0,0,0,0,0,0,0
2445,0,63,90,0,0,0,0,89,0,0
2446,0,45,74,0,0,0,0,0,0,0
2447,0,0,0,0,97,97,0,97,97,97
2448,0,32,73,0,0,0,0,0,0,0
2449,0,56,56,0,0,0,73,0,73,0
2450,0,0,0,0,0,0,27,0,57,57
2451,0,41,41,0,0,0,0,0,73,0
2452,0,26,26,0,0,0,0,0,63,0
2453,202,63,63,0,0,0,73,0,56,0
2454,0,0,63,0,0,0,0,0,73,73
2455,0,63,63,0,0,0,0,0,81,0
2456,1727,73,58,0,0,0,0,0,0,0
2457,0,63,63,0,0,0,0,0,56,67
2458,0,55,44,0,0,0,0,0,0,0
2459,0,86,86,0,0,0,0,0,57,57
2460,0,40,56,0,0,0,0,0,0,0
2461,0,0,60,0,0,0,67,0,0,0
2462,288,63,63,0,0,0,0,0,63,63
2463,0,63,63,0,0,0,0,63,0,0
2464,0,0,24,0,0,0,0,0,24,0
2465,388,0,73,0,0,0,0,0,67,0
2466,1026,95,67,0,0,0,0,27,0,0
2467,0,45,55,0,0,0,0,0,0,0
2468,0,55,55,0,0,0,55,55,0,0
2469,0,0,0,0,67,67,0,67,67,0
2470,317,37,67,0,0,0,0,0,0,0
2471,238,67,81,0,0,0,0,0,0,0
2472,0,0,0,0,0,0,81,0,81,0
2473,641,83,83,0,0,0,0,0,26,0
2474,446,58,63,0,0,0,0,0,56,0
2475,0,67,56,0,0,0,0,0,60,0
2476,0,0,0,0,0,0,104,0,104,0
2477,0,60,54,0,0,0,0,0,0,0
2478,0,90,90,0,0,0,0,0,89,0
2479,519,73,66,0,0,0,0,0,0,0
2480,0,59,59,0,73,0,0,0,73,0
2481,0,73,77,0,0,0,0,0,0,0
2482,0,60,60,0,0,0,0,0,57,0
2483,603,63,45,0,0,0,0,0,0,0
2484,636,61,61,0,0,0,0,0,0,0
2485,1649,67,73,0,0,0,0,0,63,0
2486,0,86,86,0,0,0,0,0,57,0
2487,0,86,86,0,0,0,0,0,0,57
2488,0,90,0,0,0,0,0,89,0,0
2489,0,0,0,0,0,0,83,0,0,0
2490,0,90,63,0,0,0,0,89,0,0
2491,0,57,57,0,0,0,0,0,95,0
2492,0,57,57,0,0,0,0,95,0,0
2493,0,95,57,0,0,0,0,0,0,0
2494,0,2,2,0,67,0,0,0,0,0
2495,324,67,95,0,0,0,0,0,56,0
2496,0,67,60,0,0,0,0,63,63,0
2497,0,57,57,0,0,0,0,73,73,0
2498,0,24,24,0,0,0,0,73,73,73
2499,0,57,57,0,0,0,0,0,94,0
2500,0,74,24,0,0,0,0,0,0,0
2501,0,41,60,0,0,0,0,0,56,0
2502,0,83,67,0,0,0,0,0,26,0
2503,0,39,57,0,0,0,0,0,0,0
2504,295,26,2,0,0,0,0,0,0,0
2505,558,0,67,0,0,0,0,0,73,0
2506,0,32,32,0,0,0,0,0,0,32
2507,0,60,60,0,0,0,0,0,56,41
2508,0,95,67,0,0,0,0,0,63,63
2509,2458,66,0,0,0,0,0,27,0,0
2510,642,66,41,0,0,0,0,0,0,0
2511,0,0,0,0,0,0,0,0,25,26
2512,536,95,26,0,0,0,0,0,0,0
2513,0,81,81,0,0,0,0,0,83,83
2514,1765,0,0,0,0,0,0,84,0,0
2515,0,63,63,0,0,0,0,0,56,41
2516,0,39,45,0,0,0,0,0,0,0
2517,0,58,45,0,0,0,0,0,0,0
2518,535,63,63,0,0,73,0,0,0,0
2519,528,63,42,0,0,0,0,0,0,0
2520,752,26,26,0,0,0,0,0,26,0
2521,0,0,0,0,0,0,90,0,63,63
2522,0,73,73,0,0,0,0,0,0,76
2523,992,30,0,0,0,0,0,0,0,0
2524,0,92,59,0,0,0,0,0,0,0
2525,0,67,67,0,0,0,0,0,73,73
2526,186,0,0,0,0,0,0,0,49,0
2527,0,0,0,0,0,102,0,0,0,0
2528,0,0,67,0,0,0,0,0,0,39
2529,260,0,0,0,32,0,0,0,0,0
2530,0,0,39,0,0,0,0,0,0,39
2531,0,44,44,0,0,0,45,0,45,0
2532,0,73,73,0,0,0,27,0,0,0
2533,933,0,73,0,0,0,0,13,0,0
2534,627,0,47,0,0,0,0,27,0,0
2535,0,0,0,0,97,97,97,97,97,0
2536,0,56,56,0,0,0,41,0,63,0
2537,0,59,59,114,114,114,0,0,0,0
2538,0,0,0,101,101,101,0,0,0,0
2539,0,59,59,92,0,0,0,0,67,0
2540,0,67,90,0,0,0,0,0,0,0
2541,0,1,1,0,0,0,0,0,86,0
2542,0,81,81,0,0,0,81,81,0,0
2543,0,83,81,0,0,0,0,0,0,0
2544,0,26,26,0,0,0,0,67,67,0
2545,0,60,60,0,0,0,55,0,0,0
2546,0,73,16,0,0,0,0,0,0,0
2547,0,16,73,0,0,0,0,0,0,0
2548,0,60,63,0,0,0,0,0,0,56
2549,901,95,63,0,0,0,0,0,56,0
2550,0,73,73,0,0,0,0,0,28,0
2551,514,0,0,104,0,0,0,0,0,0
2552,0,0,0,0,0,0,0,0,63,64
2553,757,0,0,0,0,0,0,0,62,0
2554,0,41,48,0,0,0,0,0,0,0
2555,0,67,67,0,0,0,0,0,0,24
2556,0,69,45,0,0,0,0,0,0,0
2557,0,0,0,0,0,0,0,0,89,56
2558,407,86,32,0,0,0,0,0,0,0
2559,0,48,60,0,0,0,0,0,0,0
2560,0,67,67,0,0,0,26,0,0,0
2561,0,47,43,0,0,0,0,0,0,0
2562,0,56,56,0,0,0,0,0,0,63
2563,0,95,95,0,0,0,0,0,0,63
2564,0,0,0,0,0,0,100,0,100,0
2565,0,60,60,0,0,0,47,0,0,0
2566,0,60,60,0,0,0,67,0,67,0
2567,0,0,67,0,0,0,24,0,24,0
2568,0,57,57,0,0,0,41,41,0,0
2569,674,0,79,0,0,0,0,27,0,0
2570,0,0,0,0,0,0,101,0,0,101
2571,0,73,73,0,0,0,90,27,0,0
2572,0,73,73,0,0,0,73,0,73,73
2573,0,86,86,0,0,0,86,0,0,0
2574,219,63,73,0,0,0,67,0,0,0
2575,0,60,69,0,0,0,0,0,0,0
2576,3403,89,0,0,0,0,0,0,0,0
2577,1012,0,0,0,0,0,0,89,0,0
2578,0,0,0,0,0,101,0,0,101,101
2579,0,0,0,0,100,0,0,0,100,100
2580,0,56,56,0,0,0,73,73,0,0
2581,1266,0,0,0,0,0,101,0,0,0
2582,331,0,0,0,73,0,0,73,0,0
2583,0,67,0,0,0,0,0,24,24,24
2584,0,0,0,79,0,0,0,0,0,0
2585,0,2,2,0,0,0,0,26,26,26
2586,494,67,73,0,0,0,0,0,56,0
2587,405,28,73,0,0,0,0,0,0,0
2588,0,24,28,0,0,0,0,0,0,0
2589,0,56,60,0,0,0,0,0,63,0
2590,0,73,0,0,0,0,0,0,0,56
2591,0,55,55,0,0,0,0,0,60,60
2592,0,49,43,0,0,0,0,0,0,0
2593,0,0,0,0,0,0,0,0,99,0
2594,0,92,92,0,67,67,0,67,0,0
2595,313,74,73,0,0,0,0,0,0,0
2596,0,0,0,0,0,0,0,0,0,89
2597,0,1,1,0,0,0,67,0,0,0
2598,0,60,56,0,0,0,0,0,56,0
2599,0,73,73,0,0,0,0,0,24,0
2600,0,26,26,0,0,0,0,0,67,0
2601,0,57,0,0,0,0,0,27,0,0
2602,0,45,45,0,0,0,51,0,0,0
2603,0,39,39,0,0,0,0,0,0,45
2604,895,0,29,0,0,0,0,27,0,0
2605,232,54,0,0,0,0,0,27,0,0
2606,0,0,41,0,0,0,0,0,0,45
2607,205,66,66,0,0,0,0,0,63,0
2608,0,32,47,0,0,0,0,0,0,0
2609,0,63,0,0,0,0,27,0,0,0
2610,0,0,0,0,0,0,73,73,0,0
2611,0,81,81,0,0,0,0,0,83,0
2612,0,26,0,0,0,0,0,0,0,26
2613,0,67,0,0,0,0,0,0,0,39
2614,0,0,0,0,67,67,67,67,67,0
2615,0,67,0,0,0,0,90,0,0,0
2616,1601,73,73,0,0,0,0,0,57,0
2617,0,0,0,0,0,0,50,50,0,0
2618,911,26,83,0,0,0,0,0,0,0
2619,218,67,37,0,0,0,0,0,0,0
2620,0,73,73,0,0,0,0,73,73,0
2621,1867,0,0,103,0,0,0,0,0,0
2622,0,0,0,0,0,0,27,90,90,0
2623,0,26,58,0,0,0,0,0,0,0
2624,0,45,45,0,0,0,0,0,60,60
2625,734,25,25,0,0,0,0,27,0,0
2626,200,45,45,0,0,0,0,27,0,0
2627,458,73,0,0,0,0,0,0,73,0
2628,0,0,0,0,0,0,66,0,0,0
2629,1522,84,84,0,0,0,0,27,0,0
2630,4641,82,67,0,0,0,0,0,0,0
2631,0,0,42,0,0,0,45,45,0,0
2632,0,56,79,0,0,0,0,0,0,0
2633,8529,0,0,0,0,0,0,27,56,0
2634,0,41,41,0,0,0,79,0,0,0
2635,0,0,67,0,0,0,0,27,63,63
2636,0,67,0,0,0,0,0,27,63,63
2637,0,73,73,0,0,0,67,0,67,0
2638,0,35,32,0,0,0,0,0,0,0
2639,0,0,0,0,0,67,27,0,0,0
2640,9758,80,80,0,0,0,0,27,0,0
2641,0,60,60,0,0,0,0,27,56,0
2642,1161,0,64,0,0,0,0,27,0,0
2643,0,56,56,0,0,0,67,67,67,0
2644,0,0,0,0,0,76,0,0,0,0
2645,0,34,67,0,0,0,0,0,0,0
2646,0,41,43,0,0,0,0,0,0,0
2647,173,73,47,0,0,0,0,0,0,0
2648,0,0,0,0,0,0,24,0,63,0
2649,0,86,56,0,0,0,0,0,0,0
2650,0,60,60,0,0,0,41,0,0,41
2651,0,49,49,0,0,0,49,0,0,0
2652,0,0,90,0,0,0,0,27,89,0
2653,0,0,58,0,0,0,27,0,0,0
2654,239,1,1,0,0,0,0,0,0,26
2655,0,0,0,25,0,0,0,0,0,0
2656,3751,63,63,0,0,0,0,0,59,0
2657,0,0,0,0,0,105,0,0,0,0
2658,260,73,73,0,0,73,0,0,0,0
2659,7333,67,63,0,0,0,0,27,0,0
2660,0,0,0,0,0,0,0,27,90,0
2661,0,0,0,0,0,0,27,0,89,0
2662,0,0,0,0,0,0,0,0,0,82
2663,489,0,73,92,0,0,0,0,0,0
2664,0,81,81,0,0,0,81,0,81,0
2665,0,60,73,0,0,0,0,0,0,0
2666,0,56,67,0,0,0,0,27,0,0
2667,7026,0,0,0,0,0,0,92,0,0
2668,5170,82,82,0,0,0,0,27,0,0
2669,0,101,101,0,0,0,0,27,0,0
2670,0,67,56,0,0,0,0,27,0,0
2671,0,1,1,0,0,0,0,0,73,0
2672,914,0,0,0,0,0,0,0,47,0
2673,0,56,67,0,0,0,0,0,60,0
2674,0,67,67,0,0,73,0,0,0,0
2675,0,0,60,0,0,0,45,0,0,0
2676,814,45,0,0,0,0,0,27,0,0
2677,0,60,41,0,0,0,0,0,0,56
2678,536,0,73,0,0,0,73,0,0,0
2679,0,0,0,0,0,0,27,63,63,63
2680,0,0,67,0,0,0,0,0,0,32
2681,887,0,73,0,0,0,0,0,56,56
2682,0,60,60,0,0,0,0,0,67,0
2683,0,4,0,0,0,0,0,27,0,0
2684,0,0,0,0,67,0,0,0,0,63
2685,805,73,73,92,0,0,0,0,0,0
2686,0,59,59,0,0,0,0,0,67,67
2687,0,56,0,0,0,0,0,0,0,41
2688,0,76,76,0,0,0,0,0,56,0
2689,793,0,78,0,0,0,0,27,0,0
2690,313,67,67,0,0,0,0,0,73,0
2691,0,47,60,0,0,0,0,0,0,0
2692,245,73,0,0,0,0,41,0,0,0
2693,0,28,28,0,0,0,0,0,0,28
2694,401,63,63,0,0,0,41,27,0,0
2695,0,56,56,0,0,0,0,0,95,0
2696,0,55,45,0,0,0,0,0,0,0
2697,0,60,0,0,0,0,0,0,73,0
2698,0,60,60,0,0,0,0,0,0,73
2699,0,59,59,0,0,0,63,63,63,0
2700,0,114,0,0,0,0,0,0,0,0
2701,0,59,59,0,0,0,63,0,63,0
2702,0,63,16,0,0,0,0,0,0,0
2703,0,63,63,0,0,0,90,0,0,0
2704,0,73,73,0,0,0,0,0,0,39
2705,0,73,56,0,0,0,0,27,0,0
2706,0,0,67,0,0,0,90,0,0,0
2707,421,63,2,0,0,0,0,0,0,0
2708,0,54,47,0,0,0,0,0,0,0
2709,0,2,2,0,0,0,41,0,0,0
2710,0,0,0,0,102,0,0,0,0,0
2711,339,73,73,0,0,0,0,0,57,57
2712,362,67,63,0,0,0,73,0,0,0
2713,0,67,67,0,0,0,26,0,26,26
2714,0,0,0,0,0,0,100,100,100,0
2715,0,60,41,0,0,0,0,0,0,41
2716,0,67,67,0,0,0,26,26,26,0
2717,0,0,0,0,0,0,100,100,100,100
2718,0,73,0,0,0,0,0,0,0,63
2719,2669,74,74,0,0,0,0,27,0,0
2720,0,73,63,0,0,0,0,0,0,73
2721,243,7,0,0,0,0,0,27,0,0
2722,1073,63,0,0,0,0,73,0,0,0
2723,0,24,63,0,0,0,0,0,0,0
2724,0,41,83,0,0,0,0,0,0,0
2725,0,43,60,0,0,0,0,0,0,0
2726,0,54,60,0,0,0,0,0,0,0
2727,0,63,63,0,0,0,0,24,24,24
2728,2551,28,28,0,0,0,0,27,0,0
2729,0,60,60,0,0,0,44,0,0,0
2730,0,83,0,0,0,0,0,0,26,0
2731,438,0,106,0,0,0,0,0,0,0
2732,0,0,67,0,0,0,0,63,63,0
2733,1252,95,73,0,0,0,0,0,0,0
2734,0,67,67,0,0,0,0,83,83,83
2735,0,0,67,0,0,0,0,0,95,0
2736,0,83,83,0,0,0,0,0,26,26
2737,1177,62,62,0,0,0,0,27,0,0
2738,413,49,47,0,0,0,0,0,0,0
2739,924,65,0,0,0,0,0,27,0,0
2740,0,67,41,0,0,0,0,0,56,56
2741,0,39,39,0,0,0,0,0,0,39
2742,232,29,29,0,0,0,0,27,0,0
2743,0,0,0,0,0,63,0,0,63,0
2744,0,73,73,0,0,0,0,27,73,0
2745,0,63,63,0,0,0,24,0,0,0
2746,0,90,90,0,0,0,89,89,0,0
2747,0,59,59,0,73,73,0,73,73,73
2748,273,63,63,0,0,0,0,0,24,0
2749,0,63,63,0,0,0,0,27,0,41
2750,0,24,24,0,0,0,0,26,26,0
2751,0,73,32,0,0,0,0,0,0,0
2752,0,73,73,0,0,0,0,0,24,24
2753,0,0,63,0,0,0,0,0,67,67
2754,0,57,57,0,0,0,41,0,0,41
2755,209,63,95,0,0,0,67,0,0,0
2756,0,63,63,0,0,0,0,27,0,56
2757,0,0,73,0,0,0,73,0,73,0
2758,0,73,73,0,0,0,0,0,56,41
2759,0,63,63,0,0,0,0,0,83,0
2760,0,0,0,0,0,0,0,81,81,0
2761,0,81,83,0,0,0,0,0,0,0
2762,0,47,55,0,0,0,0,0,0,0
2763,280,16,63,0,0,0,0,0,0,0
2764,0,0,41,0,0,0,0,0,0,73
2765,1096,26,95,0,0,0,0,0,0,0
2766,0,81,81,0,0,0,0,0,0,83
2767,0,57,95,0,0,0,0,0,0,0
2768,0,40,41,0,0,0,0,0,0,0
2769,0,0,0,0,0,0,27,0,97,0
2770,0,90,0,0,0,0,0,0,89,89
2771,0,67,63,0,0,0,0,0,0,73
2772,1972,0,107,0,0,0,0,0,0,0
2773,0,41,0,0,0,0,0,0,0,60
2774,0,63,63,0,0,0,0,26,26,26
2775,926,67,95,0,0,0,0,0,63,0
2776,476,0,0,0,0,0,81,0,0,0
2777,0,59,59,0,73,73,0,73,73,0
2778,0,24,24,0,0,0,67,0,0,0
2779,0,0,0,0,0,0,92,0,92,24
2780,0,24,24,0,0,0,92,0,0,0
2781,0,95,95,0,0,0,0,0,67,0
2782,0,60,95,0,0,0,0,0,63,0
2783,0,0,0,0,0,0,27,0,80,80
2784,0,63,0,0,0,0,0,0,0,73
2785,0,79,41,0,0,0,0,0,0,0
2786,0,67,67,0,0,0,0,0,95,0
2787,268,0,0,0,0,0,0,27,0,26
2788,633,37,37,0,0,0,0,0,0,37
2789,0,0,0,0,0,0,110,0,90,0
2790,395,67,65,0,0,0,0,0,0,0
2791,0,66,66,0,0,0,0,0,56,56
2792,0,63,63,0,0,0,90,90,90,0
2793,0,0,0,0,100,100,0,100,100,0
2794,0,73,73,0,73,73,0,73,73,0
2795,0,26,26,0,0,0,0,0,26,26
2796,0,0,0,0,103,103,0,0,0,0
2797,0,95,60,0,0,0,0,0,63,0
2798,420,0,0,0,0,0,0,27,73,0
2799,402,67,67,0,0,0,67,0,0,0
2800,0,58,0,0,0,0,90,0,0,0
2801,0,0,0,0,101,0,0,101,101,101
2802,0,0,0,0,0,0,25,0,25,0
2803,0,73,73,0,0,0,0,0,56,73
2804,0,83,83,0,0,0,0,0,83,83
2805,0,51,43,0,0,0,0,0,0,0
2806,479,32,32,0,0,0,0,27,0,0
2807,1666,81,81,0,0,0,0,27,0,0
2808,0,67,63,0,0,0,0,0,0,41
2809,0,67,92,0,0,67,0,67,0,0
2810,339,67,67,0,0,0,73,0,0,0
2811,0,58,58,0,0,0,0,0,81,0
2812,401,63,63,74,0,0,0,0,0,0
2813,0,73,73,73,73,0,0,0,0,0
2814,869,73,73,0,0,0,0,0,73,0
2815,0,16,16,0,0,0,0,0,81,0
2816,0,57,57,0,0,0,0,0,67,67
2817,0,59,59,0,0,0,73,0,73,73
2818,37675,80,0,0,0,0,0,0,0,0
2819,271,73,41,0,0,0,0,0,56,0
2820,0,67,0,0,0,0,0,0,73,73
2821,0,0,0,0,0,0,0,0,89,63
2822,0,57,57,0,0,67,0,0,0,0
2823,490,0,0,0,0,0,80,0,0,0
2824,0,73,63,0,0,0,0,0,0,56
2825,259,0,0,0,0,0,0,0,100,0
2826,0,73,67,92,0,0,0,0,0,0
2827,0,63,90,0,0,0,0,0,0,0
2828,0,25,25,0,0,0,73,0,0,0
2829,203,0,92,0,0,0,0,0,56,0
2830,0,79,79,111,0,0,0,0,0,0
2831,0,57,57,0,0,0,0,0,81,0
2832,419,0,0,0,0,0,0,80,0,0
2833,0,81,56,0,0,0,0,0,0,0
2834,0,77,77,0,0,0,0,0,81,81
2835,0,25,25,0,0,0,0,73,73,73
2836,377,81,81,0,0,0,81,0,0,0
2837,0,0,0,0,0,0,0,81,81,81
2838,0,57,57,0,0,0,81,0,81,0
2839,0,59,59,0,0,0,73,0,0,73
2840,0,0,0,0,0,0,81,0,0,81
2841,0,73,0,0,0,0,0,0,0,73
2842,644,0,98,0,0,0,0,0,0,0
2843,1567,0,0,0,0,113,0,0,0,0
2844,0,49,41,0,0,0,0,0,0,0
2845,0,0,0,0,0,0,89,0,89,0
2846,0,81,81,0,0,0,0,0,0,56
2847,0,73,0,0,73,0,0,0,0,0
2848,0,90,0,0,0,0,0,0,89,0
2849,0,57,57,73,0,0,0,0,0,0
2850,241,0,0,0,0,0,0,27,0,58
2851,0,0,0,0,97,0,0,0,97,0
2852,3186,41,63,0,0,0,0,27,0,0
2853,0,67,0,0,0,0,27,0,63,63
2854,206,82,95,0,0,0,0,27,0,0
2855,0,73,73,0,0,0,0,0,0,60
2856,0,0,63,0,67,0,0,67,0,0
2857,2107,0,92,0,0,0,0,27,0,0
2858,559,0,0,0,0,0,0,0,32,32
2859,0,73,73,0,0,0,0,0,25,0
2860,0,86,86,0,0,0,0,0,0,58
2861,0,77,77,0,0,0,81,0,81,0
2862,555,81,81,0,0,0,0,0,81,0
2863,0,26,26,0,0,0,0,0,81,0
2864,1481,0,0,0,113,0,0,0,0,0
2865,205,63,63,0,0,0,63,0,63,0
2866,481,63,63,92,0,0,0,27,0,0
2867,1093,99,99,0,0,0,0,0,0,0
2868,0,73,73,0,0,0,0,0,95,0
2869,0,0,81,0,0,0,0,0,81,0
2870,0,92,92,0,0,0,0,0,0,63
2871,0,81,81,0,0,0,81,81,81,0
2872,0,81,81,0,0,0,0,0,60,0
2873,0,81,40,0,0,0,0,0,0,0
2874,0,0,83,0,0,0,0,0,0,83
2875,0,24,24,0,0,0,0,0,67,0
2876,0,63,63,0,0,0,89,0,0,0
2877,965,0,118,0,0,0,0,0,0,0
2878,0,73,73,0,73,0,0,73,73,0
2879,0,113,113,0,0,0,0,0,0,0
2880,0,41,41,0,0,0,73,0,0,0
2881,0,0,79,111,0,0,0,0,0,0
2882,4098,0,63,0,0,0,0,0,56,56
2883,2907,96,96,0,0,0,0,0,0,0
2884,304,41,82,0,0,0,0,0,0,0
2885,0,0,0,0,0,100,0,100,100,0
2886,0,92,92,0,0,0,27,0,0,0
2887,0,25,25,0,0,0,81,0,0,0
2888,0,77,81,0,0,0,0,0,0,0
2889,0,0,0,0,0,0,103,0,103,103
2890,0,55,55,0,0,0,0,0,56,0
2891,0,115,115,0,0,0,0,0,0,0
2892,0,81,81,0,0,0,0,0,81,81
2893,0,57,57,0,0,0,0,0,81,81
2894,0,55,81,0,0,0,0,0,0,0
2895,0,0,114,0,0,0,0,0,0,0
2896,555,0,0,0,0,0,0,100,0,0
2897,1524,73,76,0,0,0,0,0,0,0
2898,0,57,57,0,0,0,110,0,63,0
2899,0,81,81,0,0,0,0,81,0,0
2900,0,0,81,0,0,0,0,0,81,81
2901,0,41,81,0,0,0,0,0,0,0
2902,0,81,58,0,0,0,0,0,0,0
2903,0,86,0,0,0,0,0,0,0,86
2904,334,39,86,0,0,0,0,0,0,0
2905,271,83,83,0,0,0,0,0,83,0
2906,0,114,114,0,0,0,0,0,0,0
2907,0,57,57,0,67,0,0,0,0,0
2908,416,41,73,0,0,0,0,27,0,0
2909,0,67,67,0,73,0,0,0,0,0
2910,0,83,83,0,0,0,0,0,0,26
2911,0,73,73,0,0,0,24,24,0,0
2912,0,73,73,73,0,0,0,0,0,0
2913,0,41,0,0,0,0,0,0,0,56
2914,0,0,60,0,0,0,0,0,73,0
2915,0,63,41,0,0,0,0,0,0,56
2916,0,81,81,0,0,0,0,0,56,56
2917,0,0,0,0,0,97,0,97,97,97
2918,0,81,81,0,0,0,76,0,0,0
2919,257,55,55,0,0,0,0,27,0,0
2920,0,0,0,0,0,97,0,0,97,97
2921,1082,0,0,0,0,0,97,0,0,0
2922,269,27,63,0,0,0,0,0,0,0
2923,403,101,101,101,0,0,0,0,0,0
2924,0,76,76,0,0,0,0,0,63,0
2925,0,59,67,0,0,0,0,0,63,0
2926,1705,66,63,0,0,0,0,0,0,0
2927,966,73,79,0,0,0,0,0,0,0
2928,491,41,64,0,0,0,0,0,0,0
2929,0,67,67,0,0,0,73,0,73,0
2930,0,73,73,0,73,0,0,73,0,0
2931,257,86,34,0,0,0,0,0,0,0
2932,272,83,63,0,0,0,0,0,0,0
2933,3914,0,89,0,0,0,0,0,0,0
2934,0,0,0,92,0,0,0,92,57,57
2935,0,59,59,0,0,0,81,0,81,81
2936,0,82,82,0,0,0,0,0,82,0
2937,0,65,73,0,0,0,0,0,0,0
2938,0,73,73,0,0,0,0,73,73,73
2939,0,56,56,0,0,0,0,0,81,0
2940,0,0,0,0,0,0,81,81,81,0
2941,0,41,86,0,0,0,0,0,0,0
2942,0,86,86,0,0,0,0,0,86,86
2943,0,86,65,0,0,0,0,0,0,0
2944,0,36,36,0,0,0,86,0,0,0
2945,0,67,67,0,0,92,0,0,0,0
2946,360,73,73,0,0,0,0,24,0,0
2947,0,116,116,0,0,0,0,0,0,0
2948,267,0,116,0,0,0,0,0,0,0
2949,0,63,0,0,0,0,0,0,0,67
2950,2359,0,66,0,0,0,0,27,0,0
2951,0,67,67,0,0,0,0,63,63,63
2952,0,56,56,0,0,0,0,67,67,0
2953,444,81,63,0,0,0,0,0,0,0
2954,0,63,63,0,0,0,67,67,67,0
2955,0,58,58,0,0,0,0,0,26,0
2956,0,0,67,0,0,0,92,92,0,0
2957,426,67,63,0,0,0,0,0,56,56
2958,0,63,67,0,0,0,0,0,95,0
2959,0,0,0,0,84,0,0,0,0,0
2960,202,73,0,0,0,73,0,0,0,0
2961,0,77,77,0,0,0,0,0,81,0
2962,0,59,59,0,0,0,41,0,73,0
2963,0,67,67,0,0,0,63,0,63,0
2964,0,73,0,0,0,0,0,63,63,63
2965,0,0,0,0,0,0,0,0,96,0
2966,0,82,82,0,0,0,0,0,63,63
2967,0,67,0,0,0,0,63,0,63,63
2968,0,73,67,0,0,0,0,0,63,63
2969,300,63,63,0,0,0,67,27,0,0
2970,0,67,73,0,0,0,0,63,63,63
2971,0,60,56,0,0,0,0,27,0,0
2972,888,0,0,0,0,0,0,97,0,0
2973,0,83,83,0,0,0,0,0,81,0
2974,0,0,0,0,0,0,0,0,0,84
2975,0,63,63,0,0,0,95,0,95,95
2976,464,0,0,0,0,0,100,0,0,0
2977,0,0,0,0,0,0,80,0,80,0
2978,0,57,57,0,0,0,67,67,67,67
2979,381,67,80,0,0,0,0,0,0,0
2980,515,62,66,0,0,0,0,0,0,0
2981,2030,63,82,0,0,0,0,0,0,0
2982,943,0,1,0,0,0,0,27,0,0
2983,0,0,63,0,0,0,0,0,0,73
2984,0,0,0,0,0,100,0,0,100,100
2985,803,97,0,0,0,0,0,27,0,0
2986,0,0,84,0,0,0,0,0,84,0
2987,0,67,73,0,0,0,0,0,26,0
2988,0,0,57,0,0,0,0,27,0,0
2989,0,0,60,0,0,0,0,0,67,0
2990,585,64,67,0,0,0,0,0,0,0
2991,1163,58,63,0,0,0,0,27,0,0
2992,335,41,73,0,0,0,0,0,63,0
2993,0,73,0,0,0,0,73,0,73,0
2994,0,81,60,0,0,0,0,0,0,0
2995,442,73,73,0,0,0,0,27,56,0
2996,7657,0,96,0,0,0,0,0,0,0
2997,0,63,63,73,0,0,0,0,0,0
2998,0,0,0,81,0,0,0,0,0,0
2999,0,92,92,0,0,0,0,67,67,0
3000,282,82,41,0,0,0,0,0,0,0
3001,0,0,0,102,0,0,0,0,0,0
3002,0,34,34,0,0,0,0,86,86,0
3003,0,34,34,0,86,86,0,86,86,86
3004,0,86,1,0,0,0,0,0,0,0
3005,862,97,97,0,0,0,0,27,0,0
3006,0,81,81,0,0,0,0,0,0,60
3007,0,25,73,0,0,0,0,0,0,0
3008,0,73,73,111,0,0,0,0,0,0
3009,0,60,60,0,0,0,0,0,0,58
3010,264,81,73,0,0,0,0,0,0,0
3011,0,86,86,0,0,0,0,0,0,56
3012,0,73,73,0,0,0,73,73,73,0
3013,0,67,67,0,0,67,0,0,0,0
3014,0,67,60,0,0,0,0,27,0,0
3015,268,63,63,0,0,0,73,27,0,0
3016,0,67,41,0,0,0,0,26,26,26
3017,0,63,63,0,0,0,0,0,26,26
3018,0,81,81,0,0,0,0,0,0,58
3019,0,74,58,0,0,0,0,0,0,0
3020,0,67,0,0,0,0,63,0,0,0
3021,0,110,73,0,0,0,0,0,0,0
3022,0,60,41,0,0,0,0,27,0,0
3023,0,67,41,0,0,0,0,0,63,63
3024,0,0,0,0,84,0,0,0,84,0
3025,613,73,73,0,0,0,67,0,0,0
3026,0,73,73,0,73,73,0,0,0,0
3027,0,81,81,0,0,0,0,0,25,0
3028,0,81,81,0,0,0,26,0,0,0
3029,1052,0,0,0,0,0,0,0,32,0
3030,0,63,73,0,0,0,0,0,0,56
3031,0,60,60,0,0,0,0,73,73,73
3032,207,84,84,0,0,0,0,84,0,0
3033,0,73,73,0,0,73,0,0,73,0
3034,674,76,63,0,0,0,0,0,0,0
3035,412,73,73,0,0,0,0,0,67,0
3036,724,67,79,0,0,0,0,0,0,0
3037,0,74,74,0,0,0,0,0,73,0
3038,1443,27,0,0,0,0,0,27,0,0
3039,529,99,0,0,0,0,0,0,0,0
3040,0,57,57,0,0,0,0,27,63,0
3041,333,81,67,0,0,0,0,0,0,0
3042,1300,0,76,0,0,0,0,27,0,0
3043,398,63,63,0,0,0,0,27,63,0
3044,1645,62,0,0,0,0,0,27,0,0
3045,0,67,3,0,0,0,0,0,0,0
3046,0,73,56,0,0,0,0,0,63,0
3047,319,63,67,92,0,0,0,0,0,0
3048,0,73,73,0,0,0,73,0,73,0
3049,0,84,0,0,0,0,0,0,84,0
3050,0,0,0,0,0,0,0,0,89,73
3051,0,60,60,0,0,0,81,0,0,0
3052,3374,95,82,0,0,0,0,0,0,0
3053,173,0,0,0,0,32,0,0,0,0
3054,721,63,63,0,0,0,0,27,67,0
3055,334,82,82,0,0,0,0,0,60,0
3056,9171,0,82,0,0,0,0,27,0,0
3057,3419,95,0,0,0,0,0,27,0,0
3058,231,48,0,0,0,0,0,27,0,0
3059,0,67,55,0,0,0,0,0,0,0
3060,0,67,67,0,0,0,0,0,0,28
3061,206,0,0,0,0,0,90,27,90,0
3062,0,40,40,0,0,0,0,0,0,40
3063,0,0,0,0,0,0,103,103,103,0
3064,0,0,73,0,0,0,0,0,0,73
3065,0,67,41,0,0,0,0,0,0,56
3066,1978,0,63,0,0,0,0,27,56,0
3067,315,37,0,0,0,0,0,27,0,0
3068,0,59,59,0,0,0,81,0,81,0
3069,0,81,57,0,0,0,0,0,0,0
3070,0,29,86,0,0,0,0,0,0,0
3071,445,83,83,0,0,0,0,27,0,0
3072,0,0,0,0,0,0,84,84,84,0
3073,0,73,73,0,0,0,0,0,0,32
3074,0,57,57,0,0,0,0,0,0,81
3075,0,0,0,0,0,0,97,97,0,0
3076,0,0,0,0,0,0,81,81,0,0
3077,0,0,0,0,0,0,0,103,103,103
3078,0,73,73,0,73,0,73,0,0,0
3079,0,86,58,0,0,0,0,0,0,0
3080,0,73,73,0,0,0,73,0,0,73
3081,0,0,27,0,0,0,0,0,63,0
3082,2534,94,0,0,0,0,0,27,0,0
3083,0,90,0,0,0,0,0,89,89,0
3084,0,0,90,0,0,0,0,89,89,0
3085,322,32,32,0,0,0,0,0,32,0
3086,0,57,57,0,0,0,0,0,0,86
3087,1139,0,30,0,0,0,0,0,0,0
3088,206,0,0,0,0,0,0,84,84,0
3089,0,90,90,0,0,0,89,0,0,0
3090,1520,0,27,0,0,0,0,27,0,0
3091,0,63,63,0,0,0,0,0,0,81
3092,454,82,82,0,0,0,82,0,0,0
3093,0,41,41,0,0,0,0,0,81,0
3094,0,81,81,0,0,0,0,0,0,81
3095,821,92,92,0,0,0,0,27,0,0
3096,1758,94,94,0,0,0,0,27,0,0
3097,0,82,82,0,0,0,0,0,0,82
3098,0,73,73,0,82,0,0,0,0,0
3099,2397,73,82,0,0,0,0,0,0,0
3100,0,81,81,0,0,0,0,81,81,81
3101,0,59,59,0,0,0,0,0,81,81
3102,0,73,73,0,0,0,0,0,0,81
3103,0,59,59,0,0,0,0,0,0,81
3104,0,59,59,0,0,0,0,81,81,81
3105,0,59,59,0,0,0,0,0,81,0
3106,0,83,83,0,0,0,0,0,0,81
3107,0,59,59,0,0,0,0,81,81,0
3108,0,0,81,0,0,0,0,0,0,81
3109,0,81,81,0,0,0,0,0,73,0
3110,0,81,32,0,0,0,0,0,0,0
3111,0,59,81,0,0,0,0,0,0,0
3112,0,57,57,0,0,0,0,81,81,81
3113,0,81,0,0,0,0,0,0,0,81
3114,0,59,59,0,0,0,81,81,81,81
3115,0,77,77,0,0,0,0,0,0,81
3116,0,77,77,0,0,0,0,81,81,81
3117,0,25,25,0,0,0,0,80,80,80
3118,6336,82,0,0,0,0,0,27,0,0
3119,0,81,0,0,0,0,0,0,81,81
3120,0,81,81,0,0,0,73,0,0,0
3121,0,16,81,0,0,0,0,0,0,0
3122,0,81,77,0,0,0,0,0,0,0
3123,0,36,36,0,0,0,0,0,86,0
3124,0,36,36,0,0,0,0,0,0,86
3125,0,86,86,0,0,0,67,0,0,0
3126,193,0,0,0,0,0,0,32,32,0
3127,0,43,44,0,0,0,0,0,0,0
3128,1271,83,0,0,0,0,0,27,0,0
3129,1176,0,97,0,0,0,0,27,0,0
3130,374,82,96,0,0,0,0,0,0,0
3131,3032,0,96,0,0,0,0,27,0,0
3132,0,63,63,0,73,73,0,0,0,0
3133,0,0,0,0,0,84,0,0,84,0
3134,0,47,81,0,0,0,0,0,0,0
3135,0,81,81,0,0,0,81,0,81,81
3136,0,32,81,0,0,0,0,0,0,0
3137,269,84,84,0,0,0,0,0,84,0
3138,0,103,103,0,0,0,0,0,103,0
3139,0,81,81,0,81,0,0,0,81,0
3140,0,73,73,0,0,0,0,0,81,0
3141,1166,0,83,0,0,0,0,27,0,0
3142,0,57,57,0,0,0,0,81,81,0
3143,0,81,81,0,0,0,0,0,56,0
3144,0,0,0,0,84,84,0,84,84,0
3145,0,81,81,0,0,0,0,0,26,0
3146,0,0,0,0,84,84,0,84,84,84
3147,0,0,0,0,0,0,0,103,103,0
3148,0,25,25,0,0,0,0,81,81,81
3149,0,81,47,0,0,0,0,0,0,0
3150,4899,96,0,0,0,0,0,0,0,0
3151,0,56,55,0,0,0,0,0,0,0
3152,1579,0,81,0,0,0,0,27,0,0
3153,0,81,81,0,0,0,0,0,59,59
3154,0,84,84,84,0,0,0,0,0,0
3155,0,81,55,0,0,0,0,0,0,0
3156,0,73,73,0,0,0,81,0,0,0
3157,0,73,73,0,0,0,47,0,0,0
3158,0,0,0,0,0,84,0,0,0,0
3159,0,57,81,0,0,0,0,0,0,0
3160,0,67,67,0,0,0,0,0,81,0
3161,0,81,97,0,0,0,0,0,0,0
3162,0,0,90,0,0,0,89,89,0,0
3163,0,81,81,0,0,0,0,0,0,32
3164,1592,81,0,0,0,0,0,27,0,0
3165,0,60,60,0,0,0,0,0,81,0
3166,0,56,56,0,0,0,0,0,81,81
3167,1846,89,89,0,0,0,0,0,0,0
3168,0,26,26,0,0,0,0,81,81,81
3169,0,81,81,0,0,81,0,0,81,0
3170,0,81,0,0,0,0,0,0,81,0
3171,0,73,73,0,0,0,81,81,81,0
3172,812,64,0,0,0,0,0,27,0,0
3173,0,81,81,0,0,0,0,0,57,57
3174,276,95,95,0,0,0,0,0,83,0
3175,0,73,73,0,0,0,0,0,81,81
3176,0,0,81,0,0,0,81,0,0,0
3177,0,47,54,0,0,0,0,0,0,0
3178,246,73,81,0,0,0,0,0,0,0
3179,0,81,81,0,0,0,0,0,0,26
3180,0,81,67,0,0,0,0,0,81,0
3181,0,47,32,0,0,0,0,0,0,0
3182,0,81,59,0,0,0,0,0,0,0
3183,0,81,81,0,0,0,0,0,26,26
3184,0,26,26,0,0,0,81,0,81,0
3185,0,73,73,0,0,0,0,81,81,81
3186,0,25,25,0,0,0,0,0,81,0
3187,222,32,29,0,0,0,0,0,0,0
3188,0,81,81,0,0,0,0,0,28,0
3189,0,0,0,0,0,0,0,81,0,0
3190,308,63,81,0,0,0,0,0,0,0
3191,0,81,26,0,0,0,0,0,0,0
3192,0,58,81,0,0,0,0,0,0,0
3193,0,56,56,0,0,0,0,81,81,81
3194,0,0,0,0,0,0,89,89,0,0
3195,0,28,28,0,0,0,0,0,81,0
3196,0,77,77,0,0,0,0,27,0,0
3197,0,28,81,0,0,0,0,0,0,0
3198,0,59,59,0,0,0,81,81,81,0
3199,0,81,81,0,0,0,0,0,59,0
3200,0,57,57,0,0,0,81,81,81,81
3201,0,33,33,0,0,0,0,0,81,0
3202,0,45,49,0,0,0,0,0,0,0
3203,0,73,29,0,0,0,0,0,0,0
3204,0,81,81,0,0,0,81,81,81,81
3205,0,56,56,0,0,0,81,81,81,81
3206,0,73,73,0,0,0,0,81,81,0
3207,0,90,0,0,0,0,89,0,0,0
3208,0,41,41,0,0,0,0,0,0,81
3209,0,47,47,0,0,0,49,0,0,0
3210,0,81,81,0,0,0,0,0,63,0
3211,0,0,0,0,0,0,94,0,94,94
3212,0,81,27,0,0,0,0,0,0,0
3213,0,81,41,0,0,0,0,0,0,0
3214,0,55,55,0,0,0,0,0,81,0
3215,0,45,54,0,0,0,0,0,0,0
3216,0,0,0,0,0,100,0,100,100,100
3217,0,81,28,0,0,0,0,0,0,0
3218,0,0,0,0,0,0,84,0,0,84
3219,0,81,73,0,0,0,0,0,81,0
3220,0,86,86,0,0,0,0,0,0,32
3221,0,81,81,0,0,0,0,0,0,57
3222,0,63,63,0,0,0,67,0,67,67
3223,0,63,95,0,0,0,0,0,0,67
3224,0,81,81,0,0,0,0,0,0,41
3225,0,81,81,0,0,0,67,0,0,0
3226,0,77,73,0,0,0,0,0,0,0
3227,0,81,81,0,0,0,27,0,0,0
3228,0,90,90,0,0,0,0,0,0,89
3229,0,90,90,0,0,0,27,0,0,0
3230,2170,84,0,0,0,0,0,27,0,0
3231,0,56,56,0,0,0,81,0,81,0
3232,2085,82,73,0,0,0,0,0,0,0
3233,0,84,84,0,0,0,0,0,84,84
3234,1933,0,25,0,0,0,0,27,0,0
3235,0,56,56,0,0,0,0,0,0,81
3236,0,0,0,0,103,0,0,0,0,0
3237,2078,0,84,0,0,0,0,27,0,0
3238,0,82,82,0,0,0,73,0,0,0
3239,189,32,82,0,0,0,0,0,0,0
3240,0,81,81,0,0,0,81,0,0,81
3241,0,0,0,0,0,0,0,84,84,84
3242,0,33,81,0,0,0,0,0,0,0
3243,514,82,81,0,0,0,0,0,0,0
3244,0,27,81,0,0,0,0,0,0,0
3245,314,86,86,0,0,0,0,27,0,0
3246,0,26,26,0,0,0,0,0,0,81
3247,0,57,57,0,0,0,81,0,81,81
3248,2608,92,0,0,0,0,0,27,0,0
3249,0,81,33,0,0,0,0,0,0,0
3250,0,81,81,0,0,0,0,0,0,28
3251,0,81,81,0,0,0,0,27,81,81
3252,526,96,96,0,0,0,0,27,0,0
3253,0,67,0,0,0,0,0,63,63,0
3254,0,67,67,0,0,0,95,95,95,0
3255,0,67,67,0,0,0,0,0,0,81
3256,2169,94,82,0,0,0,0,0,0,0
3257,386,32,86,0,0,0,0,0,0,0
3258,0,60,81,0,0,0,0,0,0,0
3259,0,27,27,0,0,0,0,0,81,0
3260,0,0,0,0,0,0,27,0,84,84
3261,0,63,0,0,0,0,67,0,0,67
3262,1214,0,65,0,0,0,0,27,0,0
3263,339,63,63,0,0,0,67,0,56,0
3264,254,82,67,0,0,0,0,27,0,0
3265,1895,82,63,0,0,0,0,0,0,0
3266,439,82,82,0,0,0,0,0,63,0
3267,267,94,95,0,0,0,0,0,0,0
3268,1394,82,94,0,0,0,0,0,0,0
3269,4668,67,82,0,0,0,0,0,0,0
3270,339,67,82,0,0,0,0,27,0,0
3271,0,29,32,0,0,0,0,0,0,0
3272,0,63,63,67,0,0,0,0,0,0
3273,0,15,15,0,0,0,0,0,63,0
3274,0,0,63,0,0,0,67,0,0,67
3275,0,0,0,0,0,67,0,27,0,0
3276,485,96,82,0,0,0,0,0,0,0
3277,234,27,67,0,0,0,0,0,0,0
3278,0,38,86,0,0,0,0,0,0,0
3279,0,65,86,0,0,0,0,0,0,0
3280,0,63,63,0,0,0,92,0,0,0
3281,0,0,0,0,90,90,0,0,90,90
3282,0,0,0,0,96,0,0,0,0,0
3283,0,94,94,0,0,0,0,0,82,0
3284,234,73,0,0,0,0,0,73,0,0
3285,490,80,80,0,0,0,27,0,0,0
3286,0,0,0,0,0,0,27,0,94,0
3287,0,82,82,0,0,0,27,0,0,0
3288,0,25,81,0,0,0,0,0,0,0
3289,0,81,81,0,0,0,0,27,81,0
3290,0,81,25,0,0,0,0,0,0,0
3291,0,0,0,0,84,84,84,0,0,0
3292,0,42,41,0,0,0,0,0,0,0
3293,0,57,57,0,0,0,81,0,0,0
3294,0,25,25,0,0,0,81,81,81,0
3295,0,0,0,0,0,0,27,0,84,0
3296,0,0,0,0,0,0,0,32,0,0
3297,0,0,0,0,100,0,0,100,100,0
3298,0,0,0,0,0,84,0,84,84,0
3299,0,57,57,0,0,0,81,81,81,0
3300,0,0,0,0,0,103,0,0,0,0
3301,0,41,47,0,0,0,0,0,0,0
3302,0,49,49,0,0,0,0,49,0,0
3303,0,26,26,0,0,0,0,0,81,81
3304,0,0,0,0,0,0,81,81,81,81
3305,0,73,44,0,0,0,0,0,0,0
3306,0,57,86,0,0,0,0,0,0,0
3307,0,86,57,0,0,0,0,0,0,0
3308,0,57,57,0,0,0,86,0,0,0
3309,0,86,47,0,0,0,0,0,0,0
3310,0,47,86,0,0,0,0,0,0,0
3311,0,86,86,0,0,0,0,0,0,37
3312,0,78,86,0,0,0,0,0,0,0
3313,0,63,63,92,92,92,0,0,0,0
3314,0,0,0,0,0,0,89,27,0,0
3315,457,47,0,0,0,0,0,27,0,0
3316,3093,82,95,0,0,0,0,0,0,0
3317,1197,96,0,0,0,0,0,27,0,0
3318,0,94,94,0,0,0,82,0,0,0
3319,1437,0,89,0,0,0,0,27,0,0
3320,0,63,63,0,0,0,81,0,0,0
3321,296,26,82,0,0,0,0,0,0,0
3322,0,27,0,0,0,0,0,0,63,63
3323,323,0,0,0,0,0,0,27,0,32
3324,549,78,0,0,0,0,0,27,0,0
3325,0,47,50,0,0,0,0,0,0,0
3326,0,0,0,92,67,0,0,0,0,0
3327,0,103,0,0,0,0,0,27,0,0
3328,0,81,80,0,0,0,0,0,0,0
3329,0,81,81,0,0,0,0,0,0,59
3330,0,59,59,0,0,0,81,0,0,0
3331,0,81,16,0,0,0,0,0,0,0
3332,0,26,80,0,0,0,0,0,0,0
3333,0,100,100,0,0,0,0,27,0,0
3334,219,81,84,0,0,0,0,0,0,0
3335,523,0,0,0,0,0,103,0,0,0
3336,0,81,81,0,0,0,0,0,60,60
3337,0,81,81,81,0,0,0,0,0,0
3338,0,81,81,0,0,0,0,0,57,0
3339,0,81,81,0,0,0,81,27,0,0
3340,0,81,81,0,0,0,73,0,73,0
3341,0,0,92,0,0,0,0,0,26,0
3342,0,0,0,0,84,0,0,84,84,84
3343,470,0,0,0,0,0,0,103,0,0
3344,0,81,26,0,0,0,0,0,81,0
3345,262,0,73,0,0,0,0,73,0,0
3346,7545,95,83,0,0,0,0,0,0,0
3347,0,81,81,0,0,0,55,0,0,0
3348,0,0,0,92,0,67,0,0,0,0
3349,0,0,0,0,0,0,27,0,100,100
3350,0,0,0,0,0,84,0,84,0,0
3351,1336,82,83,0,0,0,0,0,0,0
3352,0,73,73,0,73,73,0,73,0,0
3353,0,0,0,0,0,0,84,0,0,0
3354,0,81,81,0,0,0,0,0,67,0
3355,0,59,59,0,0,0,73,73,73,73
3356,0,84,81,0,0,0,0,0,0,0
3357,0,25,25,0,0,0,81,81,81,81
3358,0,81,76,0,0,0,0,0,0,0
3359,0,81,81,0,0,0,41,0,0,0
3360,379,33,33,0,0,0,0,27,0,0
3361,0,57,57,0,0,0,81,0,0,81
3362,0,83,83,0,0,0,0,0,95,0
3363,0,73,25,0,0,0,0,0,0,0
3364,0,74,81,0,0,0,0,0,0,0
3365,0,56,56,0,0,0,73,73,73,73
3366,0,81,81,0,0,0,55,55,0,0
3367,0,57,57,0,0,0,63,0,0,0
3368,266,97,97,0,0,0,27,0,0,0
3369,0,0,0,0,0,0,27,0,97,97
3370,0,16,16,0,0,0,0,0,0,81
3371,0,63,63,0,0,0,0,0,95,95
3372,0,45,45,0,0,0,49,0,0,0
3373,441,0,0,0,0,0,0,83,83,0
3374,0,25,25,92,0,0,0,0,0,0
3375,0,97,81,0,0,0,0,0,0,0
3376,0,0,84,84,0,0,0,0,0,0
3377,494,76,0,0,0,0,0,27,0,0
3378,0,73,73,0,0,0,63,0,63,0
3379,0,0,73,0,0,0,0,0,0,26
3380,609,80,67,0,0,0,0,0,0,0
3381,1981,88,88,0,0,0,0,0,0,0
3382,0,49,45,0,0,0,0,0,0,0
3383,241,47,73,0,0,0,0,0,0,0
3384,0,80,81,0,0,0,0,0,0,0
3385,0,0,0,0,0,0,99,0,99,0
3386,0,55,47,0,0,0,0,0,0,0
3387,0,73,73,0,0,0,73,27,0,0
3388,0,74,26,0,0,0,0,0,0,0
3389,0,67,0,92,92,92,0,0,0,0
3390,0,81,0,0,0,0,81,0,0,0
3391,0,26,26,0,0,0,0,0,0,83
3392,0,55,55,0,0,0,0,0,0,60
3393,0,26,26,0,0,0,0,0,0,58
3394,0,39,32,0,0,0,0,0,0,0
3395,0,25,25,0,0,0,0,80,0,0
3396,960,67,95,0,0,0,0,27,0,0
3397,0,83,25,0,0,0,0,0,0,0
3398,0,74,74,0,0,0,27,0,0,0
3399,0,83,83,0,0,0,0,0,25,0
3400,0,16,16,0,0,0,0,27,0,0
3401,469,80,63,0,0,0,0,0,0,0
3402,216,67,32,0,0,0,0,0,0,0
3403,0,0,0,0,0,84,0,84,84,84
3404,226,89,67,0,0,0,0,0,0,0
3405,2524,0,94,0,0,0,0,27,0,0
3406,279,39,47,0,0,0,0,0,0,0
3407,291,96,67,0,0,0,0,0,0,0
3408,519,0,0,0,115,115,0,27,0,0
3409,1096,63,58,0,0,0,0,27,0,0
3410,0,67,0,0,0,0,90,0,90,0
3411,415,54,41,0,0,0,0,0,0,0
3412,309,95,80,0,0,0,0,0,0,0
3413,0,86,79,0,0,0,0,0,0,0
3414,0,80,24,0,0,0,0,0,0,0
3415,0,90,67,0,0,0,0,89,0,0
3416,207,82,82,0,0,0,0,0,56,0
3417,0,0,95,0,0,0,0,0,0,83
3418,0,118,49,0,0,0,0,0,0,0
3419,0,67,67,92,0,0,0,92,0,0
3420,0,24,24,0,0,0,73,0,0,0
3421,0,26,57,0,0,0,0,0,0,0
3422,0,46,47,0,0,0,0,0,0,0
3423,0,83,83,0,0,0,81,0,0,0
3424,0,26,83,0,0,0,0,0,83,0
3425,0,24,24,92,0,0,0,0,0,0
3426,0,73,73,0,0,0,81,81,81,81
3427,0,90,63,0,0,0,0,0,0,0
3428,0,43,42,0,0,0,0,0,0,0
3429,514,95,63,0,0,0,0,0,67,0
3430,1228,80,73,0,0,0,0,0,0,0
3431,697,95,81,0,0,0,0,0,0,0
3432,2100,83,82,0,0,0,0,0,0,0
3433,0,81,74,0,0,0,0,0,0,0
3434,0,82,82,0,0,0,0,0,83,0
3435,0,57,57,0,0,0,95,95,63,63
3436,200,0,95,0,0,0,0,0,83,0
3437,0,40,81,0,0,0,0,0,0,0
3438,0,0,67,0,0,0,92,0,0,0
3439,688,118,0,0,0,0,0,0,0,0
3440,832,81,95,0,0,0,0,0,0,0
3441,201,0,83,0,0,0,0,0,26,0
3442,357,95,88,0,0,0,0,0,0,0
3443,201,82,32,0,0,0,0,0,0,0
3444,0,67,67,111,0,0,0,0,0,0
3445,0,0,83,0,0,0,0,0,83,83
3446,0,41,0,114,114,114,0,0,0,0
3447,976,0,88,0,0,0,0,0,0,0
3448,607,81,82,0,0,0,0,0,0,0
3449,0,83,83,0,0,0,0,26,26,26
3450,1286,74,82,0,0,0,0,0,0,0
3451,334,80,95,0,0,0,0,0,0,0
3452,0,67,67,0,0,0,0,0,0,83
3453,0,83,26,0,0,0,0,0,83,0
3454,0,95,95,0,0,0,0,0,63,63
3455,277,0,67,0,0,0,0,0,83,0
3456,0,83,83,0,0,0,26,0,26,0
3457,517,83,73,0,0,0,0,0,0,0
3458,0,25,25,0,0,0,0,83,83,0
3459,0,67,67,0,0,0,92,92,92,0
3460,0,45,45,0,0,0,0,0,0,56
3461,0,83,0,0,0,0,0,0,83,83
3462,0,83,95,0,0,0,0,0,83,83
3463,0,73,73,0,0,0,0,0,84,0
3464,0,0,95,0,0,0,0,0,83,83
3465,0,95,57,0,0,0,0,0,63,0
3466,0,0,0,0,0,0,102,102,102,0
3467,275,88,95,0,0,0,0,0,0,0
3468,0,0,0,0,0,0,0,0,88,88
3469,0,25,83,0,0,0,0,0,0,0
3470,0,0,0,103,103,103,0,0,0,0
3471,245,65,95,0,0,0,0,0,0,0
3472,0,80,83,0,0,0,0,0,0,0
3473,0,119,119,0,0,0,0,0,0,0
3474,0,81,29,0,0,0,0,0,0,0
3475,0,95,95,0,0,0,0,83,83,83
3476,226,83,41,0,0,0,0,0,0,0
3477,0,67,84,0,0,0,0,0,0,0
3478,0,60,60,0,0,0,0,0,0,40
3479,0,63,63,0,0,0,95,95,95,0
3480,0,119,0,0,0,0,0,0,0,0
3481,265,83,0,0,0,0,0,0,83,0
3482,0,0,73,0,0,0,90,0,0,0
3483,0,74,74,114,114,114,0,0,0,0
3484,347,95,65,0,0,0,0,0,0,0
3485,0,60,0,0,0,0,55,0,0,0
3486,0,74,0,114,114,114,0,0,0,0
3487,0,0,67,0,0,0,0,0,0,83
3488,0,83,83,0,0,0,0,83,83,83
3489,0,0,0,0,0,0,90,0,84,0
3490,931,63,95,0,0,0,0,0,56,0
3491,0,83,67,0,0,0,0,0,83,0
3492,0,67,67,0,0,0,81,0,0,0
3493,439,80,82,0,0,0,0,0,0,0
3494,0,57,57,0,0,0,0,0,83,0
3495,0,57,57,0,0,0,95,63,63,63
3496,0,0,67,111,0,0,0,0,0,0
3497,204,0,0,0,0,0,0,83,83,83
3498,0,0,0,0,0,97,0,0,0,0
3499,0,63,63,0,0,0,0,0,81,81
3500,1656,95,0,0,0,0,0,0,63,0
3501,0,67,90,0,0,0,0,89,0,0
3502,312,67,95,0,0,0,0,0,83,0
3503,0,116,116,111,0,0,0,0,0,0
3504,0,0,0,0,0,0,89,90,0,0
3505,0,73,28,0,0,0,0,0,0,0
3506,361,83,95,0,0,0,0,0,83,0
3507,307,95,0,0,0,0,0,0,83,0
3508,0,0,67,92,92,92,0,0,0,0
3509,536,63,95,0,0,0,0,0,67,0
3510,0,80,80,0,0,0,0,0,0,56
3511,0,95,95,0,0,0,0,63,63,63
3512,1316,95,95,0,0,0,0,27,0,0
3513,0,0,0,0,90,90,27,90,90,0
3514,0,0,0,0,0,0,63,27,63,63
3515,0,117,117,0,0,0,0,0,0,0
3516,336,116,0,0,0,0,0,0,0,0
3517,0,45,45,0,0,0,0,0,0,45
3518,2294,0,0,0,0,0,0,26,0,26
3519,0,0,67,0,0,0,0,0,83,83
3520,1631,0,63,0,0,0,67,0,67,0
3521,0,90,90,0,0,0,89,27,0,0
3522,0,0,0,0,0,0,0,27,90,90
3523,279,76,76,0,0,0,0,27,0,0
3524,0,49,118,0,0,0,0,0,0,0
3525,0,83,83,0,0,0,0,0,67,0
3526,10073,0,80,0,0,0,0,27,0,0
3527,0,26,26,0,0,0,0,83,83,83
3528,0,67,95,0,0,0,0,63,63,63
3529,356,94,67,0,0,0,0,0,0,0
3530,315,73,83,0,0,0,0,0,0,0
3531,0,63,63,0,0,0,0,27,0,67
3532,0,0,90,0,0,0,0,89,89,89
3533,215,65,65,0,0,0,0,27,0,0
3534,0,0,26,0,0,0,0,0,83,0
3535,0,95,0,0,0,0,0,63,63,63
3536,0,0,73,0,0,0,0,0,24,0
3537,0,83,83,0,0,0,83,0,0,0
3538,0,73,73,0,0,0,79,0,0,0
3539,0,57,57,0,0,0,82,0,0,0
3540,0,0,0,0,0,0,101,101,0,0
3541,0,0,67,0,0,0,92,92,92,0
3542,0,79,0,111,0,0,0,0,0,0
3543,0,0,41,114,114,114,0,0,0,0
3544,0,55,55,0,0,0,0,55,0,0
3545,486,95,67,0,0,0,0,0,83,0
3546,273,82,74,0,0,0,0,0,0,0
3547,0,67,83,0,0,0,0,0,83,0
3548,0,83,83,0,0,0,0,0,73,0
3549,0,59,59,0,0,0,0,0,0,58
3550,0,83,83,0,0,0,0,83,83,0
3551,0,83,0,0,0,0,0,0,0,83
3552,0,73,73,0,0,0,0,0,83,83
3553,0,83,83,0,0,0,0,0,0,83
3554,0,83,83,0,0,0,26,0,0,0
3555,0,63,63,0,67,0,0,0,0,0
3556,0,50,45,0,0,0,0,0,0,0
3557,0,83,80,0,0,0,0,0,0,0
3558,217,73,73,0,0,0,0,0,83,0
3559,7446,80,0,0,0,0,0,27,0,0
3560,0,27,73,0,0,0,0,0,0,0
3561,229,67,96,0,0,0,0,0,0,0
3562,0,25,25,0,0,0,0,0,83,83
3563,0,73,27,0,0,0,0,0,0,0
3564,0,95,0,0,0,0,0,0,63,63
3565,0,73,73,0,0,0,0,81,0,0
3566,0,67,67,0,0,0,90,27,0,0
3567,0,67,67,0,0,0,0,95,95,0
3568,0,73,73,0,0,0,0,83,83,83
3569,0,73,73,0,0,0,0,0,0,83
3570,0,0,0,73,73,73,0,0,0,0
3571,1476,25,0,0,0,0,0,27,0,0
3572,0,110,26,0,0,0,0,0,0,0
3573,291,0,83,0,0,0,0,0,83,0
3574,0,67,67,0,0,0,0,67,0,0
3575,0,73,39,0,0,0,0,0,0,0
3576,0,45,45,0,0,0,50,50,0,0
3577,0,56,82,0,0,0,0,0,0,0
3578,0,26,26,0,0,0,0,0,83,83
3579,1091,0,33,0,0,0,0,27,0,0
3580,0,67,67,0,0,0,0,0,0,32
3581,0,90,90,0,0,0,0,27,89,89
3582,0,0,0,0,0,0,0,27,89,0
3583,0,63,63,0,0,0,26,0,0,0
3584,0,41,41,114,114,114,0,0,0,0
3585,0,95,67,0,0,0,0,63,63,63
3586,497,63,63,0,0,0,90,27,0,0
3587,571,63,80,0,0,0,0,0,0,0
3588,0,57,57,0,0,0,0,0,95,63
3589,0,59,74,0,0,0,0,0,0,0
3590,0,45,86,0,0,0,0,0,0,0
3591,0,63,90,0,0,0,0,27,0,0
3592,0,25,25,0,0,0,0,0,83,0
3593,0,118,118,111,0,0,0,0,0,0
3594,0,79,73,0,0,0,0,0,0,0
3595,0,57,57,0,0,0,0,95,63,63
3596,0,59,59,0,0,0,81,0,0,81
3597,283,82,26,0,0,0,0,0,0,0
3598,0,80,26,0,0,0,0,0,0,0
3599,1355,73,80,0,0,0,0,0,0,0
3600,0,0,0,0,0,0,27,0,90,63
3601,0,63,95,0,0,0,0,0,0,41
3602,0,49,46,0,0,0,0,0,0,0
3603,351,0,0,0,73,0,0,27,0,0
3604,274,67,94,0,0,0,0,0,0,0
3605,397,76,67,0,0,0,0,0,0,0
3606,0,41,67,0,0,0,0,26,26,26
3607,0,26,24,0,0,0,0,0,0,0
3608,0,0,0,0,0,0,103,0,0,103
3609,0,0,0,0,0,0,27,0,80,0
3610,0,27,27,0,0,0,0,0,63,0
3611,436,86,0,0,0,0,0,27,0,0
3612,216,86,67,0,0,0,0,0,0,0
3613,0,63,60,0,0,0,67,0,0,0
3614,0,56,56,0,0,0,0,27,56,0
3615,0,67,67,0,0,0,0,27,63,63
3616,1462,67,0,0,0,0,0,27,63,0
3617,0,24,74,0,0,0,0,0,0,0
3618,558,67,28,0,0,0,0,27,0,0
3619,0,0,27,0,0,0,0,0,63,63
3620,0,73,90,0,0,0,0,0,0,0
3621,1512,0,67,0,0,0,0,27,63,0
3622,119,86,86,0,0,0,0,0,32,32
3623,0,86,86,0,0,0,0,0,67,0
3624,0,86,86,0,0,0,0,67,67,0
3625,0,32,32,0,0,0,0,0,0,86
3626,0,79,86,0,0,0,0,0,0,0
3627,0,63,63,0,0,0,0,24,24,0
3628,0,95,59,0,0,0,0,0,0,0
3629,324,82,80,0,0,0,0,0,0,0
3630,0,57,57,0,0,0,0,0,86,0
3631,0,86,86,0,0,0,0,0,56,56
3632,0,0,86,0,0,0,0,0,0,32
3633,0,67,67,0,0,0,0,89,0,0
3634,425,94,34,0,0,0,0,0,0,0
3635,0,26,26,0,0,0,67,67,67,0
3636,0,95,63,0,0,0,0,0,0,67
3637,0,82,82,0,0,0,0,63,63,63
3638,0,86,41,0,0,0,0,0,0,0
3639,1164,73,63,0,0,0,0,0,56,0
3640,551,74,63,0,0,0,0,27,0,0
3641,485,67,67,0,0,0,0,27,63,0
3642,410,79,63,0,0,0,0,0,0,0
3643,0,3,3,0,0,0,0,0,86,0
3644,0,73,73,0,73,0,0,27,0,0
3645,0,63,56,0,0,0,41,0,0,0
3646,559,63,63,0,73,0,0,0,0,0
3647,0,73,73,0,0,0,90,0,0,0
3648,0,0,0,0,0,0,90,27,89,0
3649,0,34,34,0,0,0,0,0,86,0
3650,0,63,0,0,0,0,0,0,0,58
3651,578,73,73,0,0,0,0,27,63,0
3652,347,41,76,0,0,0,0,0,0,0
3653,0,0,67,0,0,0,63,0,0,0
3654,331,63,73,0,0,0,0,0,73,0
3655,0,0,0,0,0,0,90,0,89,63
3656,0,60,60,0,0,0,0,27,63,0
3657,0,36,86,0,0,0,0,0,0,0
3658,0,89,90,0,0,0,0,27,0,0
3659,0,90,58,0,0,0,0,0,0,0
3660,0,86,0,0,0,0,0,0,0,32
3661,0,86,78,0,0,0,0,0,0,0
3662,0,86,45,0,0,0,0,0,0,0
3663,0,63,86,0,0,0,0,0,0,0
3664,0,0,0,0,0,0,27,0,94,94
3665,0,83,2,0,0,0,0,0,0,0
3666,0,83,83,0,0,0,73,0,0,0
3667,407,82,0,0,0,0,0,0,63,0
3668,0,60,67,0,0,0,0,27,0,0
3669,0,63,63,0,0,0,0,67,67,67
3670,0,0,67,0,0,0,26,26,26,26
3671,684,63,64,0,0,0,0,27,0,0
3672,0,73,0,0,0,0,0,63,63,0
3673,0,80,80,0,0,0,27,27,0,0
3674,309,63,82,0,0,0,0,27,0,0
3675,0,88,88,0,0,0,49,0,0,0
3676,0,63,63,0,0,0,63,0,0,0
3677,0,57,82,0,0,0,0,0,0,0
3678,191,75,58,0,0,0,0,0,0,0
3679,1205,89,0,0,0,0,0,27,0,0
3680,0,67,59,0,0,0,0,0,63,0
3681,1108,95,63,0,0,0,0,0,60,0
3682,283,72,72,0,0,0,0,27,0,0
3683,0,90,89,0,0,0,0,27,0,0
3684,0,73,73,0,0,0,0,89,0,0
3685,552,63,74,0,0,0,0,0,0,0
3686,0,45,45,0,0,0,0,0,63,0
3687,0,73,0,0,0,0,0,0,0,26
3688,0,58,86,0,0,0,0,0,0,0
3689,322,0,86,0,0,0,0,27,0,0
3690,292,73,62,0,0,0,0,0,0,0
3691,0,73,0,0,0,0,0,0,0,58
3692,0,0,90,0,0,0,27,0,89,0
3693,0,86,38,0,0,0,0,0,0,0
3694,0,39,24,0,0,0,0,0,0,0
3695,0,0,0,0,0,0,89,0,89,89
3696,291,73,92,0,0,0,0,0,0,0
3697,0,67,67,0,113,113,0,0,0,0
3698,0,86,86,0,0,0,0,0,0,39
3699,0,74,45,0,0,0,0,0,0,0
3700,0,0,32,0,0,0,0,0,0,32
3701,485,63,58,0,0,0,0,0,56,0
3702,546,95,67,0,0,0,0,0,60,0
3703,0,73,110,0,0,0,0,0,0,0
3704,0,0,67,114,114,114,0,0,0,0
3705,0,67,67,114,114,114,0,0,0,0
3706,0,0,67,0,0,92,0,0,0,0
3707,0,110,79,0,0,0,0,0,0,0
3708,0,41,60,0,0,0,67,0,0,0
3709,0,67,67,0,0,0,26,26,26,26
3710,0,24,80,0,0,0,0,0,0,0
3711,0,73,73,0,0,0,0,83,83,0
3712,0,90,73,0,0,0,0,0,0,0
3713,0,26,67,0,0,0,0,0,0,26
3714,1670,63,67,0,0,0,0,0,73,0
3715,0,56,73,0,0,0,0,27,0,0
3716,716,73,0,0,0,0,0,27,63,0
3717,0,56,56,0,0,0,0,27,63,63
3718,0,43,43,0,0,0,0,27,0,0
3719,0,86,36,0,0,0,0,0,0,0
3720,0,39,0,0,0,0,110,0,0,0
3721,0,57,57,0,63,63,0,63,63,63
3722,396,0,0,74,0,0,0,27,0,0
3723,0,41,41,0,0,0,0,0,0,67
3724,0,73,73,0,0,0,26,0,0,0
3725,450,63,63,0,0,0,0,27,73,0
3726,0,86,86,0,0,0,0,0,0,36
3727,0,73,73,0,0,0,24,24,24,0
3728,0,80,80,0,0,0,24,0,24,0
3729,0,67,67,0,92,0,0,0,0,0
3730,0,1,1,0,0,0,0,0,0,86
3731,0,73,73,0,0,0,92,92,0,0
3732,0,73,73,0,0,73,0,27,0,0
3733,0,67,96,0,0,0,0,27,0,0
3734,0,56,56,0,0,0,0,27,56,56
3735,0,60,82,0,0,0,0,0,0,0
3736,0,0,0,0,0,0,90,89,0,0
3737,0,82,60,0,0,0,0,0,0,0
3738,0,41,41,111,0,0,0,0,0,0
3739,203,73,73,0,0,0,0,0,80,0
3740,0,90,0,0,0,0,0,27,89,0
3741,0,38,38,0,0,0,0,0,0,32
3742,0,73,73,0,0,73,0,73,0,0
3743,0,45,45,0,0,0,41,0,0,0
3744,0,63,67,0,0,0,0,0,0,58
3745,0,63,63,0,0,0,0,73,73,0
3746,0,63,63,0,0,0,73,0,0,73
3747,252,28,41,0,0,0,0,0,0,0
3748,0,79,79,0,0,0,110,0,0,0
3749,579,63,63,0,0,0,73,0,73,0
3750,0,0,24,0,0,0,92,0,0,0
3751,0,24,95,0,0,0,0,0,0,0
3752,1628,67,63,0,0,0,0,0,73,0
3753,0,73,73,0,0,0,0,80,80,80
3754,0,83,0,0,0,0,0,0,0,26
3755,0,24,24,0,0,0,0,0,73,0
3756,0,63,63,0,0,0,0,27,0,73
3757,0,54,67,0,0,0,0,0,0,0
3758,0,25,25,0,0,0,0,0,84,0
3759,0,0,74,114,114,114,0,0,0,0
3760,0,45,45,0,0,0,0,42,0,0
3761,0,79,79,0,0,0,0,0,73,0
3762,0,67,73,0,0,0,0,0,63,63
3763,0,80,80,0,0,0,0,0,24,0
3764,0,25,25,0,0,0,0,83,83,83
3765,0,0,0,0,0,0,27,0,89,90
3766,0,45,45,0,0,0,42,0,0,0
3767,0,40,40,0,0,0,0,0,56,56
3768,244,82,39,0,0,0,0,0,0,0
3769,0,24,24,0,0,0,67,67,67,0
3770,0,63,63,0,0,0,0,0,56,73
3771,0,57,57,0,0,0,0,27,63,63
3772,0,73,73,0,0,0,67,0,63,0
3773,0,63,67,0,0,0,0,0,0,56
3774,0,57,57,0,0,0,0,0,0,39
3775,0,57,95,0,0,0,0,63,63,63
3776,784,73,73,0,0,0,0,80,0,0
3777,0,57,57,0,0,0,0,0,0,65
3778,0,57,42,0,0,0,0,0,0,0
3779,0,95,63,0,0,0,0,0,0,41
3780,0,76,76,0,0,0,0,0,73,0
3781,0,26,26,0,0,0,0,0,0,67
3782,0,60,67,0,0,0,0,0,63,63
3783,0,45,45,0,0,0,0,0,0,58
3784,0,45,73,0,0,0,0,0,0,0
3785,0,74,80,0,0,0,0,0,0,0
3786,0,39,110,0,0,0,0,0,0,0
3787,0,41,67,0,0,0,0,0,60,60
3788,0,73,73,0,0,0,0,0,0,67
3789,0,73,73,0,0,0,90,90,90,0
3790,0,0,0,0,0,0,0,0,89,67
3791,0,24,24,0,0,0,0,26,26,26
3792,0,67,41,0,0,0,0,0,0,63
3793,0,73,73,0,0,0,0,27,0,73
3794,0,73,73,0,0,0,0,27,63,63
3795,0,43,45,0,0,0,0,0,0,0
3796,0,63,67,0,0,0,0,0,0,73
3797,528,82,88,0,0,0,0,0,0,0
3798,0,45,0,0,0,0,0,0,0,60
3799,0,73,45,0,0,0,0,0,0,0
3800,0,25,25,0,0,0,0,0,80,0
3801,0,77,77,0,0,0,0,0,73,0
3802,0,24,24,0,0,0,67,0,67,0
3803,0,81,81,0,73,73,0,73,73,73
3804,0,95,63,0,0,0,0,0,56,56
3805,0,60,60,0,0,0,0,0,95,0
3806,0,25,25,0,0,0,0,0,82,0
3807,0,73,73,0,0,0,0,80,80,0
3808,0,67,67,0,67,0,0,0,0,0
3809,0,73,67,0,0,0,0,26,26,26
3810,0,73,73,92,92,92,0,0,0,0
3811,0,57,57,0,63,63,0,63,63,0
3812,0,67,41,0,0,0,0,63,63,63
3813,0,63,63,0,0,0,0,0,73,41
3814,0,73,73,0,73,0,0,0,73,0
3815,0,73,73,0,0,0,0,27,73,73
3816,0,73,73,0,73,0,0,0,73,73
3817,0,73,73,0,0,73,0,0,73,73
3818,0,73,73,0,0,0,90,90,90,90
3819,0,0,67,0,67,0,0,0,0,0
3820,0,92,92,0,67,67,0,0,0,0
3821,0,45,45,0,0,0,0,0,0,39
3822,0,0,56,0,0,0,0,63,63,63
3823,0,67,60,0,0,0,0,0,0,41
3824,0,63,63,0,0,0,0,73,73,73
3825,0,63,63,0,73,0,0,0,73,0
3826,0,73,0,0,0,0,0,73,73,73
3827,0,63,73,0,0,0,0,0,0,73
3828,0,73,0,0,0,0,0,26,26,26
3829,0,60,60,0,0,0,0,0,0,45
3830,0,60,0,0,0,0,0,0,0,41
3831,0,73,73,0,73,73,0,73,73,73
3832,0,92,67,0,0,67,0,0,0,0
3833,0,0,44,0,0,0,0,0,0,45
3834,0,73,73,0,0,0,0,0,82,0
3835,0,63,95,0,0,0,0,0,0,56
3836,0,50,43,0,0,0,0,0,0,0
3837,0,73,73,92,0,0,0,92,0,0
3838,0,73,73,0,0,0,0,0,80,80
3839,0,73,73,0,0,0,80,80,0,0
3840,0,0,73,0,0,0,0,73,73,73
3841,0,57,57,0,0,0,82,0,82,0
3842,0,60,43,0,0,0,0,0,0,45
3843,0,0,41,0,0,0,0,0,0,60
3844,0,43,43,0,0,0,45,0,0,45
3845,0,45,45,0,0,0,0,0,0,60
3846,0,45,44,0,0,0,50,0,0,0
3847,0,45,42,0,0,0,50,0,0,0
3848,0,50,42,0,0,0,0,0,0,0
3849,0,47,47,0,0,0,0,0,0,45
3850,0,73,73,0,0,0,80,80,80,0
3851,0,15,15,0,0,0,0,0,57,57
3852,0,73,73,0,0,0,67,67,67,0
3853,0,73,73,0,73,0,0,73,73,73
3854,0,63,41,0,0,0,0,0,0,67
3855,0,57,57,0,0,0,0,0,82,0
3856,0,44,44,0,0,0,45,0,0,45
3857,0,72,72,0,0,0,0,0,82,0
3858,0,73,73,0,0,0,24,24,24,24
3859,0,73,73,0,0,73,0,73,73,0
3860,0,63,63,0,0,0,0,0,0,39
3861,0,63,73,0,0,0,0,0,0,41
3862,0,67,67,0,0,0,0,73,73,73
3863,0,57,57,0,0,0,95,95,95,63
3864,0,95,63,0,0,0,0,0,0,56
3865,0,73,73,0,0,0,0,67,67,0
3866,0,63,41,0,0,0,0,0,0,73
3867,0,59,41,0,0,0,0,0,73,0
3868,0,0,63,0,0,0,0,0,0,58
3869,0,73,73,0,0,0,90,0,90,0
3870,0,60,67,0,0,0,0,0,0,41
3871,0,57,57,0,0,0,41,0,73,0
3872,0,73,73,0,0,0,92,0,92,0
3873,0,63,63,0,0,0,0,0,67,41
3874,0,82,82,0,0,0,0,0,73,0
3875,0,24,24,0,0,0,73,73,73,73
3876,0,43,43,0,0,0,0,0,0,39
3877,0,63,63,0,0,0,0,0,67,56
3878,0,73,67,0,0,0,0,0,0,41
3879,0,0,73,0,0,0,0,0,0,63
3880,0,60,60,0,0,0,0,0,67,41
3881,0,113,0,0,113,0,0,0,0,0
3882,0,73,73,0,67,0,0,0,0,0
3883,0,73,73,0,0,0,82,0,82,0
3884,0,67,67,0,0,0,0,0,0,45
3885,0,73,67,0,0,0,0,0,73,0
3886,0,59,59,0,0,0,95,63,63,63
3887,0,73,73,0,0,0,0,82,82,0
3888,0,73,67,0,0,0,0,63,63,63
3889,0,73,73,0,0,0,80,80,80,80
3890,0,41,41,0,0,0,0,0,73,73
3891,0,24,24,0,0,0,0,24,24,24
3892,0,77,77,0,0,0,110,0,0,0
3893,0,80,80,0,73,73,0,73,73,73
3894,0,73,73,0,0,0,67,0,0,67
3895,0,73,0,0,0,0,73,0,0,73
3896,0,0,73,0,0,0,0,24,24,24
3897,0,41,67,0,0,0,0,63,63,63
3898,0,73,73,0,0,0,0,0,0,66
3899,0,73,73,0,0,0,41,0,0,41
3900,0,57,57,0,0,0,0,73,73,41
3901,0,1,1,0,0,0,0,0,0,39
3902,0,57,57,0,0,0,67,0,95,0
3903,0,57,57,0,0,0,0,67,67,67
3904,0,57,41,0,0,0,0,0,73,0
3905,0,0,73,0,0,0,0,26,26,26
3906,0,60,41,0,0,0,0,0,67,0
3907,0,26,26,0,0,0,73,0,73,0
3908,0,60,67,0,0,0,0,0,0,56
3909,0,63,63,0,0,0,0,0,0,66
3910,0,57,57,0,0,0,0,95,95,63
3911,0,67,41,0,0,0,0,0,0,60
3912,0,73,63,0,0,0,0,0,0,41
3913,0,24,24,0,0,0,0,67,67,0
3914,0,41,67,0,0,0,0,0,0,60
3915,0,41,67,0,0,0,0,0,0,56
3916,0,60,67,0,0,0,0,0,56,56
3917,0,67,41,0,0,0,0,0,0,26
3918,0,25,25,0,0,82,0,0,0,0
3919,0,60,67,0,0,0,0,63,63,63
3920,0,57,57,0,0,0,95,95,95,0
3921,0,73,73,0,82,0,0,0,82,0
3922,0,73,73,114,114,114,0,0,0,0
3923,0,41,63,0,0,0,0,0,0,67
3924,0,63,0,0,0,0,0,0,0,64
3925,0,59,59,114,114,0,0,0,0,0
3926,0,63,67,0,0,0,0,0,73,73
3927,0,0,0,0,0,0,107,0,107,0
3928,0,0,0,0,0,0,63,0,89,63
3937,687,29,0,0,0,0,0,27,0,0
3938,0,59,0,0,0,0,0,27,0,0
3939,16653,124,124,0,0,0,0,0,0,0
3940,15762,0,124,0,0,0,0,0,0,0
3941,335,0,124,0,0,0,0,0,57,0
3942,18695,124,0,0,0,0,0,0,0,0
3943,632,41,124,0,0,0,0,0,0,0
3944,1437,124,41,0,0,0,0,0,0,0
3945,372,124,124,0,0,0,0,0,57,0
3946,591,0,124,0,0,0,0,0,56,0
3947,443,124,124,0,0,0,0,0,60,0
3948,2338,124,124,0,0,0,0,27,0,0
3949,432,0,124,0,0,0,0,0,60,0
3950,0,124,124,0,0,0,0,0,56,56
3951,411,124,124,0,0,0,0,0,63,0
3952,202,58,124,0,0,0,0,0,0,0
3953,680,67,124,0,0,0,0,0,0,0
3954,1363,63,124,0,0,0,0,0,0,0
3955,3880,124,0,0,0,0,0,27,0,0
3956,716,124,0,0,0,0,0,0,56,0
3957,1441,95,124,0,0,0,0,0,0,0
3958,1887,124,95,0,0,0,0,0,0,0
3959,3172,0,124,0,0,0,0,27,0,0
3960,245,95,124,0,0,0,0,0,57,0
3961,1513,124,67,0,0,0,0,0,0,0
3962,629,124,0,0,0,0,0,0,57,0
3963,475,124,0,0,0,0,0,0,60,0
3964,317,124,58,0,0,0,0,0,0,0
3965,747,124,124,0,0,0,0,0,56,0
3966,1602,124,63,0,0,0,0,0,0,0
3967,227,124,67,0,0,0,0,27,0,0
3968,0,124,0,0,0,0,0,0,56,56
3969,301,73,124,0,0,0,0,0,0,0
3970,391,124,0,0,0,0,0,0,63,0
3971,289,0,124,0,0,0,0,0,63,0
3972,399,124,95,0,0,0,0,0,57,0
3973,379,124,73,0,0,0,0,0,0,0
3974,584,0,0,0,0,0,0,0,124,0
3975,631,63,63,0,0,0,0,0,124,0
3976,355,63,0,0,0,0,0,0,124,0
3977,0,63,124,0,0,0,0,27,0,0
3978,0,124,63,0,0,0,0,27,0,0
3979,338,0,63,0,0,0,0,0,124,0
3980,0,124,93,0,0,0,0,0,0,0
3981,0,124,41,0,0,0,0,27,0,0
3982,0,124,124,0,0,0,0,90,0,0
3983,1479,0,93,0,0,0,0,90,0,0
3984,87733,93,93,0,0,0,0,0,0,0
3985,8821,93,63,0,0,0,0,0,0,0
3986,65870,0,93,0,0,0,0,0,0,0
3987,78920,93,0,0,0,0,0,0,0,0
3988,14060,93,67,0,0,0,0,0,0,0
3989,1052,93,26,0,0,0,0,0,0,0
3990,2958,93,67,0,0,0,0,27,0,0
3991,17313,0,93,0,0,0,0,27,0,0
3992,304,93,64,0,0,0,0,0,0,0
3993,634,26,93,0,0,0,0,0,0,0
3994,346,0,41,0,0,0,0,0,93,0
3995,3274,93,0,0,0,0,0,0,56,0
3996,1183,0,93,0,0,0,0,0,56,56
3997,4081,93,93,0,0,0,0,0,56,0
3998,21530,93,0,0,0,0,0,27,0,0
3999,296,93,63,0,0,0,67,0,0,0
4000,209,93,25,0,0,0,0,0,0,0
4001,1495,93,0,0,0,0,0,0,56,56
4002,3342,41,93,0,0,0,0,0,0,0
4003,1311,0,93,0,0,0,0,0,60,0
4004,0,93,93,0,0,0,0,0,0,58
4005,526,93,66,0,0,0,0,0,0,0
4006,202,93,39,0,0,0,0,0,0,0
4007,0,93,67,0,0,0,0,0,57,0
4008,8693,67,93,0,0,0,0,0,0,0
4009,0,67,93,0,0,0,0,0,26,0
4010,4163,93,73,0,0,0,0,0,0,0
4011,217,93,93,0,0,0,0,0,60,60
4012,572,93,2,0,0,0,0,0,0,0
4013,9392,63,93,0,0,0,0,0,0,0
4014,497,93,93,0,0,0,0,0,67,0
4015,2035,93,93,0,0,0,0,0,56,56
4016,407,93,93,0,0,0,0,27,56,0
4017,2241,0,93,0,0,0,0,0,63,0
4018,19471,93,93,0,0,0,0,27,0,0
4019,824,93,93,0,0,0,67,0,0,0
4020,1341,58,93,0,0,0,0,0,0,0
4021,4409,93,41,0,0,0,0,0,0,0
4022,218,93,89,0,0,0,0,0,0,0
4023,441,0,93,0,0,0,67,0,0,0
4024,216,93,67,0,0,0,0,0,56,56
4025,272,0,93,0,0,0,41,0,0,0
4026,257,0,93,0,0,0,0,0,63,63
4027,0,63,58,0,0,0,0,0,93,0
4028,273,93,0,0,0,0,0,26,26,0
4029,239,41,93,0,0,0,0,0,63,0
4030,0,73,67,0,0,0,0,0,93,0
4031,462,0,93,0,0,0,0,0,57,0
4032,2677,93,0,0,0,0,0,0,63,0
4033,268,0,0,0,0,0,0,93,93,0
4034,208,63,93,0,0,0,41,0,0,0
4035,230,93,0,0,0,0,73,0,0,0
4036,878,0,67,0,0,0,0,0,93,0
4037,1114,93,93,0,0,0,0,0,57,0
4038,457,95,93,0,0,0,0,0,0,0
4039,258,0,93,0,0,0,0,0,0,56
4040,332,67,93,0,0,0,0,0,60,0
4041,1612,93,0,0,0,0,0,90,0,0
4042,2401,93,93,0,0,0,0,90,0,0
4043,0,0,93,0,0,0,90,27,0,0
4044,0,93,0,0,0,0,0,90,90,0
4045,3106,73,93,0,0,0,0,0,0,0
4046,0,93,0,0,0,0,27,0,0,0
4047,248,41,41,0,0,0,0,0,93,0
4048,1311,67,93,0,0,0,0,0,63,0
4049,251,93,41,0,0,0,0,0,56,0
4050,370,93,0,0,0,0,0,27,56,0
4051,681,93,0,0,0,0,0,0,57,0
4052,0,0,93,0,0,0,0,0,60,60
4053,401,93,93,0,0,0,0,26,26,0
4054,239,93,93,0,0,0,0,26,26,26
4055,969,0,0,0,0,0,0,27,93,0
4056,446,93,93,0,0,0,63,0,0,0
4057,2708,0,93,0,0,0,0,0,56,0
4058,477,2,93,0,0,0,0,0,0,0
4059,5211,63,63,0,0,0,0,0,93,0
4060,0,0,93,0,0,0,0,27,60,0
4061,327,93,0,0,0,0,0,0,0,56
4062,370,0,73,0,0,0,0,0,93,0
4063,426,63,93,0,0,0,0,0,60,0
4064,1521,93,58,0,0,0,0,0,0,0
4065,3623,93,93,0,0,0,0,0,63,0
4066,407,93,93,0,0,0,0,0,0,56
4067,221,93,0,92,0,0,0,0,0,0
4068,289,0,93,0,0,0,0,0,57,57
4069,1674,93,93,0,0,0,0,0,60,0
4070,378,93,93,0,0,0,0,0,57,57
4071,5515,0,0,0,0,0,0,0,93,0
4072,261,93,0,0,0,0,0,27,56,56
4073,0,0,93,92,0,0,0,0,0,0
4074,1169,93,95,0,0,0,0,0,0,0
4075,399,0,93,0,0,0,0,0,26,0
4076,3216,63,0,0,0,0,0,0,93,0
4077,201,93,93,0,0,0,0,0,0,63
4078,599,93,93,0,0,0,0,0,93,0
4079,348,0,93,0,0,0,0,27,56,0
4080,308,41,0,0,0,0,0,0,93,0
4081,471,93,93,0,0,0,0,0,26,0
4082,478,93,0,0,0,0,0,27,63,0
4083,2031,93,63,0,0,0,0,27,0,0
4084,1540,67,63,0,0,0,0,0,93,0
4085,0,92,93,0,0,0,0,0,0,0
4086,366,93,93,92,0,0,0,0,0,0
4087,605,93,93,0,0,0,0,13,0,0
4088,1191,93,0,0,0,0,0,0,60,0
4089,568,93,67,0,0,0,0,0,56,0
4090,418,0,63,0,0,0,0,27,93,0
4091,1072,0,0,0,0,0,0,93,0,0
4092,437,63,0,0,0,0,0,27,93,0
4093,213,93,93,0,0,0,0,90,90,0
4094,2299,63,93,0,0,0,0,27,0,0
4095,201,27,93,0,0,0,0,0,0,0
4096,416,93,93,0,0,0,73,0,0,0
4097,581,67,93,0,0,0,0,0,56,0
4098,235,93,0,0,0,0,0,0,66,0
4099,740,63,63,0,0,0,0,27,93,0
4100,2862,0,63,0,0,0,0,0,93,0
4101,0,63,76,0,0,0,0,0,93,0
4102,2122,67,93,0,0,0,0,27,0,0
4103,245,93,0,0,0,0,0,24,0,0
4104,0,93,28,0,0,0,0,0,0,0
4105,2292,93,76,0,0,0,0,0,0,0
4106,253,93,80,0,0,0,0,0,0,0
4107,206,93,93,0,0,0,27,0,0,0
4108,0,0,93,0,0,0,0,24,24,0
4109,0,93,93,0,0,0,0,24,24,0
4110,0,93,92,0,0,0,0,0,0,0
4111,175,93,0,0,0,0,0,13,0,0
4112,367,93,0,0,0,0,0,0,63,63
4113,0,39,93,0,0,0,0,0,0,0
4114,372,93,93,0,0,0,41,0,0,0
4115,620,93,93,0,0,0,0,0,63,63
4116,1554,63,67,0,0,0,0,0,93,0
4117,445,73,0,0,0,0,0,0,93,0
4118,853,67,0,0,0,0,0,0,93,0
4119,521,93,93,0,0,0,0,27,63,0
4120,374,93,0,0,0,0,0,0,57,57
4121,516,93,0,0,0,0,67,0,0,0
4122,517,93,93,0,0,0,0,24,0,0
4123,932,93,41,0,0,0,0,27,0,0
4124,281,93,67,0,0,0,0,0,60,0
4125,1140,93,67,0,0,0,0,0,63,0
4126,0,63,67,0,0,0,0,27,93,0
4127,356,63,93,0,0,0,0,0,67,0
4128,0,62,93,0,0,0,0,0,0,0
4129,248,0,93,0,0,0,0,0,66,0
4130,670,73,73,0,0,0,0,0,93,0
4131,0,64,93,0,0,0,0,0,0,0
4132,201,0,93,0,0,0,73,0,0,0
4133,687,63,93,0,0,0,0,0,56,0
4134,0,93,2,0,0,0,0,27,0,0
4135,223,93,0,0,0,0,0,24,24,0
4136,967,93,79,0,0,0,0,0,0,0
4137,0,93,0,0,0,0,0,67,0,0
4138,348,73,63,0,0,0,0,0,93,0
4139,257,93,0,0,0,0,0,0,73,0
4140,350,0,93,0,0,0,0,27,63,0
4141,366,63,73,0,0,0,0,0,93,0
4142,0,93,73,0,0,0,0,0,63,0
4143,268,93,0,0,0,0,0,0,26,0
4144,234,2,2,0,0,0,0,0,93,0
4145,0,93,67,0,0,0,0,26,26,26
4146,0,93,67,0,0,0,0,26,26,0
4147,288,74,93,0,0,0,0,0,0,0
4148,272,93,93,0,0,0,110,0,0,0
4149,249,93,0,0,0,0,0,26,26,26
4150,0,93,93,0,0,73,0,0,0,0
4151,307,93,63,0,0,0,0,0,67,0
4152,207,132,93,0,0,0,0,0,0,0
4153,720,93,63,0,0,0,0,0,56,0
4154,275,63,93,0,0,0,0,0,63,0
4155,237,93,41,0,0,0,0,0,60,0
4156,0,89,93,0,0,0,0,0,0,0
4157,490,63,41,0,0,0,0,0,93,0
4158,575,67,67,0,0,0,0,0,93,0
4159,307,93,93,0,0,0,0,0,66,0
4160,0,0,93,0,0,0,0,26,26,0
4161,361,93,93,0,0,0,0,67,0,0
4162,334,93,0,0,0,0,90,27,0,0
4163,474,93,73,0,0,0,0,27,0,0
4164,518,73,93,0,0,0,0,27,0,0
4165,312,93,62,0,0,0,0,0,0,0
4166,436,66,93,0,0,0,0,0,0,0
4167,0,79,93,0,0,0,0,0,0,0
4168,454,41,63,0,0,0,0,0,93,0
4169,205,73,93,0,0,0,0,0,63,0
4170,0,93,67,0,0,0,0,27,63,0
4171,0,63,93,0,0,0,0,90,0,0
4172,218,93,63,0,0,0,0,0,93,0
4173,425,93,0,0,0,0,0,0,93,0
4174,235,0,93,0,0,0,0,27,56,56
4175,291,93,41,0,0,0,0,0,63,0
4176,234,93,132,0,0,0,0,0,0,0
4177,275,93,127,0,0,0,0,0,0,0
4178,202,93,0,0,0,0,0,27,60,0
4179,355,93,63,0,0,0,0,0,60,0
4180,0,63,95,0,0,0,0,0,93,0
4181,229,93,63,0,0,0,0,0,63,0
4182,426,93,93,0,0,0,90,27,0,0
4183,227,0,76,0,0,0,0,0,93,0
4184,406,93,0,0,0,0,0,0,67,0
4185,302,93,93,0,0,0,0,27,56,56
4186,0,93,58,0,0,0,0,27,0,0
4187,246,93,93,0,73,0,0,0,0,0
4188,0,93,76,0,0,0,0,27,0,0
4189,283,93,0,0,0,0,41,0,0,0
4190,243,93,93,0,0,0,0,0,73,0
4191,373,0,93,0,0,0,0,0,93,0
4192,0,82,93,0,0,0,0,0,0,0
4193,497,76,93,0,0,0,0,0,0,0
4194,353,127,93,0,0,0,0,0,0,0
4195,206,41,93,0,0,0,0,0,60,0
4196,0,93,82,0,0,0,0,0,0,0
4197,332,0,93,0,0,0,0,0,67,0
4198,209,93,93,0,0,0,0,27,60,0
4199,204,73,93,0,0,0,0,0,56,0
4200,0,0,93,0,0,0,0,0,73,0
4201,0,63,93,0,0,0,67,0,67,0
4202,220,63,93,0,0,0,0,0,93,0
4203,493,41,93,0,0,0,0,27,0,0
4204,0,28,93,0,0,0,0,0,0,0
4205,204,93,0,0,0,0,0,0,60,60
4206,206,93,27,0,0,0,0,0,0,0
4207,0,93,42,0,0,0,0,0,0,0
4208,0,0,93,0,0,0,0,13,0,0
4209,294,93,96,0,0,0,0,27,0,0
4210,0,41,93,0,0,0,0,0,56,0
4211,318,67,127,0,0,0,0,0,0,0
4212,262,73,127,0,0,0,0,0,0,0
4213,817,63,127,0,0,0,0,0,0,0
4214,6174,127,0,0,0,0,0,0,0,0
4215,551,0,0,0,0,0,0,0,127,0
4216,6681,0,127,0,0,0,0,0,0,0
4217,517,63,63,0,0,0,0,0,127,0
4218,832,127,63,0,0,0,0,0,0,0
4219,352,0,63,0,0,0,0,0,127,0
4220,2253,127,127,0,0,0,0,0,0,0
4221,1834,127,0,0,0,0,0,27,0,0
4222,233,127,82,0,0,0,0,0,0,0
4223,451,95,127,0,0,0,0,0,0,0
4224,363,63,0,0,0,0,0,0,127,0
4225,297,127,73,0,0,0,0,0,0,0
4226,435,127,67,0,0,0,0,0,0,0
4227,1767,0,127,0,0,0,0,27,0,0
4228,370,127,127,0,0,0,0,27,0,0
4229,235,82,127,0,0,0,0,0,0,0
4230,274,94,127,0,0,0,0,0,0,0
4231,400,127,95,0,0,0,0,0,0,0
4232,134,0,0,0,0,0,0,27,62,0
4233,558,0,63,0,0,0,0,90,0,0
4234,203,94,0,0,0,0,0,0,60,0
4235,2391,89,0,0,0,0,0,90,0,0
4236,294,66,64,0,0,0,0,0,56,0
4237,2725,63,63,0,0,0,0,0,66,0
4238,877,41,0,0,0,0,0,0,57,0
4239,1156,0,41,0,0,0,0,0,57,0
4240,237,41,67,0,0,0,0,0,57,0
4241,206,95,67,0,0,0,0,0,26,0
4242,524,0,67,0,0,0,0,67,0,0
4243,456,73,63,0,0,0,0,0,67,0
4244,225,95,67,0,0,0,0,0,57,57
4245,877,0,63,0,0,0,0,13,0,0
4246,391,0,0,0,0,0,0,27,60,60
4247,204,67,0,0,0,0,0,27,57,0
4248,834,0,63,0,0,0,0,95,0,0
4249,501,63,41,0,0,0,0,0,73,0
4250,717,63,0,0,0,0,0,13,0,0
4251,238,0,67,0,0,0,0,27,26,0
4252,1137,0,67,0,0,0,0,27,56,0
4253,206,75,63,0,0,0,0,0,0,0
4254,190,58,73,0,0,0,0,0,63,0
4255,544,63,41,0,0,0,0,0,57,0
4256,799,63,0,0,0,0,0,95,0,0
4257,1619,66,0,0,0,0,0,0,56,0
4258,247,63,41,0,0,0,73,0,0,0
4259,946,132,132,0,0,0,0,0,0,0
4260,272,0,76,0,0,0,0,0,56,0
4261,419,0,63,0,0,0,0,0,41,0
4262,287,95,67,0,0,0,0,0,59,0
4263,2478,63,95,0,0,0,0,0,57,0
4264,196,63,67,0,0,0,0,27,60,0
4265,277,73,67,0,0,0,0,0,60,0
4266,194,63,0,0,0,0,0,0,26,0
4267,354,41,0,0,0,0,67,0,0,0
4268,274,0,73,0,0,0,0,27,56,0
4269,472,41,63,0,0,0,0,0,57,0
4270,2624,0,132,0,0,0,0,0,0,0
4271,322,0,64,0,0,0,0,0,56,0
4272,472,0,95,0,0,0,0,0,57,0
4273,1974,0,63,0,0,0,0,0,57,57
4274,236,0,58,0,0,0,0,27,56,0
4275,178,73,67,0,0,0,0,0,57,0
4276,291,67,63,0,0,0,67,0,0,0
4277,302,82,0,0,0,0,0,0,60,0
4278,919,0,63,0,0,0,0,27,56,56
4279,375,63,58,0,0,0,0,0,60,0
4280,250,73,41,0,0,0,0,0,60,0
4281,219,0,41,0,0,0,0,26,26,0
4282,1205,67,0,0,0,0,0,26,0,0
4283,494,73,63,0,0,0,0,0,60,0
4284,457,63,67,0,0,0,0,27,56,0
4285,1410,0,66,0,0,0,0,0,56,0
4286,291,0,95,0,0,0,0,0,60,0
4287,287,67,63,0,0,0,73,0,73,0
4288,447,0,62,0,0,0,0,0,56,0
4289,1069,63,0,0,0,0,0,0,66,0
4290,221,95,0,0,0,0,0,0,60,0
4291,234,62,64,0,0,0,0,0,0,0
4292,741,41,63,0,0,0,0,0,67,0
4293,5019,63,0,0,0,0,0,0,57,0
4294,321,67,2,0,0,0,0,27,0,0
4295,895,0,73,0,0,0,0,0,59,0
4296,675,1,1,0,0,0,0,0,24,0
4297,343,58,63,0,0,0,0,0,60,0
4298,236,67,0,0,0,0,0,27,60,0
4299,1554,95,67,0,0,0,0,0,57,0
4300,185,80,0,0,0,0,0,0,56,0
4301,174,0,80,0,0,0,0,0,56,0
4302,6213,0,87,0,0,0,0,0,0,0
4303,433,41,0,0,0,0,0,0,67,0
4304,1168,0,63,0,0,0,0,0,66,0
4305,573,0,45,0,0,0,0,0,60,0
4306,622,63,0,0,0,0,0,27,56,56
4307,458,0,63,0,0,0,0,27,60,0
4308,608,0,67,0,0,0,0,0,66,0
4309,998,95,63,0,0,0,0,0,59,0
4310,299,0,63,0,0,0,0,67,0,0
4311,188,63,41,0,0,0,41,0,0,0
4312,264,63,73,0,0,0,41,0,0,0
4313,218,0,73,0,0,0,0,0,57,57
4314,208,41,63,92,0,0,0,0,0,0
4315,256,41,67,0,0,0,0,26,26,0
4316,254,63,63,0,0,0,0,95,57,0
4317,437,95,0,0,0,0,0,0,57,0
4318,2151,0,0,0,0,0,0,27,57,0
4319,441,67,95,0,0,0,0,0,60,0
4320,436,63,63,0,0,0,0,92,0,0
4321,5786,87,0,0,0,0,0,0,0,0
4322,161,0,41,92,0,0,0,0,0,0
4323,300,73,63,0,0,0,41,0,0,0
4324,3419,0,0,0,0,0,0,0,66,0
4325,184,83,95,0,0,0,0,83,83,0
4326,194,0,95,0,0,0,0,83,83,83
4327,2632,95,63,0,0,0,0,0,57,0
4328,1253,0,73,0,0,0,0,0,60,0
4329,168,0,67,0,0,0,0,0,28,0
4330,1790,0,67,0,0,0,0,24,0,0
4331,290,0,0,0,0,0,0,27,28,28
4332,983,63,95,0,0,0,0,0,59,0
4333,189,64,64,0,0,0,0,0,56,0
4334,2009,63,0,0,0,0,0,0,59,0
4335,588,0,63,0,0,0,0,0,60,60
4336,343,73,63,0,0,0,0,0,57,0
4337,245,4,4,0,0,0,0,27,0,0
4338,186,67,63,0,0,0,0,0,60,60
4339,295,0,0,0,0,0,0,0,65,0
4340,175,95,0,0,0,0,0,0,59,0
4341,234,0,63,0,0,0,41,0,60,0
4342,213,0,63,0,0,0,41,0,41,0
4343,203,41,0,0,0,0,0,0,66,0
4344,227,41,63,0,0,0,73,0,0,0
4345,2594,132,0,0,0,0,0,0,0,0
4346,182,58,64,0,0,0,0,0,0,0
4347,1736,63,0,0,0,0,0,0,57,57
4348,650,63,63,0,0,0,0,27,57,0
4349,186,67,58,0,0,0,0,0,56,0
4350,270,67,63,0,0,0,0,0,57,57
4351,198,67,95,0,0,0,0,83,83,0
4352,260,58,63,0,0,0,0,0,57,0
4353,466,63,67,0,0,0,0,0,67,0
4354,237,73,0,0,0,0,0,0,57,57
4355,1323,67,95,0,0,0,0,0,57,0
4356,303,63,67,0,0,0,67,0,0,0
4357,211,63,67,0,0,0,0,0,66,0
4358,479,0,39,0,0,0,0,0,60,0
4359,271,63,0,74,0,0,0,0,0,0
4360,216,67,63,0,0,0,0,0,41,0
4361,1401,73,0,0,0,0,0,0,57,0
4362,209,0,95,0,0,0,0,0,59,0
4363,388,63,41,0,0,0,67,0,67,0
4364,164,0,63,0,0,0,0,92,0,0
4365,371,2,63,0,0,0,0,0,0,0
4366,256,0,67,0,0,0,0,27,60,0
4367,253,63,73,0,0,0,67,0,67,0
4368,228,58,67,0,0,0,0,0,56,0
4369,430,63,0,0,0,0,0,27,57,0
4370,240,95,0,0,0,0,0,0,56,0
4371,249,64,41,0,0,0,0,0,0,0
4372,217,62,41,0,0,0,0,0,0,0
4373,263,63,95,0,0,0,41,0,0,0
4374,259,0,132,0,0,0,0,0,56,0
4375,229,0,67,0,73,0,0,0,0,0
4376,202,0,67,0,0,0,0,95,0,0
4377,220,67,95,0,0,0,0,0,57,57
4378,387,41,63,0,0,0,67,0,67,0
4379,342,41,0,0,0,0,0,27,56,0
4380,1537,89,89,0,0,0,0,90,0,0
4381,218,95,95,0,0,0,0,0,57,0
4382,234,0,0,0,0,0,0,0,63,60
4383,195,0,73,0,0,0,41,0,0,0
4384,398,0,41,0,0,0,0,27,60,0
4385,2064,63,0,0,0,0,0,27,56,0
4386,316,41,0,0,0,0,0,27,60,0
4387,196,82,63,0,0,0,0,27,0,0
4388,255,95,63,0,0,0,41,0,0,0
4389,225,63,41,92,0,0,0,0,0,0
4390,281,73,0,0,0,0,0,27,56,0
4391,251,0,63,0,0,0,0,27,63,0
4392,163,67,0,0,0,0,0,95,0,0
4393,537,95,63,0,0,0,0,0,57,57
4394,209,67,67,0,0,0,0,0,66,0
4395,276,63,67,0,0,0,0,0,41,0
4396,2011,0,63,0,0,0,0,0,59,0
4397,396,132,66,0,0,0,0,0,0,0
4398,612,67,0,0,0,0,0,0,66,0
4399,202,63,75,0,0,0,0,0,0,0
4400,177,63,63,92,0,0,0,0,57,0
4401,241,63,63,0,0,0,41,0,67,0
4402,538,41,0,0,0,0,41,0,0,0
4403,3136,0,89,0,0,0,0,90,0,0
4404,233,63,41,0,0,0,0,0,60,60
4405,296,63,0,0,0,0,41,27,0,0
4406,282,66,58,0,0,0,0,0,0,0
4407,223,63,67,0,0,0,67,0,67,0
4408,160,62,0,0,0,0,0,0,56,56
4409,180,0,62,0,0,0,0,0,66,0
4410,287,64,0,0,0,0,0,0,56,0
4411,250,63,58,0,0,0,0,0,57,0
4412,232,8,8,0,0,0,0,27,0,0
4413,1277,0,73,0,0,0,0,0,57,0
4414,326,132,67,0,0,0,0,0,0,0
4415,178,63,63,0,0,0,0,0,45,0
4416,196,26,1,0,0,0,0,27,0,0
4417,265,58,0,0,0,0,0,27,63,0
4418,522,63,73,0,0,0,0,0,60,0
4419,419,0,63,0,0,0,0,27,73,0
4420,324,63,73,0,0,0,0,0,57,0
4421,556,63,0,0,0,0,0,0,60,60
4422,419,0,95,0,0,0,0,0,56,0
4423,503,63,73,0,0,0,0,0,67,0
4424,213,67,0,0,0,0,0,27,56,56
4425,1413,63,67,0,0,0,0,0,57,0
4426,233,0,82,0,0,0,0,0,56,0
4427,217,63,0,0,0,0,41,0,60,0
4428,208,63,73,0,0,0,0,0,63,0
4429,274,0,94,0,0,0,0,0,60,0
4430,196,109,0,0,0,0,0,27,0,0
4431,1269,0,67,0,0,0,0,0,59,0
4432,166,41,92,0,0,0,0,0,0,0
4433,240,66,64,0,0,0,0,27,0,0
4434,267,66,63,0,0,0,0,0,56,0
4435,528,63,0,0,0,0,0,0,41,0
4436,239,63,64,0,0,0,0,0,66,0
4437,307,62,0,0,0,0,0,0,56,0
4438,585,0,63,0,0,0,0,0,59,59
4439,451,67,63,0,0,0,0,0,67,0
4440,209,63,0,0,0,0,41,0,56,0
4441,201,41,73,0,0,0,0,0,60,0
4442,191,63,67,0,0,0,0,0,60,60
4443,159,1,67,0,0,0,0,27,0,0
4444,343,0,0,0,0,0,0,95,0,0
4445,267,0,67,0,0,0,0,90,0,0
4446,407,67,132,0,0,0,0,0,0,0
4447,304,74,0,0,0,0,0,0,56,0
4448,463,63,0,0,0,0,0,27,60,0
4449,317,63,64,0,0,0,0,0,56,0
4450,630,67,0,0,0,0,0,27,56,0
4451,333,34,0,0,0,0,0,27,0,0
4452,194,67,66,0,0,0,0,0,56,0
4453,371,67,63,0,0,0,0,27,56,0
4454,349,0,64,0,0,0,0,0,66,0
4455,209,26,0,0,0,0,0,0,56,0
4456,421,39,0,0,0,0,0,0,60,0
4457,233,82,82,82,0,0,0,0,0,0
4458,1392,0,0,0,0,0,0,27,57,57
4459,249,63,63,0,0,0,67,27,67,0
4460,200,63,95,0,0,0,67,0,67,0
4461,262,0,0,0,0,0,0,27,59,59
4462,358,0,0,0,0,0,0,27,59,0
4463,377,41,0,0,0,0,0,27,63,0
4464,197,73,0,0,0,0,0,27,56,56
4465,11089,87,87,0,0,0,0,0,0,0
4466,267,95,63,0,0,0,0,0,73,0
4467,183,0,63,0,0,0,41,0,56,0
4468,181,63,63,0,0,0,67,0,60,0
4469,234,0,76,0,0,0,0,0,63,0
4470,333,73,63,0,0,0,73,0,0,0
4471,200,67,66,0,0,0,0,27,0,0
4472,177,92,41,0,0,0,0,0,0,0
4473,480,0,41,0,0,0,0,27,56,0
4474,323,63,0,0,0,73,0,0,0,0
4475,157,0,63,92,0,0,0,27,0,0
4476,293,0,67,0,0,0,0,27,57,0
4477,738,132,0,0,0,0,0,27,0,0
4478,193,67,0,0,0,0,0,0,41,0
4479,697,0,0,0,0,0,0,27,66,0
4480,210,73,63,0,0,0,0,0,63,0
4481,196,63,63,0,0,0,0,27,57,57
4482,221,0,0,0,0,0,0,27,56,63
4483,387,0,63,0,0,0,73,0,73,0
4484,278,63,67,0,0,0,0,0,57,57
4485,717,63,0,0,0,0,0,90,0,0
4486,193,67,41,0,0,0,0,0,57,0
4487,179,63,0,0,0,0,63,0,0,0
4488,604,63,0,0,0,0,0,27,67,0
4489,236,0,26,0,0,0,0,0,56,0
4490,113,67,89,0,0,0,0,0,0,0
4491,577,67,0,0,0,0,0,67,0,0
4492,425,0,67,0,0,0,0,27,56,56
4493,253,41,41,0,0,0,0,27,60,0
4494,705,41,0,0,0,0,0,0,60,60
4495,696,40,0,0,0,0,0,0,60,0
4496,159,0,65,0,0,0,0,0,56,0
4497,180,63,0,0,73,0,0,0,0,0
4498,189,63,83,0,0,0,0,0,0,0
4499,304,63,41,0,0,0,0,0,63,0
4500,200,41,0,0,0,0,73,0,0,0
4501,171,66,0,0,0,0,0,0,56,56
4502,197,0,76,0,0,0,0,0,60,0
4503,1088,67,0,0,0,0,0,24,0,0
4504,209,0,41,0,0,0,0,0,66,0
4505,252,82,0,0,0,0,0,0,57,0
4506,179,58,66,0,0,0,0,0,0,0
4507,286,0,82,0,0,0,0,0,60,0
4508,379,0,63,0,73,0,0,0,0,0
4509,239,63,58,0,0,0,0,0,73,0
4510,429,0,39,0,0,0,0,0,56,0
4511,631,0,73,0,0,0,0,27,63,0
4512,236,63,63,0,0,0,0,27,66,0
4513,143,92,66,0,0,0,0,0,0,0
4514,359,0,63,0,0,0,67,27,0,0
4515,191,0,73,0,0,0,0,27,56,56
4516,267,64,66,0,0,0,0,0,0,0
4517,220,73,0,0,0,0,0,0,66,0
4518,448,73,63,0,0,0,0,0,73,0
4519,473,63,95,0,0,0,0,0,57,57
4520,178,64,73,0,0,0,0,0,0,0
4521,196,63,67,0,0,0,0,95,0,0
4522,274,67,63,0,0,0,0,0,66,0
4523,259,63,96,0,0,0,0,0,0,0
4524,211,82,82,0,0,0,0,0,57,0
4525,361,63,0,0,0,0,0,27,73,0
4526,276,63,62,0,0,0,0,27,0,0
4527,430,0,63,0,0,0,73,27,0,0
4528,172,62,0,0,0,0,0,0,66,0
4529,158,62,62,0,0,0,0,0,66,0
4530,209,132,41,0,0,0,0,0,0,0
4531,320,0,87,0,0,0,0,27,0,0
4532,336,63,67,0,0,0,0,0,59,0
4533,482,0,63,0,0,0,0,27,57,0
4534,214,67,64,0,0,0,0,0,63,0
4535,195,0,63,0,0,73,0,0,0,0
4536,147,0,0,0,0,0,63,27,0,0
4537,100,67,67,0,0,0,0,90,0,0
4538,235,67,95,0,0,0,0,0,59,0
4539,211,0,43,0,0,0,0,27,0,0
4540,177,75,0,0,0,0,0,27,0,0
4541,145,100,0,0,0,0,0,27,0,0
4542,169,0,63,0,0,0,63,0,0,0
4543,237,58,0,0,0,0,0,27,56,0
4544,206,66,67,0,0,0,0,0,56,0
4545,236,25,82,0,0,0,0,0,0,0
4546,287,0,36,0,0,0,0,27,0,0
4547,282,0,0,0,0,0,0,27,0,36
4548,171,94,94,0,0,0,0,0,60,0
4549,506,89,0,0,0,0,90,27,0,0
4550,130,63,0,0,0,0,90,27,0,0
4551,187,41,41,0,0,0,0,27,56,0
4552,577,0,89,0,0,0,90,27,0,0
4553,476,73,73,0,0,0,0,90,0,0
4554,167,0,73,0,0,0,0,0,66,0
4555,323,89,0,0,0,0,0,90,90,0
4556,127,73,0,0,0,0,0,90,0,0
4557,1001,63,63,0,0,0,0,90,0,0
4558,112,89,89,0,0,0,0,90,90,0
4559,584,0,89,0,0,0,0,90,90,0
4560,360,89,89,0,0,0,90,27,0,0
4561,209,58,41,0,0,0,0,27,0,0
4562,293,73,64,0,0,0,0,0,0,0
4563,517,66,132,0,0,0,0,0,0,0
4564,362,0,73,0,0,0,0,90,0,0
4565,271,64,63,0,0,0,0,27,0,0
4566,223,89,63,0,0,0,0,0,0,0
4567,968,33,0,0,0,0,0,27,0,0
4568,547,63,0,0,0,0,0,0,59,59
4569,201,63,0,0,0,0,67,27,0,0
4570,513,0,65,0,0,0,0,0,57,0
4571,225,0,4,0,0,0,0,27,0,0
4572,179,0,82,0,0,0,82,0,0,0
4573,505,0,0,33,0,0,0,27,0,0
4574,194,66,67,0,0,0,0,27,0,0
4575,176,92,63,0,0,0,0,0,56,0
4576,150,63,89,0,0,0,0,90,0,0
4577,228,63,0,0,0,0,67,27,67,0
4578,302,41,63,0,0,0,0,0,63,0
4579,209,95,94,0,0,0,0,0,0,0
4580,259,94,96,0,0,0,0,0,0,0
4581,215,63,0,0,0,0,0,27,63,0
4582,190,0,55,0,0,0,0,27,0,0
4583,190,82,0,0,0,0,82,0,0,0
4584,610,73,94,0,0,0,0,0,0,0
4585,246,73,58,0,0,0,0,27,0,0
4586,350,58,67,0,0,0,0,27,0,0
4587,334,63,0,0,0,0,0,67,0,0
4588,326,0,82,0,0,0,0,0,57,0
4589,108,0,80,0,0,0,27,0,0,0
4590,179,63,63,0,0,0,0,27,59,0
4591,179,0,48,0,0,0,0,27,0,0
4592,292,0,63,0,0,0,41,27,0,0
4593,140,66,92,0,0,0,0,0,0,0
4594,316,87,0,0,0,0,0,27,0,0
4595,316,0,0,0,0,0,0,82,0,0
4596,196,80,80,0,0,0,0,0,56,0
4597,226,0,93,0,0,0,0,0,24,0
4598,202,0,0,0,0,73,0,27,0,0
4599,377,132,64,0,0,0,0,0,0,0
4600,378,94,73,0,0,0,0,0,0,0
4601,196,63,94,0,0,0,0,0,0,0
4602,206,0,41,0,0,0,73,0,0,0
4603,166,63,64,92,0,0,0,0,0,0
4604,202,0,95,0,0,0,0,0,26,0
4605,955,73,0,0,0,0,0,0,59,0
4606,217,92,63,0,0,0,0,27,0,0
4607,216,72,72,0,0,82,0,0,0,0
4608,204,0,41,0,0,0,0,0,57,57
4609,184,82,0,0,0,0,0,0,56,0
4610,212,0,0,0,0,0,24,27,24,0
4611,234,0,64,0,0,0,0,0,63,0
4612,224,0,109,0,0,0,0,27,0,0
4613,1306,67,63,0,0,0,0,0,57,0
4614,200,83,95,0,0,0,0,0,26,0
4615,220,95,67,0,0,0,0,83,83,0
4616,140,95,83,0,0,0,0,0,26,0
4617,194,0,95,0,0,0,0,83,83,0
4618,456,63,0,0,0,0,73,0,73,0
4619,214,67,67,0,0,0,0,95,0,0
4620,193,41,39,0,0,0,0,27,0,0
4621,173,0,95,0,0,0,0,24,24,0
4622,175,95,0,0,0,0,0,83,83,0
4623,240,73,73,0,0,0,0,95,0,0
4624,149,0,0,82,0,0,0,0,0,0
4625,220,94,63,0,0,0,0,0,0,0
4626,243,63,95,0,0,0,0,0,59,59
4627,266,16,0,0,0,0,0,27,0,0
4628,630,0,67,0,0,0,0,92,0,0
4629,254,0,67,0,0,0,0,0,41,0
4630,188,0,38,0,0,0,0,27,0,0
4631,2149,82,87,0,0,0,0,0,0,0
4632,229,67,0,0,0,0,0,90,0,0
4633,329,63,95,0,0,0,0,0,73,0
4634,305,67,63,0,0,0,0,0,59,0
4635,144,0,0,0,0,0,0,90,56,0
4636,529,0,40,0,0,0,0,0,56,0
4637,512,82,25,0,0,0,0,0,0,0
4638,516,41,63,0,0,0,0,0,73,0
4639,175,0,54,0,0,0,0,27,0,0
4640,403,0,41,0,0,0,0,27,63,0
4641,275,67,58,0,0,0,0,27,0,0
4642,211,96,63,0,0,0,0,0,0,0
4643,239,0,58,0,0,0,0,27,63,0
4644,263,0,0,0,0,0,0,27,41,0
4645,368,82,72,0,0,0,0,0,0,0
4646,348,72,72,0,0,0,82,0,0,0
4647,239,63,67,0,0,0,73,0,73,0
4648,689,0,132,0,0,0,0,27,0,0
4649,245,73,63,0,0,0,67,0,67,0
4650,197,63,67,0,0,0,0,13,0,0
4651,190,73,73,0,0,0,0,0,66,0
4652,235,63,73,0,0,0,73,0,0,0
4653,496,0,63,0,0,0,0,27,67,0
4654,225,63,0,0,0,0,41,0,41,0
4655,145,63,0,92,0,0,0,27,0,0
4656,420,55,0,0,0,0,0,0,60,0
4657,156,63,0,0,0,0,0,92,0,0
4658,261,41,132,0,0,0,0,0,0,0
4659,220,63,1,0,0,0,0,0,0,0
4660,232,41,0,0,0,0,0,0,73,0
4661,344,67,73,0,0,0,0,0,60,0
4662,249,132,63,0,0,0,0,0,0,0
4663,391,63,132,0,0,0,0,0,0,0
4664,224,93,93,0,0,0,0,0,24,0
4665,147,0,63,0,0,0,90,27,0,0
4666,325,0,82,0,0,0,0,0,63,0
4667,196,95,63,0,0,0,67,0,67,0
4668,244,73,67,0,0,0,0,27,63,0
4669,251,62,63,0,0,0,0,27,0,0
4670,226,58,73,0,0,0,0,27,0,0
4671,216,0,132,0,0,0,0,0,66,0
4672,187,64,0,0,0,0,0,0,63,0
4673,412,93,67,0,0,0,0,0,26,0
4674,313,63,74,0,0,0,0,27,0,0
4675,304,63,0,0,0,0,73,27,0,0
4676,202,0,74,0,0,0,0,27,63,0
4677,326,63,93,0,0,0,67,0,0,0
4678,137,43,0,0,0,0,0,27,0,0
4679,272,67,73,0,0,0,0,27,63,0
4680,368,72,82,0,0,0,0,0,0,0
4681,198,0,74,0,0,0,0,0,56,0
4682,169,0,0,0,0,0,0,90,63,0
4683,127,94,82,0,0,0,0,27,0,0
4684,208,63,80,0,0,0,0,27,0,0
4685,210,67,63,0,0,0,67,0,67,0
4686,179,0,37,0,0,0,0,27,0,0
4687,175,38,0,0,0,0,0,27,0,0
4688,238,73,132,0,0,0,0,0,0,0
4689,177,42,0,0,0,0,0,27,0,0
4690,609,80,80,0,73,73,0,73,0,0
4691,248,87,87,0,0,0,0,27,0,0
4692,211,87,82,0,0,0,0,0,0,0
4693,207,72,33,0,0,0,0,0,0,0
6829,0,1,0,0,0,0,0,0,26,0
6830,0,1,109,0,0,0,0,0,0,0
6831,487,109,109,0,0,0,0,0,0,37
6832,109,0,0,0,0,0,0,0,109,0
6833,0,0,39,0,0,0,0,24,24,0
6834,3769,0,0,0,0,0,0,0,0,16
6835,638,0,99,0,0,0,0,0,0,0
6836,0,1,1,0,0,0,0,109,0,0
6837,0,0,0,86,0,0,0,0,0,0
6838,251,104,104,0,0,0,0,104,0,0
6839,198,0,0,0,0,0,0,104,104,0
6840,0,0,86,0,0,0,86,0,0,0
6841,407,0,0,0,0,0,0,87,0,0
6842,170,67,8,0,0,0,0,0,0,0
6843,903,0,0,0,0,0,0,105,0,0
6844,0,1,1,0,0,0,0,0,109,0
6845,489,41,0,0,0,0,0,0,59,0
6846,226,0,39,0,0,0,0,0,24,0
6847,0,38,38,0,0,0,0,0,32,0
6848,0,38,0,0,0,0,0,0,32,0
6849,541,18,0,0,0,0,0,0,0,0
6850,0,0,1,0,0,0,0,24,24,0
6851,0,2,1,0,0,0,0,0,0,0
6852,0,1,0,0,0,0,0,24,24,0
6853,0,32,35,0,0,0,0,0,0,0
6854,536,41,0,0,0,0,0,13,0,0
6855,0,1,39,0,0,0,0,0,0,0
6856,0,86,86,0,0,0,0,32,0,0
6857,459,0,0,0,0,0,0,0,34,0
6858,467,0,0,107,0,0,0,0,0,0
6859,441,0,26,0,0,0,0,13,0,0
6860,688,0,41,0,0,0,0,13,0,0
6861,265,0,25,0,0,0,0,0,56,0
6862,237,25,25,0,0,0,0,0,56,56
6863,0,0,86,0,0,0,0,0,57,0
6864,381,0,20,0,0,0,0,0,0,0
6865,195,35,34,0,0,0,0,0,0,0
6866,306,109,8,0,0,0,0,0,0,0
6867,180,39,0,92,0,0,0,0,0,0
6868,289,0,39,92,0,0,0,0,0,0
6869,280,101,0,101,0,0,0,0,0,0
6870,176,0,0,0,0,0,0,0,87,0
6871,197,3,3,0,0,0,0,109,0,0
6872,239,39,0,0,0,0,0,13,0,0
6873,288,101,0,0,0,0,0,27,0,0
6874,0,1,108,0,0,0,0,0,0,0
6875,346,0,67,0,0,0,0,0,24,0
6876,0,0,86,0,0,0,0,0,32,0
6877,0,26,0,0,0,0,0,24,24,0
6878,0,109,0,0,0,0,0,24,24,0
6879,0,109,1,0,0,0,0,0,0,0
6880,0,1,0,0,0,0,0,24,0,0
6881,0,0,38,0,0,0,0,0,0,32
6882,226,34,109,0,0,0,0,0,0,0
6883,0,108,1,0,0,0,0,0,0,0
6884,204,37,39,0,0,0,0,0,0,0
6885,0,39,0,0,0,0,0,24,24,0
6886,539,0,0,0,0,0,0,38,0,0
6887,209,101,67,0,0,0,0,0,0,0
6888,0,32,32,0,0,0,0,0,57,0
6889,653,0,0,0,0,0,0,86,0,0
6890,0,0,86,0,0,0,0,0,56,56
6891,234,0,101,0,0,0,0,0,101,0
6892,0,39,37,0,0,0,0,0,0,0
6893,424,39,0,0,0,0,0,0,57,0
6894,499,0,39,0,0,0,0,0,57,0
6895,229,26,101,0,0,0,0,0,0,0
6896,0,1,1,0,0,0,0,109,109,0
6897,328,0,0,0,0,0,0,109,0,0
6898,0,0,1,0,0,0,0,24,0,0
6899,0,32,34,0,0,0,0,0,0,0
6900,0,86,0,0,0,0,0,0,57,0
6901,0,109,109,0,0,0,0,24,24,0
6902,341,0,39,0,0,0,0,13,0,0
6903,209,0,39,0,0,0,0,0,56,56
6904,286,8,109,0,0,0,0,0,0,0
6905,0,1,2,0,0,0,0,0,0,0
6906,0,86,86,0,0,0,0,86,0,0
6907,0,86,86,0,0,0,0,34,0,0
6908,335,0,41,0,0,0,0,0,59,0
6909,415,26,0,0,0,0,0,13,0,0
6910,0,0,0,0,0,0,0,32,32,32
6911,282,104,104,0,0,0,0,104,104,0
6912,464,0,0,0,0,0,0,104,0,0
6913,331,0,39,0,0,0,0,92,0,0
6914,308,0,0,0,0,0,0,34,0,0
6915,255,40,0,0,0,0,0,0,56,0
6916,0,0,109,0,0,0,0,24,24,0
6917,270,58,0,0,0,0,0,0,59,0
6918,278,0,0,0,0,0,0,87,87,0
6919,240,104,104,0,0,0,104,0,0,0
6920,236,0,37,0,0,0,0,0,0,37
6921,297,0,58,0,0,0,0,0,59,0
6922,322,0,0,0,0,0,0,107,0,0
6923,350,0,101,101,0,0,0,0,0,0
6924,191,109,34,0,0,0,0,0,0,0
6925,379,104,104,104,0,0,0,0,0,0
6926,227,0,39,0,0,0,0,0,26,0
6927,360,20,0,0,0,0,0,0,0,0
6928,250,23,0,0,0,0,0,0,0,0
6929,258,25,0,0,0,0,0,0,56,0
6930,241,0,0,0,0,47,0,0,0,0
6931,528,16,16,0,0,0,0,13,0,0
6932,214,37,0,0,0,0,0,0,0,37
6933,178,0,47,0,0,0,0,0,47,0
6934,0,1,1,0,0,0,0,26,26,0
6935,0,86,0,0,0,0,0,0,56,56
6936,248,0,0,0,0,0,104,0,0,0
6937,0,0,26,0,0,0,0,24,24,0
6938,0,32,37,0,0,0,0,0,0,0
6939,0,37,32,0,0,0,0,0,0,0
6940,200,101,58,0,0,0,0,0,0,0
6941,0,0,0,32,32,32,0,0,0,0
6942,0,0,1,0,0,0,0,0,26,0
6943,0,0,32,0,0,0,0,0,32,0
6944,182,41,0,0,0,0,0,0,57,57
6945,0,0,38,0,0,0,0,0,32,0
6946,575,1,1,0,0,0,39,0,0,0
6947,0,86,86,0,0,0,0,0,34,0
6948,0,86,86,0,0,0,0,67,0,0
6949,0,0,32,0,0,0,0,0,56,0
6950,0,3,86,0,0,0,0,0,0,0
6951,346,106,0,0,0,0,0,0,0,0
6952,182,34,34,0,0,0,0,0,34,0
6953,196,34,39,0,0,0,0,0,0,0
6954,185,97,97,0,0,0,0,0,56,0
6955,0,32,0,0,0,0,0,0,32,0
6956,240,65,0,0,0,0,0,0,57,0
6957,211,84,97,0,0,0,0,0,0,0
6958,0,101,1,0,0,0,0,0,0,0
6959,192,0,55,0,0,0,0,0,60,0
6960,0,0,0,0,0,0,0,86,86,0
6961,0,0,86,0,0,0,0,0,86,86
6962,0,86,0,0,0,0,0,0,86,86
6963,0,37,86,0,0,0,0,0,0,0
6964,0,32,0,0,0,0,0,0,57,0
6965,0,86,0,0,0,0,0,0,56,0
6966,0,1,41,0,0,0,0,0,0,0
6967,0,0,26,0,0,0,0,26,26,0
6968,193,77,77,0,0,0,0,0,59,0
6969,0,87,32,0,0,0,0,0,0,0
6970,245,105,0,105,0,0,0,0,0,0
6971,294,39,0,0,0,0,0,0,56,0
6972,235,67,67,0,0,0,0,92,0,0
6973,0,34,32,0,0,0,0,0,0,0
6974,275,0,105,105,0,0,0,0,0,0
6975,0,39,1,0,0,0,0,0,0,0
6976,0,0,0,0,32,32,0,0,0,0
6977,362,67,0,0,0,0,0,92,0,0
6978,0,93,0,0,0,0,0,0,24,0
6979,242,67,0,0,0,0,0,0,59,59
6980,0,86,3,0,0,0,0,0,0,0
6981,203,21,0,0,0,0,0,0,0,0
6982,216,0,86,0,0,0,0,0,56,0
6983,0,86,0,0,0,0,0,0,32,0
6984,215,58,101,0,0,0,0,0,0,0
6985,0,32,32,0,0,0,0,0,32,32
6986,269,0,0,0,47,0,0,0,0,0
6987,195,0,0,0,0,0,77,0,0,0
6988,280,84,73,0,0,0,0,0,0,0
6989,478,105,105,105,0,0,0,0,0,0
6990,0,0,86,0,0,0,0,86,0,0
6991,351,73,84,0,0,0,0,0,0,0
6992,257,0,41,0,0,0,0,0,59,59
6993,240,0,104,104,0,0,0,0,0,0
6994,132,65,65,0,0,0,0,0,57,0
6995,0,0,32,0,0,0,0,0,57,0
6996,305,0,0,114,0,0,0,0,0,0
6997,193,0,40,0,0,0,0,0,57,0
6998,0,32,87,0,0,0,0,0,0,0
6999,0,1,101,0,0,0,0,0,0,0
7000,0,86,0,0,0,0,0,86,0,0
7001,0,86,86,92,0,0,0,0,0,0
7002,0,0,86,0,0,0,0,67,0,0
7003,214,0,40,0,0,0,0,0,56,56
7004,0,86,37,0,0,0,0,0,0,0
7005,207,73,73,0,0,0,0,84,0,0
7905,261,1,1,0,0,0,0,0,26,26
7906,4909,0,0,0,0,0,0,24,0,24
7907,586,0,39,0,0,0,0,24,0,0
7908,278,1,1,0,0,0,0,13,0,0
7909,396,109,0,0,0,0,0,24,0,0
7910,338,26,0,0,0,0,0,24,0,0
7911,310,39,0,0,0,0,0,24,0,0
7912,215,16,16,0,0,0,0,24,0,0
7913,599,1,1,0,0,0,0,26,0,26
7914,447,109,109,0,0,0,0,24,0,0
7915,342,0,67,0,0,0,0,26,0,26
7916,537,0,109,0,0,0,0,24,0,0
7917,263,0,93,0,0,0,0,24,0,0
7918,213,0,73,0,0,0,0,24,0,0
7919,382,0,26,0,0,0,0,24,0,0
7920,855,1,1,0,0,0,0,26,0,0
7921,261,1,1,0,0,0,0,0,56,0
7922,0,38,0,0,0,0,0,0,0,32
7923,205,73,0,0,0,0,0,24,0,0
7924,218,67,0,0,0,0,0,26,0,26
7925,0,32,0,0,0,0,0,0,0,32
7926,387,1,1,0,0,0,0,24,0,24
7927,218,26,0,0,0,0,0,26,0,0
7928,253,0,26,0,0,0,0,26,0,0
7929,218,0,41,0,0,0,0,26,0,0
7930,0,86,86,0,0,0,0,86,86,0
7931,252,1,1,0,0,0,0,0,103,0
7932,437,1,1,92,0,0,0,0,0,0
7933,362,1,1,0,0,0,0,92,0,0
7934,222,1,1,0,0,0,0,0,0,58
7935,316,73,73,0,0,0,0,26,0,0
7936,203,93,93,0,0,0,0,26,0,0
7937,431,1,1,0,0,0,0,0,101,0
7938,225,83,83,0,0,0,0,26,0,0
9069,104342,155,155,0,0,0,0,0,0,0
9070,6477,157,157,0,0,0,0,0,0,0
9071,7725,142,142,0,0,0,0,0,0,0
9072,1429,150,150,0,0,0,0,0,0,151
9073,33643,156,156,0,0,0,0,0,0,0
9074,5192,150,0,0,0,0,0,0,0,0
9075,1378,144,0,0,0,0,0,0,0,0
9076,258,155,47,0,0,0,0,0,0,0
9077,2553,147,147,0,0,0,0,0,0,0
9078,19674,0,141,0,0,0,0,0,0,0
9079,1552,58,0,0,0,0,0,0,0,151
9080,157688,0,0,0,0,0,0,0,0,151
9081,51568,140,140,0,0,0,0,0,0,0
9082,26845,155,0,0,0,0,0,0,0,0
9083,38758,0,155,0,0,0,0,0,0,0
9084,2366,0,0,0,0,0,0,0,150,150
9085,5724,0,150,0,0,0,0,0,0,0
9086,0,86,157,0,0,0,0,0,0,0
9087,13460,141,0,0,0,0,0,0,0,0
9088,857,38,146,0,0,0,0,0,0,0
9089,0,86,155,0,0,0,0,0,0,0
9090,2962,146,38,0,0,0,0,0,0,0
9091,961,149,149,0,0,0,0,0,0,0
9092,983,149,0,0,0,0,0,0,0,0
9093,1015,0,0,0,0,0,0,0,0,142
9094,2055,0,144,0,0,0,0,0,0,0
9095,7975,142,0,0,0,0,0,0,0,0
9096,14363,0,142,0,0,0,0,0,0,0
9097,474,37,0,0,0,0,0,0,0,151
9098,203,157,157,0,0,0,0,0,0,151
9099,3400,143,143,0,0,0,0,0,0,0
9100,5724,0,143,0,0,0,0,0,0,0
9101,8521,141,141,0,0,0,0,0,0,0
9102,8372,0,0,0,0,0,0,0,0,141
9103,0,155,86,0,0,0,0,0,0,0
9104,507,86,86,0,0,0,0,0,0,151
9105,574,155,155,0,0,0,0,0,56,0
9106,581,155,155,0,0,0,0,0,57,57
9107,425,0,155,0,0,0,0,0,57,0
9108,438,0,86,0,0,0,0,0,0,151
9109,6488,150,150,0,0,0,0,0,0,0
9110,1490,155,155,0,0,0,0,0,86,0
9111,1315,0,0,0,0,0,0,0,0,150
9112,326,0,38,0,0,0,0,0,0,146
9113,1080,0,0,0,0,0,0,0,56,151
9114,7016,0,0,0,0,0,0,0,57,151
9115,1335,37,37,0,0,0,0,0,0,151
9116,262,147,147,0,0,0,0,0,0,151
9117,3240,143,0,0,0,0,0,0,0,0
9118,2049,0,39,0,0,0,0,0,0,151
9119,763,0,146,0,0,0,0,0,0,0
9120,2019,0,147,0,0,0,0,0,0,0
9121,459,156,156,0,0,0,0,0,86,0
9122,420,86,0,0,0,0,0,0,0,151
9123,1277,67,0,0,0,0,0,0,0,151
9124,1609,39,0,0,0,0,0,0,0,151
9125,205,140,37,0,0,0,0,0,0,0
9126,298,155,0,0,0,0,0,0,57,0
9127,696,155,0,0,0,0,0,0,0,151
9128,3104,155,155,0,0,0,0,0,0,151
9129,785,152,0,0,0,0,0,0,0,0
9130,248,155,0,0,0,0,0,0,86,0
9131,392,36,155,0,0,0,0,0,0,0
9132,0,156,0,0,0,0,0,0,0,0
9133,1849,0,63,0,0,0,0,0,0,151
9134,1471,63,63,0,0,0,0,0,0,151
9135,1483,63,0,0,0,0,0,0,0,151
9136,1126,0,0,0,0,0,0,0,63,151
9137,334,156,156,0,0,0,0,86,0,0
9138,1729,0,58,0,0,0,0,0,0,151
9139,555,155,39,0,0,0,0,0,0,0
9140,503,0,37,0,0,0,0,0,0,151
9141,378,0,0,0,0,0,0,0,0,147
9142,386,155,155,0,0,0,0,0,0,36
9143,240,155,155,0,0,0,0,86,86,0
9144,662,155,155,0,0,0,0,0,56,56
9145,0,0,156,0,0,0,0,0,0,0
9146,239,58,155,0,0,0,0,0,0,0
9147,0,86,156,0,0,0,0,0,0,0
9148,0,155,0,0,0,0,0,0,56,0
9149,760,0,0,0,0,0,0,0,0,152
9150,996,144,144,0,0,0,0,0,0,0
9151,0,156,86,0,0,0,0,0,0,0
9152,1251,0,149,0,0,0,0,0,0,0
9153,885,155,32,0,0,0,0,0,0,0
9154,596,39,155,0,0,0,0,0,0,0
9155,1471,0,150,0,0,0,0,0,0,151
9156,802,145,0,0,0,0,0,0,0,0
9157,339,32,32,0,0,0,0,0,0,151
9158,1026,154,0,0,0,0,0,0,0,0
9159,1889,0,67,0,0,0,0,0,0,151
9160,347,0,155,0,0,0,0,0,86,0
9161,554,155,155,0,0,0,0,0,57,0
9162,1431,147,0,0,0,0,0,0,0,0
9163,883,32,155,0,0,0,0,0,0,0
9164,749,0,155,0,0,0,0,0,0,151
9165,1758,0,0,0,0,0,0,0,150,0
9166,436,87,141,0,0,0,0,0,0,0
9167,338,156,156,0,0,0,0,0,56,0
9168,650,153,0,0,0,0,0,0,0,0
9169,794,0,145,0,0,0,0,0,0,0
9170,348,155,155,0,0,0,0,86,0,0
9171,467,155,155,0,0,0,0,27,0,0
9172,314,47,155,0,0,0,0,0,0,0
9173,380,0,32,0,0,0,0,0,0,151
9174,1103,0,154,0,0,0,0,0,0,0
9175,772,154,154,0,0,0,0,0,0,0
9176,254,29,155,0,0,0,0,0,0,0
9177,467,141,0,0,0,0,0,27,0,0
9178,290,0,155,0,0,0,0,0,56,56
9179,359,155,155,92,0,0,0,0,0,0
9180,719,35,145,0,0,0,0,0,0,0
9181,888,146,0,0,0,0,0,0,0,0
9182,1271,150,0,0,0,0,0,0,0,151
9183,310,67,141,0,0,0,0,0,0,0
9184,296,32,0,0,0,0,0,0,0,151
9185,563,67,155,0,0,0,0,0,0,0
9186,653,155,155,0,0,0,0,0,0,32
9187,1759,155,155,0,0,0,0,0,150,150
9188,481,141,67,0,0,0,0,0,0,0
9189,294,146,146,0,0,0,0,0,0,0
9190,436,0,141,0,0,0,0,27,0,0
9191,795,0,152,0,0,0,0,0,0,0
9192,416,156,156,0,0,0,0,34,0,0
9193,256,141,0,0,0,0,0,0,57,0
9194,350,0,0,0,0,0,0,156,0,0
9195,644,155,67,0,0,0,0,0,0,0
9196,1288,0,0,0,0,0,0,0,150,151
9197,462,155,155,0,0,0,0,67,0,0
9198,428,155,155,0,0,0,0,0,150,151
9199,592,150,155,0,0,0,0,0,0,0
9200,284,141,87,0,0,0,0,0,0,0
9201,434,155,150,0,0,0,0,0,0,0
9202,398,150,150,0,0,0,0,0,150,0
9203,0,157,157,0,0,0,0,0,0,32
9204,534,155,155,0,0,0,0,0,150,0
9205,413,0,155,0,0,0,0,27,0,0
9206,255,0,155,0,0,0,0,0,150,0
9207,402,155,155,0,0,0,0,0,57,151
9208,364,150,39,0,0,0,0,0,0,0
9209,293,155,36,0,0,0,0,0,0,0
9210,442,155,155,0,0,0,0,0,0,150
9211,229,155,29,0,0,0,0,0,0,0
9524,3479,157,0,0,0,0,0,0,0,0
9525,1396,0,0,0,0,0,0,0,59,151
9526,236,142,67,0,0,0,0,0,0,0
9527,5649,0,157,0,0,0,0,0,0,0
9528,1212,58,58,0,0,0,0,0,0,151
9529,630,0,0,92,0,0,0,0,0,151
9530,302,0,63,0,0,0,0,0,57,151
9531,735,67,67,0,0,0,0,0,0,151
9532,212,156,156,0,0,0,0,86,86,0
9533,288,0,41,0,0,0,0,0,0,151
9534,278,148,0,0,0,0,0,0,0,0
9535,331,63,0,0,0,0,0,0,57,151
9536,297,58,0,0,0,0,0,0,57,151
9537,229,1,1,0,0,0,0,0,0,151
9538,259,41,0,0,0,0,0,0,0,151
9539,531,0,0,0,0,0,0,13,0,151
9540,229,155,0,0,0,0,0,0,56,56
9541,337,0,58,0,0,0,0,0,57,151
9542,215,36,36,0,0,0,0,0,0,151
9543,860,73,73,0,0,0,0,0,0,151
9544,216,0,0,0,0,0,0,0,147,0
9545,220,0,148,0,0,0,0,0,0,0
9546,335,0,0,0,0,0,0,27,0,151
9547,212,0,155,0,0,0,0,0,56,0
9548,207,3,155,0,0,0,0,0,0,0
9549,255,141,39,0,0,0,0,0,0,0
9550,220,34,155,0,0,0,0,0,0,0
9551,285,140,140,0,0,0,0,84,0,0
9552,203,0,0,33,0,0,0,0,0,151
9553,210,73,0,0,0,0,0,0,0,151
9554,241,0,141,0,0,0,0,0,57,0
9555,215,0,73,0,0,0,0,0,0,151
9556,658,140,140,0,0,0,0,27,0,0
9557,234,0,155,0,0,0,0,67,0,0
9558,232,155,155,0,0,0,67,0,0,0
9559,289,155,0,0,0,0,0,27,0,0
9560,355,0,153,0,0,0,0,0,0,0
9561,423,39,39,0,0,0,0,0,0,151
9562,224,150,0,0,0,0,0,0,150,0
9563,203,155,0,0,0,0,0,0,150,0
9564,231,156,34,0,0,0,0,0,0,0
9565,226,34,156,0,0,0,0,0,0,0
9566,236,39,150,0,0,0,0,0,0,0
9567,209,29,156,0,0,0,0,0,0,0
