"cluster_id","slot_signature_hash","slot_signature_token","slot_signature_n_objects","created_at"
1,"3e4c4f306635e83d7fb509dca397d9289027927e",LH:0|RH:0|TF:0|LE:0|RE:0|MO:0|SH:0|WA:0|FT:0,0,"2026-04-27 10:49:22"
2,f1c8ea733857e4672ee562f1a0f229e8af30f920,LH:62|RH:62|TF:0|LE:0|RE:0|MO:0|SH:0|WA:0|FT:0,2,"2026-04-27 10:49:22"
3,"92432bb575b893ef96d16e44329499a84caf4edd",LH:0|RH:57|TF:0|LE:0|RE:0|MO:0|SH:0|WA:0|FT:0,1,"2026-04-27 10:49:22"
4,"7473ddb51e698858144a7085c45b23ee65102f5d",LH:0|RH:0|TF:0|LE:0|RE:0|MO:0|SH:0|WA:0|FT:40,1,"2026-04-27 10:49:22"
5,"0a9586b5f8dbc9eeb898d980bde412144b6dad2b",LH:0|RH:0|TF:0|LE:0|RE:0|MO:0|SH:0|WA:0|FT:26,1,"2026-04-27 10:49:22"
6,"39ee5f865c3232f8769e174dc0368ec8da5c3675",LH:41|RH:63|TF:0|LE:0|RE:0|MO:0|SH:0|WA:0|FT:0,2,"2026-04-27 10:49:22"
7,"09e3c34b87fa5759f3e67ad10f8a831d64896ddf",LH:0|RH:67|TF:0|LE:0|RE:0|MO:0|SH:0|WA:0|FT:0,1,"2026-04-27 10:49:22"
8,afc77f735ceeb906c6e4c6b0c53f38c03b022465,LH:57|RH:57|TF:0|LE:0|RE:0|MO:73|SH:0|WA:0|FT:0,3,"2026-04-27 10:49:22"
9,"9aa8e5184af76378e3033a64f42b40bada73c091",LH:0|RH:0|TF:0|LE:0|RE:0|MO:0|SH:0|WA:73|FT:73,2,"2026-04-27 10:49:22"
10,"1e09bac3a3a26e4dd728aa9854fdf68f45797a17",LH:25|RH:25|TF:0|LE:0|RE:0|MO:0|SH:0|WA:26|FT:0,3,"2026-04-27 10:49:22"
11,"59f991a2d7b9de0bfbf5806f82a15d9cdf82be47",LH:63|RH:63|TF:0|LE:0|RE:0|MO:0|SH:0|WA:0|FT:0,2,"2026-04-27 10:49:22"
12,"6dd1d9f0626269bd1e931ac3c2bcdf76adfd2ff6",LH:0|RH:0|TF:0|LE:0|RE:0|MO:0|SH:0|WA:67|FT:41,2,"2026-04-27 10:49:22"
13,"1ca374c8a3a6694c51f674d9f1fe0b53b6a79bed",LH:0|RH:72|TF:0|LE:0|RE:0|MO:0|SH:0|WA:0|FT:0,1,"2026-04-27 10:49:22"
14,a0b1722ac80be622d02cd8ef66e19ec5f90dc062,LH:55|RH:67|TF:0|LE:0|RE:0|MO:0|SH:0|WA:0|FT:0,2,"2026-04-27 10:49:22"
15,"3a00d3b79e524265abed11f60bbc00c2b34bdb31",LH:0|RH:0|TF:0|LE:0|RE:0|MO:0|SH:27|WA:0|FT:0,1,"2026-04-27 10:49:22"
16,"01988f870d205ef134bbbbc1165da1389357154e",LH:0|RH:41|TF:0|LE:0|RE:0|MO:0|SH:0|WA:0|FT:0,1,"2026-04-27 10:49:22"
17,cd1eb351b86a352228818a5329de8b83f29cad03,LH:67|RH:41|TF:0|LE:0|RE:0|MO:0|SH:0|WA:0|FT:0,2,"2026-04-27 10:49:22"
18,e965910f8b69de14a8166804707fb046dae099a7,LH:58|RH:39|TF:0|LE:0|RE:0|MO:0|SH:0|WA:0|FT:0,2,"2026-04-27 10:49:22"
19,"635fc38ffa4ce82a207789c2258248e657ed5089",LH:0|RH:0|TF:0|LE:0|RE:0|MO:0|SH:0|WA:0|FT:63,1,"2026-04-27 10:49:22"
20,"661bfd1e41348e7cf497cd83fdabf287a8436a3f",LH:0|RH:0|TF:0|LE:0|RE:0|MO:0|SH:0|WA:63|FT:41,2,"2026-04-27 10:49:22"
21,e1baa1447e65c85af05e74b21108a433d1e86e0e,LH:0|RH:94|TF:0|LE:0|RE:0|MO:0|SH:0|WA:0|FT:0,1,"2026-04-27 10:49:22"
22,"58abb3c3f1d7e1614e30661ac5e133532a93040b",LH:0|RH:0|TF:0|LE:0|RE:0|MO:0|SH:0|WA:0|FT:28,1,"2026-04-27 10:49:22"
23,f6fd5badf6d8344a154e1fdfd761303eb64be4c7,LH:29|RH:29|TF:0|LE:0|RE:0|MO:0|SH:0|WA:0|FT:0,2,"2026-04-27 10:49:22"
24,be70e50aa116e3c868dc7e09c6f0a708d0a8f946,LH:58|RH:58|TF:0|LE:0|RE:0|MO:41|SH:0|WA:0|FT:0,3,"2026-04-27 10:49:22"
25,ce54a394539687aff519981bfef8145b6944a6d1,LH:67|RH:0|TF:0|LE:0|RE:0|MO:0|SH:0|WA:0|FT:0,1,"2026-04-27 10:49:22"
26,"27db8a79ed1b00b4aab14ce218b864b290cbadaa",LH:0|RH:0|TF:0|LE:0|RE:0|MO:40|SH:0|WA:0|FT:0,1,"2026-04-27 10:49:22"
27,"20030193d2a0c8647f4ccb281a7efaf906e1e3bd",LH:0|RH:0|TF:0|LE:0|RE:0|MO:73|SH:0|WA:63|FT:0,2,"2026-04-27 10:49:22"
28,"08eda1f3191b125c15bb18fad46b570d72a01352",LH:73|RH:73|TF:0|LE:0|RE:0|MO:0|SH:0|WA:0|FT:0,2,"2026-04-27 10:49:22"
29,abeba69225c8122760c96cb97fc4dcd1255df376,LH:0|RH:0|TF:0|LE:0|RE:0|MO:0|SH:0|WA:67|FT:0,1,"2026-04-27 10:49:22"
30,"0a08092f730ee40f863d17e475d55eda3ad4e284",LH:26|RH:73|TF:0|LE:0|RE:0|MO:0|SH:0|WA:0|FT:0,2,"2026-04-27 10:49:22"
31,"8bbc56a4e20d71a31ecd5df022222e2ce88e8e5b",LH:19|RH:19|TF:0|LE:0|RE:0|MO:0|SH:0|WA:0|FT:0,2,"2026-04-27 10:49:22"
32,"0a5546ef7323bb633b22e008bc42d2b10588673f",LH:26|RH:26|TF:0|LE:0|RE:0|MO:0|SH:67|WA:0|FT:0,3,"2026-04-27 10:49:22"
33,"116ab7a8a66b5aa4180479f1c0f6b83596afe892",LH:59|RH:0|TF:0|LE:0|RE:0|MO:0|SH:0|WA:0|FT:0,1,"2026-04-27 10:49:22"
34,"001de6675b50cddef61bdaac1185f8d5017dd367",LH:0|RH:0|TF:0|LE:0|RE:0|MO:0|SH:0|WA:63|FT:63,2,"2026-04-27 10:49:22"
35,e534076894e21267f6071768317371d4441c84a9,LH:0|RH:0|TF:0|LE:0|RE:0|MO:67|SH:0|WA:67|FT:67,3,"2026-04-27 10:49:22"
36,c1531eb5b9235dd099e463b1ce986cfd2d4a0e50,LH:0|RH:0|TF:0|LE:0|RE:0|MO:92|SH:92|WA:92|FT:0,3,"2026-04-27 10:49:22"
37,f91055b3918613a5c27f4ad10719a62ef9779aeb,LH:92|RH:92|TF:0|LE:0|RE:0|MO:0|SH:0|WA:0|FT:0,2,"2026-04-27 10:49:22"
38,c3af1f5c9794b95a8500df437f97be7a3a632fc9,LH:0|RH:0|TF:0|LE:0|RE:0|MO:90|SH:0|WA:90|FT:0,2,"2026-04-27 10:49:22"
39,dd8bcca82c37363911c699001c72e0f1f734777d,LH:60|RH:41|TF:0|LE:0|RE:0|MO:0|SH:0|WA:0|FT:0,2,"2026-04-27 10:49:22"
40,"532e133ac5da8bef11d4979f324703aaae2cba09",LH:20|RH:20|TF:0|LE:0|RE:0|MO:0|SH:0|WA:0|FT:0,2,"2026-04-27 10:49:22"
41,"847c1322a1bc41fe204e197906dba211a7fbb168",LH:108|RH:108|TF:0|LE:0|RE:0|MO:0|SH:27|WA:0|FT:0,3,"2026-04-27 10:49:22"
42,"51833d195594ca354744c9a9e8a7e2d4e4beef98",LH:108|RH:0|TF:0|LE:0|RE:0|MO:0|SH:0|WA:0|FT:0,1,"2026-04-27 10:49:22"
43,"91096b127bf4ba8f8c67bea928a96aaea220978a",LH:8|RH:8|TF:0|LE:0|RE:0|MO:0|SH:0|WA:0|FT:0,2,"2026-04-27 10:49:22"
44,a4737cf2737c9e11a9ede6b0cc57eda3f2bee25d,LH:0|RH:2|TF:0|LE:0|RE:0|MO:0|SH:0|WA:0|FT:0,1,"2026-04-27 10:49:22"
45,"17a523695f38f87cdee51876e9181d10c95a51d2",LH:0|RH:0|TF:0|LE:0|RE:0|MO:0|SH:0|WA:26|FT:26,2,"2026-04-27 10:49:22"
46,b7e8417c991996a03b48b7286b674604c3fd3eb7,LH:0|RH:0|TF:0|LE:0|RE:0|MO:0|SH:0|WA:67|FT:56,2,"2026-04-27 10:49:22"
47,"1d83e5ee86d1dd9d36b94be4c635341ca4beb996",LH:0|RH:0|TF:0|LE:0|RE:0|MO:0|SH:0|WA:0|FT:32,1,"2026-04-27 10:49:22"
48,"6584987a239d02f64dbfe07b4523de48dc8191cb",LH:0|RH:0|TF:0|LE:0|RE:0|MO:27|SH:0|WA:56|FT:0,2,"2026-04-27 10:49:22"
49,"68e423110e6d4a0bc40d19d107c60da7c65795f4",LH:0|RH:0|TF:0|LE:67|RE:0|MO:0|SH:67|WA:0|FT:0,2,"2026-04-27 10:49:22"
50,bb30512c13274f47d38c625f9cab06c5956033bc,LH:0|RH:0|TF:0|LE:0|RE:0|MO:27|SH:0|WA:56|FT:56,3,"2026-04-27 10:49:22"
51,d6e5624ac57c15cf73098c06a54f9931d48a7efd,LH:0|RH:0|TF:0|LE:0|RE:0|MO:0|SH:0|WA:67|FT:26,2,"2026-04-27 10:49:22"
52,c3461aaecedfd683618efb9d00e297872bb81cee,LH:41|RH:41|TF:0|LE:0|RE:0|MO:0|SH:0|WA:0|FT:39,3,"2026-04-27 10:49:22"
53,"017b8816e244342327d275a3a9c6aa6cda5a37e1",LH:67|RH:67|TF:0|LE:0|RE:0|MO:0|SH:0|WA:0|FT:39,3,"2026-04-27 10:49:22"
54,"9d212790446181d8a878c953c9996c51c581efd8",LH:43|RH:0|TF:0|LE:0|RE:0|MO:0|SH:0|WA:0|FT:0,1,"2026-04-27 10:49:22"
55,f5548d6f468f73f8ce48dfd59d6afb5428037103,LH:0|RH:0|TF:0|LE:0|RE:0|MO:0|SH:0|WA:60|FT:56,2,"2026-04-27 10:49:22"
56,efc79e5d64afc7ca0dc76a5d13d86f813eeafb9b,LH:0|RH:0|TF:0|LE:0|RE:0|MO:0|SH:0|WA:0|FT:56,1,"2026-04-27 10:49:22"
57,"19d49257ac472cb860e9bc69afb7d319b9a25705",LH:0|RH:17|TF:0|LE:0|RE:0|MO:0|SH:0|WA:0|FT:0,1,"2026-04-27 10:49:22"
58,d9b2d5fe9fe13e3f79333482a56d30afb807e41d,LH:67|RH:67|TF:0|LE:0|RE:0|MO:0|SH:0|WA:0|FT:0,2,"2026-04-27 10:49:22"
59,"045f6cea30537a5490ac03691bd169f958f91e32",LH:0|RH:0|TF:0|LE:0|RE:0|MO:0|SH:0|WA:24|FT:0,1,"2026-04-27 10:49:22"
60,beeecbcbf0d2ea9bf3bb8b54f512f3e2a1300b6b,LH:0|RH:0|TF:0|LE:0|RE:0|MO:0|SH:0|WA:24|FT:24,2,"2026-04-27 10:49:22"
61,"8e7836789ab6febe1fd1a528d0248d0393be5452",LH:41|RH:40|TF:0|LE:0|RE:0|MO:0|SH:0|WA:0|FT:0,2,"2026-04-27 10:49:22"
62,"3f5e668ab63b6a3943862d6d8cd9ab4d297aabf3",LH:0|RH:0|TF:0|LE:0|RE:0|MO:41|SH:0|WA:0|FT:0,1,"2026-04-27 10:49:22"
63,"80a38831e1a2e0683b4e2f55a29062271957052f",LH:0|RH:0|TF:0|LE:0|RE:0|MO:90|SH:90|WA:0|FT:0,2,"2026-04-27 10:49:22"
64,"4bef25f78d9e27f56eb197c8a1939721dcae460d",LH:0|RH:0|TF:0|LE:0|RE:0|MO:90|SH:0|WA:90|FT:90,3,"2026-04-27 10:49:22"
65,c7c477b21279b442e2d4e40ad65cdede3cd25f8a,LH:0|RH:0|TF:0|LE:65|RE:0|MO:0|SH:0|WA:0|FT:0,1,"2026-04-27 10:49:22"
66,"4a37cfaeae4e6c79b19c442d9428dfee6b6490e2",LH:0|RH:90|TF:0|LE:0|RE:0|MO:89|SH:0|WA:0|FT:0,2,"2026-04-27 10:49:22"
67,"9037ce356af910bcac3463cda46b7270d80f95ce",LH:90|RH:90|TF:0|LE:0|RE:0|MO:0|SH:89|WA:0|FT:0,3,"2026-04-27 10:49:22"
68,"42f1872e1c9c2510f4dd3f030de17e27fc90ec04",LH:57|RH:0|TF:0|LE:0|RE:0|MO:0|SH:0|WA:63|FT:0,2,"2026-04-27 10:49:22"
69,"751075a2c86ab5a13c97e2412b32f122fc243fb7",LH:57|RH:57|TF:0|LE:0|RE:0|MO:0|SH:0|WA:0|FT:0,2,"2026-04-27 10:49:22"
70,c37d2c95de60d81a15d9a265734e547f9c1784c0,LH:0|RH:0|TF:0|LE:0|RE:0|MO:0|SH:0|WA:0|FT:67,1,"2026-04-27 10:49:22"
71,b711935aef76e5069b1e1b5adda768dfe18d34a2,LH:24|RH:67|TF:0|LE:0|RE:0|MO:0|SH:0|WA:0|FT:0,2,"2026-04-27 10:49:22"
72,"0a83ac04871e1271276b19013223915b3124b1f1",LH:76|RH:0|TF:0|LE:0|RE:0|MO:0|SH:0|WA:0|FT:0,1,"2026-04-27 10:49:22"
73,de39e87bd4cc9ae580341a2211352644467fece7,LH:0|RH:0|TF:0|LE:0|RE:0|MO:67|SH:0|WA:0|FT:67,2,"2026-04-27 10:49:22"
74,"22db76618e908c1b42ae0910e0cbda6e94418080",LH:0|RH:0|TF:0|LE:0|RE:0|MO:0|SH:0|WA:0|FT:39,1,"2026-04-27 10:49:22"
75,d7cef0c7ee5575894b5dde26556b13f827746b7d,LH:56|RH:0|TF:0|LE:0|RE:0|MO:0|SH:0|WA:0|FT:0,1,"2026-04-27 10:49:22"
76,ee7021c583d4461ffbf7911ee0262b90f9c80a8f,LH:0|RH:0|TF:0|LE:0|RE:0|MO:0|SH:0|WA:56|FT:56,2,"2026-04-27 10:49:22"
77,"5c4b33800097a6c6d6280f88c825303fced1e297",LH:0|RH:52|TF:0|LE:0|RE:0|MO:0|SH:0|WA:0|FT:0,1,"2026-04-27 10:49:22"
78,ee43e8adb26c07a2b3de296f19f7fd05a86a9788,LH:0|RH:0|TF:0|LE:0|RE:0|MO:26|SH:0|WA:26|FT:26,3,"2026-04-27 10:49:22"
79,"8b2fa0628b4b12c799e2423eec31a7b32a39c8cd",LH:0|RH:0|TF:0|LE:0|RE:0|MO:67|SH:0|WA:67|FT:0,2,"2026-04-27 10:49:22"
80,"44ad3607681462df0492908fa2b387ebdb840f2d",LH:0|RH:0|TF:0|LE:0|RE:0|MO:0|SH:0|WA:56|FT:0,1,"2026-04-27 10:49:22"
81,bb15bb65d9290001064600230e2cfd3e54965faf,LH:0|RH:0|TF:0|LE:0|RE:0|MO:0|SH:0|WA:0|FT:41,1,"2026-04-27 10:49:22"
82,"9c1131bbe12de0f0d5dd11515bba7e5761ff118f",LH:0|RH:60|TF:0|LE:0|RE:0|MO:0|SH:0|WA:0|FT:0,1,"2026-04-27 10:49:22"
83,"99326166012ad1b6931ab8226950447743cea920",LH:0|RH:0|TF:0|LE:0|RE:0|MO:41|SH:41|WA:0|FT:0,2,"2026-04-27 10:49:22"
84,"1369474049538433f08ebb477b742bfaa13fdb19",LH:67|RH:0|TF:0|LE:0|RE:0|MO:0|SH:27|WA:0|FT:0,2,"2026-04-27 10:49:22"
85,bbdd2cd8947598fab0daff2ec4c999996302886a,LH:59|RH:59|TF:0|LE:0|RE:0|MO:0|SH:0|WA:0|FT:0,2,"2026-04-27 10:49:22"
86,"90fb3bcaefa5076a0c345549bd5d2db6d0bda22a",LH:0|RH:0|TF:0|LE:0|RE:0|MO:73|SH:0|WA:0|FT:0,1,"2026-04-27 10:49:22"
87,"40b2d94c1bd2e6b2938e402134312bbd34849781",LH:0|RH:79|TF:0|LE:0|RE:0|MO:0|SH:0|WA:0|FT:0,1,"2026-04-27 10:49:22"
88,f2bff7e7305d6d4e4c7fa050df9dce93c346ca4a,LH:0|RH:0|TF:0|LE:0|RE:0|MO:0|SH:67|WA:0|FT:0,1,"2026-04-27 10:49:22"
89,d89cd90f614ebee21cbbde67d7c2922e51d93761,LH:56|RH:56|TF:0|LE:0|RE:0|MO:0|SH:0|WA:0|FT:0,2,"2026-04-27 10:49:22"
90,fd8f690c42211503318b9f0f967f124dadd937aa,LH:0|RH:0|TF:0|LE:0|RE:0|MO:0|SH:0|WA:60|FT:0,1,"2026-04-27 10:49:22"
91,a2c3b1094b8443a4926a1e41fdb15239b0b5bcd0,LH:101|RH:0|TF:0|LE:0|RE:0|MO:0|SH:0|WA:0|FT:0,1,"2026-04-27 10:49:22"
92,c41ad0ac46e18ad6b16f9d42cdc8f1d38feaa09c,LH:107|RH:107|TF:0|LE:0|RE:0|MO:0|SH:0|WA:0|FT:0,2,"2026-04-27 10:49:22"
93,dc2a1a54d02a146c43dbe34390467d5643f93f0d,LH:0|RH:0|TF:0|LE:0|RE:0|MO:104|SH:0|WA:104|FT:104,3,"2026-04-27 10:49:22"
94,"5d566a00bda8189845a9f3f31463b63db280dd25",LH:79|RH:79|TF:0|LE:0|RE:0|MO:0|SH:0|WA:0|FT:0,2,"2026-04-27 10:49:22"
95,"156d3ab2e2896fa7a14d8cedd110a3b113c5c684",LH:0|RH:0|TF:0|LE:0|RE:0|MO:0|SH:0|WA:57|FT:0,1,"2026-04-27 10:49:22"
96,e2eb434ccadcf6f4da531fe83327ae5fa5cea0db,LH:0|RH:41|TF:0|LE:0|RE:0|MO:0|SH:0|WA:60|FT:60,3,"2026-04-27 10:49:22"
97,"30329fc03719fd54ca1366c69e19ed73b4058f04",LH:0|RH:0|TF:101|LE:0|RE:0|MO:0|SH:0|WA:0|FT:0,1,"2026-04-27 10:49:22"
98,"48f3c0fa179e6176eb71b7be0f3f5984402cb64b",LH:60|RH:60|TF:0|LE:0|RE:0|MO:0|SH:0|WA:0|FT:41,3,"2026-04-27 10:49:22"
99,f4936c58474c5d4d094fb77e3a74f359cb07332c,LH:60|RH:60|TF:0|LE:0|RE:0|MO:0|SH:0|WA:0|FT:0,2,"2026-04-27 10:49:22"
100,"5fd84cfc87a633605431dd69e34b88473dcc36e9",LH:0|RH:0|TF:111|LE:0|RE:0|MO:0|SH:0|WA:0|FT:0,1,"2026-04-27 10:49:22"
101,bbd36675adb2967992530700c99fd25b31577ffe,LH:0|RH:56|TF:0|LE:0|RE:0|MO:0|SH:0|WA:0|FT:0,1,"2026-04-27 10:49:22"
102,"697082d80b1cf0048e01c9de557b74eec38c6ba8",LH:0|RH:0|TF:0|LE:0|RE:0|MO:0|SH:0|WA:86|FT:86,2,"2026-04-27 10:49:22"
103,"7dc1e92570b8a91bd9a34521a4ad0c4edc845c1d",LH:1|RH:0|TF:0|LE:0|RE:0|MO:0|SH:0|WA:0|FT:0,1,"2026-04-27 10:49:22"
104,dcf49c2b14c6022cf2b5de29dbb17625aa50b106,LH:16|RH:16|TF:0|LE:0|RE:0|MO:0|SH:0|WA:0|FT:0,2,"2026-04-27 10:49:22"
105,e85ec24739a87c313d57295df32dade8c20cdf43,LH:0|RH:0|TF:0|LE:0|RE:0|MO:0|SH:0|WA:105|FT:0,1,"2026-04-27 10:49:22"
106,d1a82f2bc488225d257775c2fa70e3db0df5cf4d,LH:0|RH:0|TF:0|LE:0|RE:0|MO:0|SH:0|WA:56|FT:66,2,"2026-04-27 10:49:22"
107,bef3f44570bf14058c73e0e93717ae3f4cf39193,LH:67|RH:64|TF:0|LE:0|RE:0|MO:0|SH:0|WA:0|FT:0,2,"2026-04-27 10:49:22"
108,"1e037252d324194d07a356853cdcc4c044d4134a",LH:56|RH:56|TF:0|LE:0|RE:0|MO:0|SH:0|WA:56|FT:0,3,"2026-04-27 10:49:22"
109,"22ea2f50944bb9078286287ad37e4a5217f09b01",LH:0|RH:0|TF:0|LE:0|RE:0|MO:0|SH:0|WA:0|FT:66,1,"2026-04-27 10:49:22"
110,"5e7f0ba2711b52b554f2a09f4147d8f20af675a6",LH:64|RH:0|TF:0|LE:0|RE:0|MO:0|SH:0|WA:0|FT:0,1,"2026-04-27 10:49:22"
111,"5b766992773e3e01e86b83c810649e6db86c8182",LH:55|RH:55|TF:0|LE:0|RE:0|MO:0|SH:0|WA:0|FT:0,2,"2026-04-27 10:49:22"
112,"47ecd74c121aeabf50bb89f37da40be4632cbb7f",LH:25|RH:26|TF:0|LE:0|RE:0|MO:0|SH:0|WA:0|FT:0,2,"2026-04-27 10:49:22"
113,cf74b4dfbd93475b77c1965543cc48357c170f5e,LH:0|RH:0|TF:0|LE:0|RE:0|MO:27|SH:0|WA:0|FT:0,1,"2026-04-27 10:49:22"
114,"4436c4ed6f2ab45f20502b0225b440a7b364b0ca",LH:0|RH:73|TF:0|LE:0|RE:0|MO:27|SH:0|WA:0|FT:0,2,"2026-04-27 10:49:22"
115,"24c9021838da44b5753afd25500647344f8da625",LH:38|RH:0|TF:0|LE:0|RE:0|MO:0|SH:0|WA:0|FT:0,1,"2026-04-27 10:49:22"
116,"2352e40fcb543a3abfb4b8ad5e155671a2f10f39",LH:0|RH:37|TF:0|LE:0|RE:0|MO:0|SH:0|WA:0|FT:0,1,"2026-04-27 10:49:22"
117,"9381ea74eab24b323c00e6676f9ea305b4fd57f2",LH:37|RH:0|TF:0|LE:0|RE:0|MO:0|SH:0|WA:0|FT:0,1,"2026-04-27 10:49:22"
118,"974108ac10e67600d9b24d6a2eb5d20d2d3e7a27",LH:0|RH:39|TF:0|LE:0|RE:0|MO:0|SH:0|WA:0|FT:0,1,"2026-04-27 10:49:22"
119,de0e552bc70fba989a42d4685826552853d894b2,LH:0|RH:0|TF:0|LE:0|RE:0|MO:0|SH:0|WA:0|FT:45,1,"2026-04-27 10:49:22"
120,d5b0666b60f14c8ece1153241e2fe52e5cedec3d,LH:57|RH:57|TF:0|LE:0|RE:0|MO:0|SH:0|WA:57|FT:0,3,"2026-04-27 10:49:22"
121,ca51ca867d2e248b7180a6ed9db72178c70f6a7f,LH:0|RH:92|TF:0|LE:0|RE:0|MO:0|SH:0|WA:0|FT:0,1,"2026-04-27 10:49:22"
122,"820a4360bd26c00e73b07e5ed8f5f03f955f8e00",LH:0|RH:0|TF:0|LE:0|RE:0|MO:0|SH:0|WA:57|FT:57,2,"2026-04-27 10:49:22"
123,effe9a794a944d46993064ace3b4f53fcd30c800,LH:57|RH:0|TF:0|LE:0|RE:0|MO:0|SH:0|WA:0|FT:0,1,"2026-04-27 10:49:22"
124,"1d6014d851e45fafb2f75a00de73fd24e1f4f5a6",LH:41|RH:57|TF:0|LE:0|RE:0|MO:0|SH:0|WA:0|FT:0,2,"2026-04-27 10:49:22"
125,"1af08b7167e3d2abaf078b308493f13f2c9726bf",LH:0|RH:0|TF:0|LE:0|RE:0|MO:0|SH:0|WA:57|FT:41,2,"2026-04-27 10:49:22"
126,"62ae557969828e77106eb9d6e5a5a6e633f69cd0",LH:0|RH:0|TF:0|LE:0|RE:0|MO:0|SH:0|WA:67|FT:57,2,"2026-04-27 10:49:22"
127,"271aa8c53c6130cec4af3c3edbaef3e102b86dfd",LH:58|RH:0|TF:0|LE:0|RE:0|MO:0|SH:0|WA:0|FT:0,1,"2026-04-27 10:49:22"
128,"090b4a1b93443a69dbf394ac2eaddb79d37ba863",LH:67|RH:63|TF:92|LE:0|RE:0|MO:0|SH:0|WA:0|FT:0,3,"2026-04-27 10:49:22"
129,"3ff97df9c11c91265d42d11592d0e33282d163e5",LH:63|RH:0|TF:0|LE:0|RE:0|MO:67|SH:0|WA:67|FT:0,3,"2026-04-27 10:49:22"
130,a9e24d70156470ba68dc122a15dbe549d7c29f5d,LH:0|RH:53|TF:0|LE:0|RE:0|MO:0|SH:0|WA:0|FT:0,1,"2026-04-27 10:49:22"
131,a879b2d5c597f46cfd2a34b197f594b65411dc5e,LH:63|RH:63|TF:92|LE:0|RE:0|MO:0|SH:0|WA:0|FT:0,3,"2026-04-27 10:49:22"
132,"75c2022aba2b085559cc7bb8101c2071d589e0a3",LH:0|RH:57|TF:92|LE:0|RE:0|MO:0|SH:0|WA:0|FT:0,2,"2026-04-27 10:49:22"
133,"125e6b02e2c6f4a890bf5c1d80960434e031bcd3",LH:63|RH:0|TF:0|LE:0|RE:0|MO:0|SH:0|WA:0|FT:0,1,"2026-04-27 10:49:22"
134,"1efb0e80fe8944d5f5104304426ddb4962e6d40e",LH:0|RH:0|TF:0|LE:0|RE:0|MO:41|SH:0|WA:63|FT:0,2,"2026-04-27 10:49:22"
135,a5ed6178393b7d25400998eb524cb040ecee45cb,LH:0|RH:19|TF:0|LE:0|RE:0|MO:0|SH:0|WA:0|FT:0,1,"2026-04-27 10:49:22"
136,ecce1cb0aaf7436a6c64340fbea1062b9624203a,LH:19|RH:0|TF:0|LE:0|RE:0|MO:0|SH:0|WA:0|FT:0,1,"2026-04-27 10:49:22"
137,"39441c7e3dc2a1e070e287b0a5db862fee248d90",LH:49|RH:49|TF:0|LE:0|RE:0|MO:0|SH:0|WA:0|FT:0,2,"2026-04-27 10:49:22"
138,d13f697d9669c1e1b3b736c83bfb0a5ac591b755,LH:49|RH:0|TF:0|LE:0|RE:0|MO:0|SH:27|WA:0|FT:0,2,"2026-04-27 10:49:22"
139,e29959e5f2436c223ba015d6ad4737586c1f65bd,LH:6|RH:6|TF:0|LE:0|RE:0|MO:0|SH:0|WA:0|FT:0,2,"2026-04-27 10:49:22"
140,"04c705df628630457f52167d1d66cdb6bc2c7149",LH:0|RH:34|TF:0|LE:0|RE:0|MO:0|SH:27|WA:0|FT:0,2,"2026-04-27 10:49:22"
141,"90807e6fd5be8273988ff566d33c0986163f2107",LH:1|RH:1|TF:0|LE:0|RE:0|MO:0|SH:27|WA:0|FT:0,3,"2026-04-27 10:49:22"
142,"1dd0fbbe3ff5c691634d3f6706712061e349741d",LH:63|RH:63|TF:0|LE:0|RE:0|MO:0|SH:0|WA:60|FT:0,3,"2026-04-27 10:49:22"
143,"6dc062b6cb12b60d947bc5973fadc3956b80ba12",LH:0|RH:0|TF:0|LE:0|RE:0|MO:42|SH:0|WA:60|FT:0,2,"2026-04-27 10:49:22"
144,f2e4e8c51376dcbe3da29f9e39b97c6a8efdd8ce,LH:0|RH:0|TF:0|LE:0|RE:0|MO:0|SH:0|WA:60|FT:60,2,"2026-04-27 10:49:22"
145,"31d3cf312926860eb6893c09300e0536e2c9a78a",LH:0|RH:0|TF:0|LE:0|RE:0|MO:41|SH:0|WA:56|FT:0,2,"2026-04-27 10:49:22"
146,c583b8b7473cf5e73895827893dac820f5c78a58,LH:7|RH:7|TF:0|LE:0|RE:0|MO:0|SH:0|WA:0|FT:0,2,"2026-04-27 10:49:22"
147,"674be8f241c54a83e110a2bf55464e58b4b7da6e",LH:7|RH:0|TF:0|LE:0|RE:0|MO:0|SH:0|WA:0|FT:0,1,"2026-04-27 10:49:22"
148,bfeae2e32001954092b84d8328a29ec2a5a95de7,LH:0|RH:0|TF:0|LE:0|RE:0|MO:67|SH:0|WA:56|FT:0,2,"2026-04-27 10:49:22"
149,"77d0deac18e0f46c381f2c4058a4d6debac1ce0f",LH:2|RH:2|TF:0|LE:0|RE:0|MO:0|SH:0|WA:0|FT:0,2,"2026-04-27 10:49:22"
150,"61f1e728bec1195121e48325037f363243452cd0",LH:45|RH:42|TF:0|LE:0|RE:0|MO:0|SH:0|WA:0|FT:0,2,"2026-04-27 10:49:22"
151,"86304d687d39232f9da03dfd73befbe15ceaf220",LH:0|RH:0|TF:0|LE:0|RE:0|MO:41|SH:0|WA:60|FT:41,3,"2026-04-27 10:49:22"
152,"5252be3ec1b88a22c1bdf77ef2ab0e260fa3f3b2",LH:56|RH:56|TF:0|LE:0|RE:0|MO:0|SH:0|WA:60|FT:60,4,"2026-04-27 10:49:22"
153,"2e5b9635b3c8798d4d45eb66c146a5d1f72222e3",LH:0|RH:101|TF:0|LE:0|RE:0|MO:0|SH:0|WA:0|FT:0,1,"2026-04-27 10:49:22"
154,ea0dee41c47c304abe0b69b46e946999253c870c,LH:60|RH:60|TF:0|LE:0|RE:0|MO:0|SH:55|WA:0|FT:0,3,"2026-04-27 10:49:22"
155,fbbfa212a5cfd3f24344e99beed5394d7fefb79d,LH:0|RH:0|TF:0|LE:0|RE:0|MO:55|SH:0|WA:0|FT:0,1,"2026-04-27 10:49:22"
156,b46817f6a1a4d0bc2aae4839e2eb13daeb21ba25,LH:0|RH:0|TF:0|LE:0|RE:0|MO:55|SH:0|WA:60|FT:60,3,"2026-04-27 10:49:22"
157,de519fb5b06a923d23a65df5a0477b9a00e68c4d,LH:0|RH:0|TF:0|LE:0|RE:0|MO:73|SH:0|WA:56|FT:0,2,"2026-04-27 10:49:22"
158,ba3dcb4ce0cf2514036481d6ce52cfcebfac1874,LH:0|RH:0|TF:0|LE:0|RE:0|MO:27|SH:0|WA:0|FT:56,2,"2026-04-27 10:49:22"
159,a8a945e19ea386d2e9f7225ecedd0f2ea8becef0,LH:56|RH:56|TF:0|LE:0|RE:0|MO:0|SH:27|WA:0|FT:0,3,"2026-04-27 10:49:22"
160,"178aef8b31473a953699b72bf0fc7446101a82ee",LH:41|RH:41|TF:0|LE:0|RE:0|MO:0|SH:0|WA:0|FT:0,2,"2026-04-27 10:49:22"
161,a5abe389a6d54d9f1aca351e9279e9ad8c6b543d,LH:0|RH:0|TF:0|LE:0|RE:0|MO:0|SH:0|WA:0|FT:59,1,"2026-04-27 10:49:22"
162,e4152149a4dfc53a7210e8f745be87c311667c2b,LH:26|RH:26|TF:0|LE:0|RE:0|MO:0|SH:0|WA:0|FT:0,2,"2026-04-27 10:49:22"
163,"0bd7341ebb4520988ab476724c6b5d30d1e524cd",LH:0|RH:0|TF:0|LE:0|RE:0|MO:63|SH:0|WA:56|FT:0,2,"2026-04-27 10:49:22"
164,feb022c4b86d27e7d88f0c62bc3b45ee8fa3c08e,LH:45|RH:60|TF:0|LE:0|RE:0|MO:0|SH:0|WA:0|FT:0,2,"2026-04-27 10:49:22"
165,"6302f5a13d05de1451d076ec0734fd4d4705d3c2",LH:0|RH:0|TF:0|LE:0|RE:0|MO:0|SH:0|WA:0|FT:57,1,"2026-04-27 10:49:22"
166,c223aee16dc034597ede878f0a99ca40a4ff49c2,LH:61|RH:0|TF:0|LE:0|RE:0|MO:0|SH:0|WA:0|FT:0,1,"2026-04-27 10:49:22"
167,faaa9b0b4ce4b9f3479c92fd0e7dbc0e8937ab7f,LH:0|RH:58|TF:0|LE:0|RE:0|MO:0|SH:0|WA:0|FT:0,1,"2026-04-27 10:49:22"
168,c7b2fb79460222081abf647ff63df3f65cf8e350,LH:0|RH:58|TF:0|LE:0|RE:0|MO:0|SH:0|WA:57|FT:0,2,"2026-04-27 10:49:22"
169,"68dde33e874aca58cf6cb2edbc91f7dc3cd8ee87",LH:57|RH:57|TF:0|LE:0|RE:0|MO:41|SH:0|WA:0|FT:0,3,"2026-04-27 10:49:22"
170,"98fae8dd02c6fbf2f8520ce27342796489db4a5f",LH:0|RH:0|TF:0|LE:0|RE:0|MO:0|SH:0|WA:60|FT:41,2,"2026-04-27 10:49:22"
171,"9e4718de80c6a5eb47125d8dd34a78da67b32037",LH:46|RH:0|TF:0|LE:0|RE:0|MO:0|SH:0|WA:0|FT:0,1,"2026-04-27 10:49:22"
172,"3f6c48dbe86267ec64636d6dc9d422e0c0dbb2da",LH:0|RH:59|TF:0|LE:0|RE:0|MO:0|SH:0|WA:0|FT:0,1,"2026-04-27 10:49:22"
173,"8c66734ea9bb869e3642661099252e4ec40253a8",LH:0|RH:0|TF:0|LE:0|RE:0|MO:49|SH:0|WA:0|FT:0,1,"2026-04-27 10:49:22"
174,a1c8c55c975f62a9d1f6fdd4e1c5d7d83bb6f647,LH:0|RH:0|TF:0|LE:0|RE:0|MO:0|SH:0|WA:59|FT:59,2,"2026-04-27 10:49:22"
175,"01e56dad26afe9e09be9f37c26fef8cdbe3268a9",LH:0|RH:0|TF:0|LE:0|RE:0|MO:0|SH:0|WA:59|FT:0,1,"2026-04-27 10:49:22"
176,a59fd4855fcc3a09da4c1f154e00c8dbaf5460ce,LH:0|RH:0|TF:0|LE:0|RE:0|MO:79|SH:0|WA:0|FT:0,1,"2026-04-27 10:49:22"
177,eef0d6608531401eef16c24917185efd00ae5d6c,LH:0|RH:0|TF:0|LE:0|RE:79|MO:0|SH:0|WA:0|FT:0,1,"2026-04-27 10:49:22"
178,"703bcd3e9ce7308b2b29f0d1f70a5459e10b61f3",LH:45|RH:41|TF:0|LE:0|RE:0|MO:0|SH:0|WA:0|FT:0,2,"2026-04-27 10:49:22"
179,"3fda998871059b0f772fd6fc540aeebff9d95f7c",LH:39|RH:41|TF:0|LE:0|RE:0|MO:0|SH:0|WA:0|FT:0,2,"2026-04-27 10:49:22"
180,"13fc91cd6fd16c92a243380cd8ee9a59fa4c6820",LH:0|RH:0|TF:0|LE:0|RE:0|MO:41|SH:0|WA:0|FT:41,2,"2026-04-27 10:49:22"
181,"916feb322233b2cda4a7b666f80cc74531e64258",LH:0|RH:0|TF:0|LE:0|RE:0|MO:0|SH:0|WA:67|FT:67,2,"2026-04-27 10:49:22"
182,"319b1d7aa72ffa9e91bbec58c4f17cd5512789ed",LH:0|RH:0|TF:0|LE:0|RE:0|MO:51|SH:0|WA:0|FT:0,1,"2026-04-27 10:49:22"
183,"8ff048adfb72964f0c14ecb9d8ff4bdf58ee4211",LH:59|RH:0|TF:0|LE:0|RE:0|MO:0|SH:0|WA:73|FT:0,2,"2026-04-27 10:49:22"
184,"584693f541cbd3799422718c2e0818de06807430",LH:0|RH:0|TF:0|LE:0|RE:0|MO:0|SH:0|WA:0|FT:73,1,"2026-04-27 10:49:22"
185,"26b4572b61c175c93016d400c5b22b24c7a9453d",LH:57|RH:57|TF:0|LE:0|RE:0|MO:0|SH:0|WA:57|FT:57,4,"2026-04-27 10:49:22"
186,"390dd16bbacd07570760cf760329ab59fbe35a57",LH:57|RH:57|TF:0|LE:0|RE:0|MO:0|SH:63|WA:63|FT:0,4,"2026-04-27 10:49:22"
187,"04cb5bead1abd0d486c12ffc1fc63f8a5d4c9343",LH:58|RH:58|TF:0|LE:0|RE:0|MO:67|SH:0|WA:0|FT:0,3,"2026-04-27 10:49:22"
188,ca1483b0fe2efa858ceb3a70765110f95bc01176,LH:0|RH:67|TF:0|LE:0|RE:0|MO:0|SH:0|WA:63|FT:63,3,"2026-04-27 10:49:22"
189,"434981472af184650cf03832ec4b75736f7fd5fa",LH:0|RH:0|TF:0|LE:0|RE:0|MO:41|SH:0|WA:63|FT:63,3,"2026-04-27 10:49:22"
190,e7ca9872baa40a8ade1fca7b4cc96ca32a73c390,LH:45|RH:0|TF:0|LE:0|RE:0|MO:0|SH:0|WA:0|FT:0,1,"2026-04-27 10:49:22"
191,cd4f95830a5ffcfc49b7c8d4a713d02e4d0db01b,LH:0|RH:69|TF:0|LE:0|RE:0|MO:0|SH:0|WA:0|FT:0,1,"2026-04-27 10:49:22"
192,"7b72f4b71fabea5858908961b58e4876a9522991",LH:75|RH:0|TF:0|LE:0|RE:0|MO:0|SH:0|WA:0|FT:0,1,"2026-04-27 10:49:22"
193,f6f1abce94febcd6dc0dd4601c0f19d5b89b7811,LH:0|RH:0|TF:0|LE:0|RE:0|MO:0|SH:0|WA:63|FT:56,2,"2026-04-27 10:49:22"
194,b56a7971506229c2a88bead289a0c075ff757076,LH:0|RH:0|TF:0|LE:0|RE:0|MO:0|SH:0|WA:0|FT:62,1,"2026-04-27 10:49:22"
195,"64c033d77dedb87be3cb34c7013f1fbede9bff07",LH:41|RH:41|TF:0|LE:0|RE:0|MO:0|SH:0|WA:0|FT:41,3,"2026-04-27 10:49:22"
196,"9980dfa7d7fe4b469d5ed1a3e1beece7c631e946",LH:0|RH:0|TF:0|LE:0|RE:0|MO:45|SH:0|WA:0|FT:0,1,"2026-04-27 10:49:22"
197,"43853cbc6fa5b174a866c75b34afd3ef9ca9ec0f",LH:45|RH:58|TF:0|LE:0|RE:0|MO:0|SH:0|WA:0|FT:0,2,"2026-04-27 10:49:22"
198,"05c329c15f0b285624537eaac6f00ecd10e63def",LH:0|RH:0|TF:0|LE:0|RE:0|MO:0|SH:0|WA:0|FT:58,1,"2026-04-27 10:49:22"
199,c8a85df302dc97c20fff98c900f8a1389930f6f8,LH:0|RH:24|TF:0|LE:0|RE:0|MO:0|SH:0|WA:0|FT:0,1,"2026-04-27 10:49:22"
200,b4423691ad2f9b9e6d769ae9367b7c9ffd6dc2f7,LH:67|RH:0|TF:0|LE:0|RE:0|MO:0|SH:0|WA:26|FT:26,3,"2026-04-27 10:49:22"
201,"1a341d3613a921ddbbbdfeb950ef5f0f3e6294e6",LH:0|RH:0|TF:0|LE:0|RE:0|MO:67|SH:0|WA:67|FT:41,3,"2026-04-27 10:49:22"
202,d752183a21e3ecf382cb653fe9f6f4e48c97822e,LH:6|RH:6|TF:0|LE:0|RE:0|MO:0|SH:0|WA:67|FT:0,3,"2026-04-27 10:49:22"
203,"9249b1691630afda590daf135e313d47651530b3",LH:0|RH:0|TF:0|LE:0|RE:0|MO:24|SH:0|WA:67|FT:0,2,"2026-04-27 10:49:22"
204,"91d692591308af6f1d3b348e1436b9e464e4ca75",LH:0|RH:0|TF:0|LE:0|RE:0|MO:0|SH:0|WA:0|FT:24,1,"2026-04-27 10:49:22"
205,"321b7d3fe7f51f0549cd9d71d17567add93e1f2c",LH:57|RH:57|TF:0|LE:0|RE:0|MO:0|SH:73|WA:0|FT:0,3,"2026-04-27 10:49:22"
206,a4a551a051e1de3d7887d5a938115d378cb11ba8,LH:84|RH:84|TF:0|LE:0|RE:0|MO:0|SH:0|WA:0|FT:0,2,"2026-04-27 10:49:22"
207,cd86795c33b78a0af499e2cd51ec4799556cbe76,LH:45|RH:45|TF:0|LE:0|RE:0|MO:0|SH:0|WA:0|FT:0,2,"2026-04-27 10:49:22"
208,"59e3dbf5ede6defd9e7b528f942fac3219d873b3",LH:0|RH:0|TF:0|LE:0|RE:0|MO:0|SH:0|WA:73|FT:0,1,"2026-04-27 10:49:22"
209,"91ca81ae88f12110a968f7cefadf4085df352234",LH:0|RH:26|TF:0|LE:0|RE:0|MO:0|SH:0|WA:0|FT:0,1,"2026-04-27 10:49:22"
210,fbdae1166bb68e54ac77486c0ce9ebf9ede4d875,LH:83|RH:83|TF:0|LE:0|RE:0|MO:0|SH:0|WA:0|FT:0,2,"2026-04-27 10:49:22"
211,ea71d951701cbe63f005797ad5840e66464e1634,LH:0|RH:0|TF:0|LE:0|RE:0|MO:27|SH:0|WA:0|FT:73,2,"2026-04-27 10:49:22"
212,d569c535924a10339ddff9a6369a0181928205e7,LH:0|RH:0|TF:0|LE:0|RE:0|MO:0|SH:24|WA:24|FT:24,3,"2026-04-27 10:49:22"
213,"9f5ffc9b551a0e3c2527d894a6112d2d4a15cec6",LH:15|RH:0|TF:0|LE:0|RE:0|MO:0|SH:0|WA:0|FT:0,1,"2026-04-27 10:49:22"
214,c7cc2a75df37c696509b2914bccc1a65393bba9a,LH:57|RH:67|TF:0|LE:0|RE:0|MO:0|SH:0|WA:0|FT:0,2,"2026-04-27 10:49:22"
215,ac6801e5d959548b08e8dc309a2c024700bc0b20,LH:101|RH:101|TF:0|LE:0|RE:0|MO:0|SH:0|WA:0|FT:0,2,"2026-04-27 10:49:22"
216,"8e6bdfba76b2b87d01e73ea45349aad803b0eb1c",LH:47|RH:47|TF:0|LE:0|RE:0|MO:0|SH:0|WA:0|FT:0,2,"2026-04-27 10:49:22"
217,"8976cfd92c934d5e7b8fcd8377c037c82914aba6",LH:1|RH:1|TF:0|LE:0|RE:0|MO:0|SH:0|WA:0|FT:0,2,"2026-04-27 10:49:22"
218,"9a6b41865d9ee1df48a9f2eac983296ca0c0c2d6",LH:0|RH:0|TF:0|LE:0|RE:0|MO:0|SH:0|WA:0|FT:25,1,"2026-04-27 10:49:22"
219,d9e8b7c78d729060afd08e5e77124ccad90bfa67,LH:0|RH:0|TF:0|LE:0|RE:101|MO:0|SH:101|WA:101|FT:101,4,"2026-04-27 10:49:22"
220,"595526900bc5673c8946ce869b7b6be06852db77",LH:16|RH:0|TF:0|LE:0|RE:0|MO:0|SH:0|WA:0|FT:0,1,"2026-04-27 10:49:22"
221,c35398fa0935dc6461bf4b9c42e3d83b7e938689,LH:67|RH:26|TF:0|LE:0|RE:0|MO:0|SH:0|WA:0|FT:0,2,"2026-04-27 10:49:22"
222,"2d67378b880112926c6ed961bdda7f311e2afcdc",LH:15|RH:15|TF:0|LE:0|RE:0|MO:0|SH:0|WA:0|FT:0,2,"2026-04-27 10:49:22"
223,d11d2fddbebfc54ea83934d0ed218ac0f115a607,LH:0|RH:0|TF:0|LE:0|RE:0|MO:67|SH:67|WA:67|FT:0,3,"2026-04-27 10:49:22"
224,cc79809617409325b16a4dad5ddd4c3f2afca8e2,LH:67|RH:1|TF:0|LE:0|RE:0|MO:0|SH:0|WA:0|FT:0,2,"2026-04-27 10:49:22"
225,e0a960cbd51392912d767254c82b358ab4f54135,LH:0|RH:0|TF:0|LE:0|RE:0|MO:26|SH:0|WA:26|FT:0,2,"2026-04-27 10:49:22"
226,"69d01250889193226a660f850691502b6cddd47e",LH:41|RH:0|TF:0|LE:0|RE:0|MO:0|SH:0|WA:0|FT:0,1,"2026-04-27 10:49:22"
227,"3105fae3bb73ab5ca1583469cd3956b3d3603a27",LH:0|RH:0|TF:0|LE:0|RE:0|MO:0|SH:0|WA:60|FT:67,2,"2026-04-27 10:49:22"
228,"8cd2de1f03606411a91101ea86ccc5469b1490cf",LH:0|RH:0|TF:0|LE:0|RE:0|MO:41|SH:0|WA:63|FT:41,3,"2026-04-27 10:49:22"
229,"24d80969896947d65278b7819f79413da039a1f1",LH:0|RH:71|TF:0|LE:0|RE:0|MO:0|SH:0|WA:0|FT:0,1,"2026-04-27 10:49:22"
230,"703c28dee993d4f138a9de7328f050d67422c20a",LH:2|RH:0|TF:0|LE:0|RE:0|MO:0|SH:0|WA:0|FT:0,1,"2026-04-27 10:49:22"
231,b866d67d60f470bb85dc33fa30260de303f0e5be,LH:24|RH:24|TF:0|LE:0|RE:0|MO:0|SH:0|WA:0|FT:0,2,"2026-04-27 10:49:22"
232,d565b5a641666f63dfc557e0aa7fb065f808fb98,LH:37|RH:37|TF:0|LE:0|RE:0|MO:0|SH:0|WA:0|FT:0,2,"2026-04-27 10:49:22"
233,f019eb08643405e0e712d62211d81bad84e11f1d,LH:109|RH:109|TF:0|LE:0|RE:0|MO:0|SH:0|WA:0|FT:0,2,"2026-04-27 10:49:22"
234,cd7e3c9b07627a185b53a5c8316b9ffe19b9ae08,LH:0|RH:0|TF:0|LE:0|RE:0|MO:24|SH:0|WA:24|FT:0,2,"2026-04-27 10:49:22"
235,a5ab4809896e098b68843894d394210087d7e004,LH:47|RH:0|TF:0|LE:0|RE:0|MO:0|SH:0|WA:0|FT:0,1,"2026-04-27 10:49:22"
236,"50b07fb79ae665a835aa43c462ef4e97c2435811",LH:0|RH:0|TF:0|LE:0|RE:0|MO:0|SH:63|WA:63|FT:0,2,"2026-04-27 10:49:22"
237,"7d4b13d9ce5ca2e2e2e68342a8378d35770a592d",LH:0|RH:0|TF:0|LE:0|RE:0|MO:0|SH:0|WA:0|FT:29,1,"2026-04-27 10:49:22"
238,fd71ec3c80b17602c51d93bd358717b1a8f8b7d4,LH:0|RH:0|TF:0|LE:0|RE:0|MO:24|SH:24|WA:24|FT:24,4,"2026-04-27 10:49:22"
239,"2fe43985c633b6e390c1577283e98760f21e1d5f",LH:0|RH:0|TF:0|LE:0|RE:0|MO:46|SH:0|WA:0|FT:0,1,"2026-04-27 10:49:22"
240,ade0c2b7a7a5a22ff60efc3063c8649533fc23be,LH:56|RH:56|TF:0|LE:0|RE:0|MO:0|SH:0|WA:0|FT:56,3,"2026-04-27 10:49:22"
241,"790b3b3a013bac417f902b97a1e5f570deeed89f",LH:56|RH:56|TF:0|LE:0|RE:0|MO:63|SH:0|WA:0|FT:0,3,"2026-04-27 10:49:22"
242,"6a5e259230456f6a9ff015692850fbc9c74b3612",LH:0|RH:0|TF:0|LE:0|RE:0|MO:67|SH:0|WA:0|FT:0,1,"2026-04-27 10:49:22"
243,"9ea1e9b6f2569034014728a5cbb14d8b42af2d31",LH:0|RH:0|TF:0|LE:0|RE:0|MO:63|SH:0|WA:63|FT:0,2,"2026-04-27 10:49:22"
244,d866a697b2343c5014a4024dca2b0fe5b3af14c3,LH:58|RH:0|TF:0|LE:0|RE:0|MO:0|SH:0|WA:63|FT:63,3,"2026-04-27 10:49:22"
245,"36b4c0e64db8f58532630a3bcd8e28cb205c700c",LH:57|RH:57|TF:0|LE:0|RE:0|MO:0|SH:0|WA:0|FT:60,3,"2026-04-27 10:49:22"
246,"35d1ff6a4abc1ca37daaaaffa9080e9e9cc048bb",LH:0|RH:0|TF:0|LE:0|RE:0|MO:0|SH:0|WA:95|FT:0,1,"2026-04-27 10:49:22"
247,"9e6687cbb8484335391d699f68f48ab5bbb49d04",LH:0|RH:0|TF:0|LE:0|RE:0|MO:65|SH:0|WA:0|FT:0,1,"2026-04-27 10:49:22"
248,f18b08de095db053fc16dce89cdd25760dad926d,LH:0|RH:0|TF:0|LE:0|RE:0|MO:27|SH:0|WA:63|FT:63,3,"2026-04-27 10:49:22"
249,eceac2534b6253b57651414078b75422f1343a2f,LH:0|RH:0|TF:0|LE:0|RE:67|MO:0|SH:67|WA:63|FT:63,4,"2026-04-27 10:49:22"
250,c9beaeb90c58f2f168a841ac705641e0b735c7bf,LH:0|RH:62|TF:0|LE:0|RE:0|MO:0|SH:0|WA:0|FT:0,1,"2026-04-27 10:49:22"
251,"1d5fee94ca1519784d536e73ae31dab3c64c4bfd",LH:63|RH:41|TF:0|LE:0|RE:0|MO:0|SH:0|WA:60|FT:0,3,"2026-04-27 10:49:22"
252,"4d5b2959abc4ace37ab15a7bfadd63d6063b48bb",LH:0|RH:41|TF:0|LE:0|RE:0|MO:0|SH:0|WA:63|FT:63,3,"2026-04-27 10:49:22"
253,c04bfa7c21578b263aaa1633c99757ece366c0d6,LH:0|RH:0|TF:0|LE:0|RE:0|MO:41|SH:0|WA:56|FT:56,3,"2026-04-27 10:49:22"
254,"9a2f81235c631071893be3fdc7c51627cebd4e4e",LH:0|RH:0|TF:0|LE:0|RE:67|MO:0|SH:0|WA:63|FT:63,3,"2026-04-27 10:49:22"
255,"1d825bf7611017b1ec6887286ce0a5a63a8f2a6a",LH:63|RH:56|TF:0|LE:0|RE:0|MO:0|SH:0|WA:0|FT:0,2,"2026-04-27 10:49:22"
256,"79a19b5d9d9a4a4fe0c98b2899c54b92df3e1048",LH:72|RH:72|TF:0|LE:0|RE:0|MO:0|SH:0|WA:0|FT:0,2,"2026-04-27 10:49:22"
257,c1a1c202478c146dcabe1325993f6cfd1fa3115d,LH:0|RH:0|TF:0|LE:0|RE:0|MO:41|SH:0|WA:57|FT:57,3,"2026-04-27 10:49:22"
258,a703fe8cca9a57e98c72927a5e18cae0870e617c,LH:95|RH:95|TF:0|LE:0|RE:0|MO:0|SH:0|WA:0|FT:0,2,"2026-04-27 10:49:22"
259,d5ceac829413d5743e8a466cecc06d114c8325d3,LH:58|RH:0|TF:0|LE:0|RE:0|MO:0|SH:0|WA:63|FT:0,2,"2026-04-27 10:49:22"
260,a4467335382fd3e79dada0e9f9076504fe5813b7,LH:67|RH:0|TF:0|LE:0|RE:0|MO:41|SH:0|WA:0|FT:0,2,"2026-04-27 10:49:22"
261,"620120e125fd4b54c6c44bd089428e73931e66df",LH:74|RH:0|TF:0|LE:0|RE:0|MO:0|SH:0|WA:0|FT:0,1,"2026-04-27 10:49:22"
262,"2ec4df87a77f78f3f034261be7e62078d3b57482",LH:0|RH:56|TF:0|LE:0|RE:0|MO:0|SH:0|WA:73|FT:0,2,"2026-04-27 10:49:22"
263,d33bf17e9f84fa4ab2acb122f898a5f90ec87334,LH:57|RH:57|TF:0|LE:0|RE:0|MO:67|SH:67|WA:0|FT:0,4,"2026-04-27 10:49:22"
264,"20c95174e75ff0f7da66384173411143da1655d7",LH:0|RH:67|TF:0|LE:0|RE:0|MO:0|SH:0|WA:0|FT:26,2,"2026-04-27 10:49:22"
265,"5fa6e5228386e220dede401ec41e80d1cdacca8b",LH:26|RH:67|TF:0|LE:0|RE:0|MO:0|SH:0|WA:0|FT:0,2,"2026-04-27 10:49:22"
266,d3f3f120be6b22875d174149a68bc973fb8b6f16,LH:26|RH:26|TF:0|LE:0|RE:0|MO:67|SH:0|WA:0|FT:0,3,"2026-04-27 10:49:22"
267,c8c8ad9231cc3c9016984b4e3bc4d9e9c1aa3b0a,LH:0|RH:0|TF:0|LE:67|RE:0|MO:0|SH:67|WA:26|FT:26,4,"2026-04-27 10:49:22"
268,d95abdb651ac1ea28e650c026103d6e8b98388ce,LH:44|RH:0|TF:0|LE:0|RE:0|MO:0|SH:0|WA:0|FT:0,1,"2026-04-27 10:49:22"
269,ed9a5a64ad614c6a7fd24414c1779a0159791bb9,LH:56|RH:56|TF:0|LE:0|RE:0|MO:63|SH:0|WA:63|FT:0,4,"2026-04-27 10:49:22"
270,"6cb490fd8a531c3adfd5c9517e68451e4b8961ee",LH:0|RH:0|TF:0|LE:0|RE:0|MO:63|SH:0|WA:57|FT:0,2,"2026-04-27 10:49:22"
271,"42a254bfd6e9c767ea1a60e2ca9c23dcd25a89b8",LH:0|RH:0|TF:0|LE:0|RE:0|MO:63|SH:0|WA:67|FT:0,2,"2026-04-27 10:49:22"
272,b861908120f6017ae5d6ffa3e74a31ba0721b0b8,LH:63|RH:95|TF:0|LE:0|RE:0|MO:0|SH:0|WA:0|FT:0,2,"2026-04-27 10:49:22"
273,"0ca354ebefb46bca9609c341f264c43bbc679d27",LH:59|RH:59|TF:0|LE:0|RE:0|MO:0|SH:0|WA:0|FT:41,3,"2026-04-27 10:49:22"
274,"1c368b75824512b132d54687148da5f7d7663b19",LH:41|RH:41|TF:0|LE:0|RE:0|MO:0|SH:0|WA:56|FT:0,3,"2026-04-27 10:49:22"
275,"152ea7605fc6c746b3c1b7ce8ccaaa13baf0d274",LH:0|RH:73|TF:0|LE:0|RE:0|MO:0|SH:0|WA:0|FT:0,1,"2026-04-27 10:49:22"
276,"0afabc8c483eb64c0d3c37232ec59abe3058868c",LH:0|RH:0|TF:0|LE:0|RE:0|MO:63|SH:0|WA:0|FT:0,1,"2026-04-27 10:49:22"
277,c61d4f368206ed0fab62f89490d1e10b45f1d682,LH:41|RH:54|TF:0|LE:0|RE:0|MO:0|SH:0|WA:0|FT:0,2,"2026-04-27 10:49:22"
278,"8c0a46ce002b4784944c5d61132373cc1031ca2d",LH:44|RH:44|TF:0|LE:0|RE:0|MO:0|SH:0|WA:45|FT:0,3,"2026-04-27 10:49:22"
279,"682a88a7ac4738e6898ba968cb66c7fc12ded3fc",LH:56|RH:56|TF:0|LE:0|RE:0|MO:0|SH:0|WA:57|FT:0,3,"2026-04-27 10:49:22"
280,fd37b3ffd50dd52292815a299b9102d6b866168d,LH:57|RH:57|TF:0|LE:0|RE:0|MO:0|SH:0|WA:60|FT:60,4,"2026-04-27 10:49:22"
281,"6b9e97e9f42099ea0f3df9f8a642b8cb776871dc",LH:0|RH:0|TF:0|LE:0|RE:0|MO:0|SH:0|WA:0|FT:37,1,"2026-04-27 10:49:22"
282,"19e4cf29a8876e12d2f490d2027b1416f9e37ccd",LH:0|RH:67|TF:0|LE:0|RE:0|MO:0|SH:27|WA:0|FT:0,2,"2026-04-27 10:49:22"
283,ac62d97951a36641578b4ff3db13b747a78e3a43,LH:0|RH:0|TF:0|LE:0|RE:0|MO:67|SH:0|WA:63|FT:63,3,"2026-04-27 10:49:22"
284,"9ef6a38d9a2c360744453ce0aa1690c82271f1a6",LH:0|RH:0|TF:0|LE:0|RE:0|MO:39|SH:0|WA:0|FT:0,1,"2026-04-27 10:49:22"
285,"48c45b3eab17850a849ead02c364b029f9be1bdd",LH:63|RH:73|TF:0|LE:0|RE:0|MO:0|SH:0|WA:56|FT:0,3,"2026-04-27 10:49:22"
286,"54e1100e4167a0cdf19da725be01cacf633a9c84",LH:2|RH:2|TF:0|LE:0|RE:0|MO:0|SH:0|WA:63|FT:0,3,"2026-04-27 10:49:22"
287,"424d4fc905dafdffc3cd6082d6d0feac1dfb3fbf",LH:0|RH:0|TF:0|LE:0|RE:0|MO:67|SH:0|WA:26|FT:0,2,"2026-04-27 10:49:22"
288,"0997d8b5ef7903503749650c1cbcc76a871ee212",LH:0|RH:0|TF:0|LE:0|RE:0|MO:0|SH:24|WA:24|FT:0,2,"2026-04-27 10:49:22"
289,d5f51bbda7dab605b1ab393830fae08563779c49,LH:0|RH:0|TF:0|LE:0|RE:0|MO:0|SH:0|WA:56|FT:41,2,"2026-04-27 10:49:22"
290,"399115d28e196275f651088815b937c758d28d58",LH:0|RH:0|TF:0|LE:0|RE:0|MO:63|SH:0|WA:63|FT:41,3,"2026-04-27 10:49:22"
291,f0b4399e73a45fed2e05d50ed7cc989eb63e3dbb,LH:60|RH:63|TF:0|LE:0|RE:0|MO:0|SH:27|WA:0|FT:0,3,"2026-04-27 10:49:22"
292,"714cc9e46d5940c88f8252c617706f071ac47480",LH:0|RH:67|TF:0|LE:0|RE:0|MO:0|SH:0|WA:26|FT:26,3,"2026-04-27 10:49:22"
293,a0c4a368518cdca925ba707d7f0e9e5184015ebe,LH:26|RH:0|TF:0|LE:0|RE:0|MO:0|SH:0|WA:0|FT:0,1,"2026-04-27 10:49:22"
294,f6373bedb8b7cc462733d837d7731da58b88cfbf,LH:25|RH:25|TF:0|LE:0|RE:0|MO:0|SH:0|WA:0|FT:0,2,"2026-04-27 10:49:22"
295,"570069e4ee6138abf5237035736c2313a8ec88c9",LH:0|RH:77|TF:0|LE:0|RE:0|MO:0|SH:0|WA:0|FT:0,1,"2026-04-27 10:49:22"
296,"1da2664474c176d084d46a21cb7343064a1cefd5",LH:77|RH:0|TF:0|LE:0|RE:0|MO:0|SH:0|WA:0|FT:0,1,"2026-04-27 10:49:22"
297,"4f1ce7332fdbe76841325275582838c09d51b63e",LH:60|RH:63|TF:0|LE:0|RE:0|MO:0|SH:0|WA:0|FT:0,2,"2026-04-27 10:49:22"
298,d2c710cd0aabab62a16cadf2fe18ce2eb3179965,LH:25|RH:0|TF:0|LE:0|RE:0|MO:0|SH:0|WA:0|FT:0,1,"2026-04-27 10:49:22"
299,"4c92ea5bac6ad2117667695616ef12233da63fcc",LH:0|RH:25|TF:0|LE:0|RE:0|MO:0|SH:0|WA:0|FT:0,1,"2026-04-27 10:49:22"
300,"9f58536d28df24d5560c17a94f17453761fc5400",LH:63|RH:63|TF:0|LE:0|RE:0|MO:67|SH:0|WA:0|FT:0,3,"2026-04-27 10:49:22"
301,"4f75a1cea87800d1b6e3ec1120fb29a2e9070b18",LH:73|RH:0|TF:0|LE:0|RE:0|MO:0|SH:0|WA:0|FT:0,1,"2026-04-27 10:49:22"
302,"90035f2354d421f3613aa7ce48a397edc1241eee",LH:0|RH:0|TF:0|LE:92|RE:0|MO:0|SH:0|WA:0|FT:0,1,"2026-04-27 10:49:22"
303,f8fea87c61ca4bf953665602b8050528677c9eb4,LH:58|RH:58|TF:0|LE:0|RE:0|MO:0|SH:0|WA:0|FT:58,3,"2026-04-27 10:49:22"
304,dfd4a5fe6529483036c9228b868b6b311a10977f,LH:0|RH:0|TF:0|LE:0|RE:0|MO:24|SH:0|WA:24|FT:24,3,"2026-04-27 10:49:22"
305,cad12920147f9cddc4504d1b74c864aad177a6e6,LH:67|RH:24|TF:0|LE:0|RE:0|MO:0|SH:0|WA:0|FT:0,2,"2026-04-27 10:49:22"
306,dedb20fdf962d58de3d4540245665bef3a07e074,LH:0|RH:0|TF:0|LE:0|RE:0|MO:67|SH:0|WA:24|FT:0,2,"2026-04-27 10:49:22"
307,f800ece2263d8a94617c58218c42088112db99da,LH:24|RH:0|TF:0|LE:0|RE:0|MO:0|SH:0|WA:0|FT:0,1,"2026-04-27 10:49:22"
308,a3411dfed833391ef975ff11d35fd2042614dea7,LH:67|RH:67|TF:0|LE:0|RE:0|MO:0|SH:24|WA:0|FT:0,3,"2026-04-27 10:49:22"
309,"392a217530fab5e153a0c33c8f0e6fc1c13a60f0",LH:0|RH:0|TF:0|LE:0|RE:67|MO:0|SH:0|WA:67|FT:0,2,"2026-04-27 10:49:22"
310,f365159e9a4626685a957d99a7e0255958b36970,LH:86|RH:86|TF:0|LE:0|RE:0|MO:0|SH:0|WA:0|FT:0,2,"2026-04-27 10:49:22"
311,a3bcf469c3a52a0d082c128cf69ef3a87071b545,LH:67|RH:67|TF:0|LE:0|RE:0|MO:27|SH:0|WA:0|FT:0,3,"2026-04-27 10:49:22"
312,f829a35a013dbb8c1ab6943a3ea068d8892a1252,LH:63|RH:67|TF:0|LE:0|RE:0|MO:0|SH:0|WA:0|FT:0,2,"2026-04-27 10:49:22"
313,"0e104b31c76a1ba341360e9a629fb64de028a83c",LH:0|RH:0|TF:0|LE:0|RE:0|MO:0|SH:0|WA:67|FT:60,2,"2026-04-27 10:49:22"
314,"7a6fd8fc12eb6c4fdf983edc40330395cf376f91",LH:60|RH:67|TF:0|LE:0|RE:0|MO:41|SH:0|WA:0|FT:0,3,"2026-04-27 10:49:22"
315,"7f35a400bbc619708b84375594bc03d53d7d387a",LH:60|RH:60|TF:0|LE:0|RE:0|MO:0|SH:73|WA:0|FT:0,3,"2026-04-27 10:49:22"
316,"240ffed97a2c47c759d9aef5c3c5060ea5b0b162",LH:67|RH:0|TF:0|LE:0|RE:0|MO:92|SH:0|WA:0|FT:0,2,"2026-04-27 10:49:22"
317,"7318cf8c9bdc26edf1b9a5e9b0f9a5770e9525b1",LH:0|RH:0|TF:0|LE:0|RE:0|MO:92|SH:0|WA:0|FT:0,1,"2026-04-27 10:49:22"
318,"3a13041ea31198862ca2669ed98bbcbda76c97f3",LH:0|RH:0|TF:0|LE:0|RE:0|MO:92|SH:0|WA:92|FT:0,2,"2026-04-27 10:49:22"
319,"13a91b02033cf93e11f924f214c21051f9e4f2af",LH:0|RH:0|TF:0|LE:92|RE:92|MO:92|SH:92|WA:92|FT:0,5,"2026-04-27 10:49:22"
320,"310579789357912fcbd330cfc201a20c2b83d7fc",LH:0|RH:0|TF:0|LE:0|RE:0|MO:92|SH:92|WA:0|FT:0,2,"2026-04-27 10:49:22"
321,d30f7dea5c76cca2c823f95096b8784105209558,LH:74|RH:74|TF:0|LE:0|RE:0|MO:0|SH:0|WA:0|FT:0,2,"2026-04-27 10:49:22"
322,"794b1f2208679b2eb505c0ea3df521a8c3d5611d",LH:48|RH:0|TF:0|LE:0|RE:0|MO:0|SH:0|WA:0|FT:0,1,"2026-04-27 10:49:22"
323,"646f0bee664039f0d813523e5edc56f98b87b8ae",LH:0|RH:0|TF:0|LE:0|RE:0|MO:44|SH:0|WA:0|FT:0,1,"2026-04-27 10:49:22"
324,b454c3b5251624cd9beac87953d2a8186c192731,LH:60|RH:42|TF:0|LE:0|RE:0|MO:0|SH:0|WA:0|FT:0,2,"2026-04-27 10:49:22"
325,f5c3d34794c2f02204bcd58a9438bbca4163c342,LH:45|RH:40|TF:0|LE:0|RE:0|MO:0|SH:0|WA:0|FT:0,2,"2026-04-27 10:49:22"
326,"0763c2a4c268a3781737791b4f2d9ceefa096963",LH:0|RH:58|TF:0|LE:0|RE:0|MO:0|SH:0|WA:67|FT:0,2,"2026-04-27 10:49:22"
327,"78e6c8d2d24790279ac04633de0dc0d71f61d83a",LH:58|RH:67|TF:0|LE:0|RE:0|MO:0|SH:0|WA:63|FT:0,3,"2026-04-27 10:49:22"
328,ece8fe8a5375019cd4db6e61f0664c17276223be,LH:0|RH:58|TF:0|LE:0|RE:0|MO:0|SH:0|WA:63|FT:63,3,"2026-04-27 10:49:22"
329,dd834cc252a2809a80abd80ab992ad342710a1e1,LH:2|RH:0|TF:0|LE:0|RE:0|MO:0|SH:27|WA:0|FT:0,2,"2026-04-27 10:49:22"
330,"6b4f9b6154d47d92cb11a7a8d3a9cd1ba430831c",LH:17|RH:17|TF:0|LE:0|RE:0|MO:0|SH:0|WA:0|FT:0,2,"2026-04-27 10:49:22"
331,"5eb9e9ab1c7adcc76a55bd61341f3e46ea182f78",LH:58|RH:58|TF:0|LE:0|RE:0|MO:0|SH:0|WA:56|FT:56,4,"2026-04-27 10:49:22"
332,"2c478936e78b5a6425bfbbd20deb231b69c6d4c9",LH:58|RH:0|TF:0|LE:0|RE:0|MO:41|SH:0|WA:0|FT:0,2,"2026-04-27 10:49:22"
333,d6c5d0aac6ebaf20894555d8f73b20f91b5f30bb,LH:58|RH:58|TF:0|LE:0|RE:0|MO:0|SH:0|WA:63|FT:63,4,"2026-04-27 10:49:22"
334,"0e285b6b8a760d2c35258587d59332885e221a99",LH:57|RH:57|TF:0|LE:0|RE:0|MO:0|SH:67|WA:0|FT:0,3,"2026-04-27 10:49:22"
335,a05aef96e982563d4a47905e28c38a169cabdc9f,LH:0|RH:58|TF:0|LE:0|RE:0|MO:0|SH:0|WA:57|FT:57,3,"2026-04-27 10:49:22"
336,fb377f8eb79ef91786298b3e783f114274e0a519,LH:0|RH:40|TF:0|LE:0|RE:0|MO:0|SH:0|WA:60|FT:0,2,"2026-04-27 10:49:22"
337,fe56688eddb1a2fd660cda03688c0c50041783fb,LH:39|RH:73|TF:0|LE:0|RE:0|MO:0|SH:0|WA:0|FT:0,2,"2026-04-27 10:49:22"
338,"8c5c6c9cea5ba44b750e27df6a93e9da20864116",LH:40|RH:0|TF:0|LE:0|RE:0|MO:0|SH:0|WA:0|FT:0,1,"2026-04-27 10:49:22"
339,"32ebe2938650b5584f0d12197a27f2122c776bb3",LH:5|RH:5|TF:0|LE:0|RE:0|MO:0|SH:0|WA:0|FT:0,2,"2026-04-27 10:49:22"
340,e6a06893f05de671e1bb7603f8a1c1fd3d8492e8,LH:0|RH:0|TF:0|LE:0|RE:0|MO:0|SH:0|WA:67|FT:73,2,"2026-04-27 10:49:22"
341,f2ea8fc898eb55fb54524fae8a4db72930522cec,LH:0|RH:0|TF:0|LE:0|RE:0|MO:41|SH:0|WA:73|FT:0,2,"2026-04-27 10:49:22"
342,fbdbfc29a57f2e81a6715dc9409fbc7b996e996b,LH:67|RH:0|TF:0|LE:0|RE:0|MO:0|SH:0|WA:0|FT:41,2,"2026-04-27 10:49:22"
343,f9f139771ff9664ff1f55596ea1da15e843694c2,LH:58|RH:58|TF:0|LE:0|RE:0|MO:0|SH:0|WA:63|FT:0,3,"2026-04-27 10:49:22"
344,f040c17222bbe2f7394ccd6c2f9bed0a34cd7f9b,LH:58|RH:58|TF:0|LE:0|RE:0|MO:0|SH:0|WA:60|FT:0,3,"2026-04-27 10:49:22"
345,"0a860b44c8eec0c8805bda80da3fa897200aae98",LH:28|RH:28|TF:0|LE:0|RE:0|MO:0|SH:0|WA:0|FT:0,2,"2026-04-27 10:49:22"
346,"89b24dd4e0fa0cc5fbdb83307fb229e7b9321653",LH:0|RH:0|TF:0|LE:0|RE:0|MO:80|SH:0|WA:80|FT:80,3,"2026-04-27 10:49:22"
347,f482d977d863cc7996a9f8e40a701d04996ec936,LH:0|RH:63|TF:0|LE:0|RE:0|MO:0|SH:0|WA:0|FT:0,1,"2026-04-27 10:49:22"
348,"3ed9aa9e8d209dd99b1efd0bf5e99403e20796f0",LH:0|RH:0|TF:0|LE:0|RE:0|MO:0|SH:0|WA:56|FT:67,2,"2026-04-27 10:49:22"
349,"99c3d2d9502b88263f844ad9bcffd273556d5d7e",LH:0|RH:0|TF:0|LE:0|RE:0|MO:67|SH:0|WA:57|FT:57,3,"2026-04-27 10:49:22"
350,f045d21d607b6d7cd8351e39233396f9bc72798b,LH:58|RH:58|TF:0|LE:0|RE:0|MO:0|SH:0|WA:0|FT:0,2,"2026-04-27 10:49:22"
351,"915a1b47d7c279cc3451ef0649b08efa0051e1fb",LH:0|RH:0|TF:0|LE:0|RE:0|MO:101|SH:0|WA:101|FT:0,2,"2026-04-27 10:49:22"
352,"7eb67e625f943eae928e51a0b4d72b44e09cb3ed",LH:0|RH:0|TF:0|LE:0|RE:0|MO:0|SH:0|WA:67|FT:28,2,"2026-04-27 10:49:22"
353,c8af0d2c8c72005d50efe0be1ed67f0f482dd4e9,LH:63|RH:62|TF:0|LE:0|RE:0|MO:0|SH:0|WA:0|FT:0,2,"2026-04-27 10:49:22"
354,a88329d2d3d0550eed26bc3f3bf38468d25fe7d8,LH:0|RH:0|TF:0|LE:0|RE:0|MO:0|SH:0|WA:101|FT:101,2,"2026-04-27 10:49:22"
355,"1c8ddd8e258722ece5a6e29b74e48848e5b0d73c",LH:0|RH:86|TF:0|LE:0|RE:0|MO:0|SH:0|WA:0|FT:0,1,"2026-04-27 10:49:22"
356,e37b76eaf5e8f55fd2ecc1607e87b6e0fa505fa5,LH:0|RH:0|TF:0|LE:0|RE:0|MO:0|SH:0|WA:0|FT:86,1,"2026-04-27 10:49:22"
357,"25d3bcbe1dc593370f11c96bd271d4e5fecefc80",LH:41|RH:41|TF:0|LE:0|RE:0|MO:0|SH:0|WA:56|FT:56,4,"2026-04-27 10:49:22"
358,"3ffd1364393bcff77ed7d56a37990967196bb56b",LH:34|RH:34|TF:0|LE:0|RE:0|MO:0|SH:0|WA:0|FT:0,2,"2026-04-27 10:49:22"
359,a3ba7d417c9ae424ab1e112225db14ea755164a6,LH:0|RH:0|TF:0|LE:0|RE:0|MO:0|SH:27|WA:56|FT:56,3,"2026-04-27 10:49:22"
360,d522b4e34dc4177ddf52b4ff224a0ccf88c3ee06,LH:0|RH:2|TF:0|LE:0|RE:0|MO:0|SH:27|WA:0|FT:0,2,"2026-04-27 10:49:22"
361,"4fe0acf59988bdef02b7b616f28b8ab19b228166",LH:67|RH:67|TF:0|LE:0|RE:0|MO:0|SH:27|WA:0|FT:0,3,"2026-04-27 10:49:22"
362,a42f23c1cb807bad7b21789b1704a98ff429db82,LH:71|RH:71|TF:0|LE:0|RE:0|MO:0|SH:0|WA:0|FT:0,2,"2026-04-27 10:49:22"
363,"4052ba5cbc4240bf5e8e6fa0194327d21f2f2bee",LH:0|RH:0|TF:0|LE:0|RE:0|MO:0|SH:0|WA:56|FT:60,2,"2026-04-27 10:49:22"
364,"2aa3ace5593d500d6ddeaa0e7f8b513a0789b947",LH:39|RH:39|TF:0|LE:0|RE:0|MO:0|SH:0|WA:56|FT:0,3,"2026-04-27 10:49:22"
365,"2dd1701d136cc7dacab81a91bf129491f3f3d6b4",LH:0|RH:0|TF:0|LE:0|RE:0|MO:0|SH:0|WA:0|FT:76,1,"2026-04-27 10:49:22"
366,"2c7059a175dc4a632c7c6efa0a95c7b421aa271a",LH:55|RH:42|TF:0|LE:0|RE:0|MO:0|SH:0|WA:0|FT:0,2,"2026-04-27 10:49:22"
367,"06cd92045559226e11b43b3d3b3618e4b1577504",LH:44|RH:44|TF:0|LE:0|RE:0|MO:0|SH:0|WA:0|FT:0,2,"2026-04-27 10:49:22"
368,"0ca46980f1b3c7ef7c360b59bf657a4c65ccdb75",LH:0|RH:46|TF:0|LE:0|RE:0|MO:0|SH:0|WA:0|FT:0,1,"2026-04-27 10:49:22"
369,"40e6ed1cac8db4c588ae47eac52273129df7e490",LH:2|RH:67|TF:0|LE:0|RE:0|MO:0|SH:27|WA:0|FT:0,3,"2026-04-27 10:49:22"
370,"27df2aab0021f9a94e0722ae3fd866d0d71a9f31",LH:0|RH:0|TF:0|LE:0|RE:0|MO:27|SH:0|WA:0|FT:67,2,"2026-04-27 10:49:22"
371,e7638123c4b72757710c04f6a13a3911881e7329,LH:0|RH:0|TF:0|LE:0|RE:0|MO:39|SH:0|WA:0|FT:39,2,"2026-04-27 10:49:22"
372,ace1b51d6bfe65e38679ed1aea8f96f777751ff2,LH:0|RH:16|TF:0|LE:0|RE:0|MO:0|SH:0|WA:0|FT:0,1,"2026-04-27 10:49:22"
373,a6708fa74af45e4e20f530eddf00595d9d9f489d,LH:0|RH:0|TF:0|LE:0|RE:0|MO:0|SH:0|WA:98|FT:98,2,"2026-04-27 10:49:22"
374,"8611dfff7cc586b2952610f99d92ec5e94ab431c",LH:0|RH:0|TF:0|LE:0|RE:0|MO:0|SH:0|WA:67|FT:63,2,"2026-04-27 10:49:22"
375,"8d7844ea0d95f86e396aecfbcd851b3c119e3ac4",LH:0|RH:0|TF:0|LE:0|RE:0|MO:0|SH:0|WA:63|FT:0,1,"2026-04-27 10:49:22"
376,fb27a613e9f67eb9a9ce2c79e6dca99d0f0fb87e,LH:2|RH:2|TF:0|LE:0|RE:0|MO:0|SH:0|WA:24|FT:0,3,"2026-04-27 10:49:22"
377,b0179847c04e17889a5241fc7d0fd76975ab0c9d,LH:45|RH:39|TF:0|LE:0|RE:0|MO:0|SH:0|WA:0|FT:0,2,"2026-04-27 10:49:22"
378,"33cbb32bfa8c39f9f6b5e6cb56fba285cbcaf5bb",LH:68|RH:68|TF:0|LE:0|RE:0|MO:0|SH:0|WA:0|FT:0,2,"2026-04-27 10:49:22"
379,ed94c6e11b934ddd4c69ce0e9cd59b826993d2eb,LH:39|RH:39|TF:0|LE:0|RE:0|MO:0|SH:0|WA:0|FT:0,2,"2026-04-27 10:49:22"
380,"4d970e823b0f0c20e4695e4199bb1f41af72f154",LH:0|RH:67|TF:0|LE:0|RE:0|MO:0|SH:13|WA:0|FT:0,2,"2026-04-27 10:49:22"
381,"35169f7662ba1d87c01c54a6be3d58e4202bf183",LH:67|RH:67|TF:0|LE:0|RE:0|MO:0|SH:13|WA:0|FT:0,3,"2026-04-27 10:49:22"
382,"95de3d97cf40b411ce25edf42753c6cf8efa4064",LH:56|RH:44|TF:0|LE:0|RE:0|MO:0|SH:0|WA:0|FT:0,2,"2026-04-27 10:49:22"
383,bbee5a5eb3e032614a51dbfaa77c6c455833c331,LH:41|RH:56|TF:0|LE:0|RE:0|MO:0|SH:0|WA:0|FT:0,2,"2026-04-27 10:49:22"
384,"8c982c358002d8a7d880ecdff0b882f4d7afa7f5",LH:2|RH:41|TF:0|LE:0|RE:0|MO:0|SH:0|WA:0|FT:0,2,"2026-04-27 10:49:22"
385,"4fb283ac9f51f6857b58fc403e37833e8fa08ad3",LH:26|RH:41|TF:0|LE:0|RE:0|MO:0|SH:0|WA:0|FT:0,2,"2026-04-27 10:49:22"
386,d715ee0d0da627c46deb7052fe42e2d89ecea419,LH:0|RH:41|TF:0|LE:0|RE:0|MO:0|SH:0|WA:63|FT:0,2,"2026-04-27 10:49:22"
387,"55bce3862f72b6a3e35be559c19ac35261ec0d62",LH:0|RH:0|TF:0|LE:0|RE:0|MO:0|SH:27|WA:0|FT:67,2,"2026-04-27 10:49:22"
388,ea13410702c59d258988dee178ebeff4c82c3f5a,LH:0|RH:0|TF:0|LE:0|RE:67|MO:0|SH:67|WA:0|FT:0,2,"2026-04-27 10:49:22"
389,"49a62d0c76328de0500df52fbb82fa2ae9b419a6",LH:67|RH:67|TF:0|LE:0|RE:0|MO:0|SH:0|WA:57|FT:0,3,"2026-04-27 10:49:22"
390,"7e4cd6488a6f52e368ddf6ce6647b48247d0fdfd",LH:0|RH:67|TF:0|LE:0|RE:0|MO:41|SH:0|WA:0|FT:0,2,"2026-04-27 10:49:22"
391,a2f3f1bfd8fa9924ad28b5dd34e92d85ee9724f9,LH:0|RH:0|TF:0|LE:0|RE:0|MO:27|SH:0|WA:0|FT:41,2,"2026-04-27 10:49:22"
392,"99b4880a89115ed72ecf86785ea5f005f1e87692",LH:66|RH:66|TF:0|LE:0|RE:0|MO:0|SH:0|WA:0|FT:0,2,"2026-04-27 10:49:22"
393,b25948dfa069e872f2bbfe51bd80051c5e3e6099,LH:40|RH:40|TF:0|LE:0|RE:0|MO:0|SH:0|WA:0|FT:0,2,"2026-04-27 10:49:22"
394,"008cf527cefde0551d0558b9b1dee6f230eba534",LH:0|RH:29|TF:0|LE:0|RE:0|MO:0|SH:0|WA:0|FT:0,1,"2026-04-27 10:49:22"
395,aeef9bb206cfa66ecdc17e8e94980a6b273eb28b,LH:73|RH:41|TF:0|LE:0|RE:0|MO:0|SH:0|WA:0|FT:0,2,"2026-04-27 10:49:22"
396,f20fe9a5fd94eccf36087e043e7be344cbc55fc7,LH:102|RH:0|TF:0|LE:0|RE:0|MO:0|SH:0|WA:0|FT:0,1,"2026-04-27 10:49:22"
397,"03aeb93a986c3f331481043a6a210bb4ee0e8fe6",LH:32|RH:0|TF:0|LE:0|RE:0|MO:0|SH:0|WA:0|FT:0,1,"2026-04-27 10:49:22"
398,"336a8078b03c3d490bfdf66a89f5f97942368799",LH:28|RH:67|TF:0|LE:0|RE:0|MO:0|SH:0|WA:0|FT:0,2,"2026-04-27 10:49:22"
399,f0bb40d30b9b11057d715b0a07c7f3789acbd7c0,LH:0|RH:0|TF:0|LE:0|RE:67|MO:0|SH:0|WA:0|FT:0,1,"2026-04-27 10:49:22"
400,ad15276d68f7b9b866e9f73a5b27f473e70f86c5,LH:0|RH:67|TF:0|LE:0|RE:0|MO:0|SH:0|WA:26|FT:0,2,"2026-04-27 10:49:22"
401,"15e9e75c6bac8abd34d6cc4783c29b2999a1d669",LH:0|RH:0|TF:0|LE:0|RE:0|MO:0|SH:0|WA:26|FT:41,2,"2026-04-27 10:49:22"
402,"5fd62eebc69c7ebe2c96e7fdec18834766f14b1b",LH:0|RH:0|TF:0|LE:0|RE:0|MO:67|SH:0|WA:67|FT:26,3,"2026-04-27 10:49:22"
403,"45b03160d3df2f67c4611a647606c62fe471b2d0",LH:0|RH:0|TF:0|LE:67|RE:0|MO:27|SH:0|WA:67|FT:0,3,"2026-04-27 10:49:22"
404,"0b7c3b59f94a8d5186bc3cdd0088403bae6494eb",LH:0|RH:0|TF:0|LE:67|RE:0|MO:27|SH:67|WA:0|FT:0,3,"2026-04-27 10:49:22"
405,"1199cdcca8c3edbc90c7e4e9e933a7b79c94964a",LH:0|RH:0|TF:0|LE:0|RE:0|MO:27|SH:0|WA:67|FT:67,3,"2026-04-27 10:49:22"
406,"7a10cacef255b90c87fc328fe8b095af892097b3",LH:67|RH:0|TF:0|LE:0|RE:0|MO:0|SH:0|WA:0|FT:26,2,"2026-04-27 10:49:22"
407,"8c1f151423757774dcf8967a29125689e83c9abd",LH:0|RH:58|TF:0|LE:0|RE:0|MO:0|SH:0|WA:63|FT:0,2,"2026-04-27 10:49:22"
408,"8a1f12eb96c5dca954d1756c62d9fb84751bb720",LH:6|RH:0|TF:0|LE:0|RE:0|MO:0|SH:0|WA:0|FT:0,1,"2026-04-27 10:49:22"
409,"37c1533b20ee9402c3a17aa4973470ffd24c9bfe",LH:6|RH:6|TF:0|LE:0|RE:0|MO:0|SH:0|WA:26|FT:0,3,"2026-04-27 10:49:22"
410,dcdba3bf51dd265d47671fcfd3139f57cdff449e,LH:38|RH:67|TF:0|LE:0|RE:0|MO:0|SH:0|WA:0|FT:0,2,"2026-04-27 10:49:22"
411,"78f49e8e4c7b1c24cca78e47619df56578591dbe",LH:0|RH:0|TF:0|LE:0|RE:0|MO:0|SH:73|WA:73|FT:73,3,"2026-04-27 10:49:22"
412,"0fe271cfe5a4eb4b21a0cccc0857e0dcb4b21aa4",LH:60|RH:60|TF:0|LE:0|RE:0|MO:0|SH:0|WA:73|FT:73,4,"2026-04-27 10:49:22"
413,"1999fcd1953453fd2cbbc6303c6d7603f2c9a59e",LH:0|RH:0|TF:0|LE:0|RE:0|MO:73|SH:0|WA:73|FT:73,3,"2026-04-27 10:49:22"
414,"4616846bce1f32c781c4e6097ee879300c78eb65",LH:73|RH:73|TF:0|LE:0|RE:0|MO:0|SH:0|WA:60|FT:0,3,"2026-04-27 10:49:22"
415,"31f1ea2b8f1d2d8f813a41296df945877db65816",LH:63|RH:63|TF:0|LE:0|RE:0|MO:0|SH:0|WA:0|FT:73,3,"2026-04-27 10:49:22"
416,f674f5a65783d5b6397453f6c488ed08b7473737,LH:73|RH:73|TF:0|LE:0|RE:0|MO:0|SH:0|WA:73|FT:73,4,"2026-04-27 10:49:22"
417,"6d3b2885fa823c921743badbdbf44704edab16c6",LH:63|RH:73|TF:0|LE:0|RE:0|MO:0|SH:0|WA:0|FT:0,2,"2026-04-27 10:49:22"
418,"6858e50293cae09784e1be25745033968ef2416e",LH:41|RH:67|TF:0|LE:0|RE:0|MO:0|SH:0|WA:0|FT:0,2,"2026-04-27 10:49:22"
419,bf85c9f0e2710195a23218319bbcd5f6a7bf6d31,LH:0|RH:0|TF:0|LE:0|RE:0|MO:24|SH:24|WA:24|FT:0,3,"2026-04-27 10:49:22"
420,"2d49c4724beec80b5bc18a422cae959b32a70522",LH:0|RH:0|TF:0|LE:0|RE:0|MO:0|SH:28|WA:28|FT:28,3,"2026-04-27 10:49:22"
421,a91c5425302132531fe84523dc9233c272816112,LH:53|RH:53|TF:0|LE:0|RE:0|MO:0|SH:0|WA:0|FT:0,2,"2026-04-27 10:49:22"
422,cfc31dd232eb510d500eb682275bcc6f1f255c93,LH:0|RH:0|TF:0|LE:0|RE:0|MO:97|SH:0|WA:97|FT:0,2,"2026-04-27 10:49:22"
423,"329bb8bf9cb3d98e635ee7cb206aa61f7c1f534d",LH:41|RH:0|TF:0|LE:0|RE:0|MO:0|SH:0|WA:60|FT:0,2,"2026-04-27 10:49:22"
424,"3d31f6ed2313f701f98d75fb908785d089ac4842",LH:39|RH:0|TF:0|LE:0|RE:0|MO:0|SH:0|WA:0|FT:39,2,"2026-04-27 10:49:22"
425,bfa10204cd7e1356b089cd2f45ad2c4c4bb02dc3,LH:0|RH:0|TF:0|LE:0|RE:0|MO:0|SH:41|WA:0|FT:0,1,"2026-04-27 10:49:22"
426,"1bf9358ecaff6bd3ee4b935bec8c0f75837d6151",LH:0|RH:0|TF:0|LE:0|RE:0|MO:0|SH:25|WA:25|FT:0,2,"2026-04-27 10:49:22"
427,cf303bd10aaf3eecd4f6f644366a9c371ca7fbe3,LH:57|RH:57|TF:0|LE:0|RE:0|MO:0|SH:63|WA:0|FT:0,3,"2026-04-27 10:49:22"
428,"7f4155cbad12289d47559c17d0ed6081074a0ea5",LH:57|RH:57|TF:0|LE:0|RE:0|MO:0|SH:0|WA:63|FT:63,4,"2026-04-27 10:49:22"
429,"636269ca7136e5201c3a727f302855f208f33090",LH:0|RH:0|TF:0|LE:0|RE:0|MO:48|SH:0|WA:0|FT:0,1,"2026-04-27 10:49:22"
430,"76002cfea3ec84d5ad1d3eb7bb5379562114f392",LH:0|RH:0|TF:0|LE:0|RE:0|MO:45|SH:0|WA:0|FT:41,2,"2026-04-27 10:49:22"
431,"8983a427f2f57d71a34e685823ab7e9fc88687c9",LH:60|RH:60|TF:0|LE:0|RE:0|MO:0|SH:0|WA:56|FT:0,3,"2026-04-27 10:49:22"
432,"3dc96433f6e074d40993696cdef5c8a24e4db313",LH:33|RH:33|TF:0|LE:0|RE:0|MO:0|SH:0|WA:0|FT:0,2,"2026-04-27 10:49:22"
433,"0422299f5b61223beadd40b7cc03ef2d4cd4e26f",LH:92|RH:92|TF:0|LE:0|RE:0|MO:67|SH:0|WA:0|FT:0,3,"2026-04-27 10:49:22"
434,"27e524a983ea0f90a1c28f53c01bff13cc7c663b",LH:63|RH:64|TF:0|LE:0|RE:0|MO:0|SH:0|WA:0|FT:0,2,"2026-04-27 10:49:22"
435,"56ab25cbe1d2eb780151af78e1b29cc1bf06deb8",LH:0|RH:0|TF:0|LE:90|RE:90|MO:90|SH:90|WA:90|FT:90,6,"2026-04-27 10:49:22"
436,"1568e10c8a03f50606378368928be7539c248774",LH:0|RH:0|TF:0|LE:0|RE:0|MO:86|SH:0|WA:86|FT:0,2,"2026-04-27 10:49:22"
437,"0444d6ef54f317f271be7cf8166d8f2774cdaa77",LH:0|RH:67|TF:0|LE:0|RE:0|MO:27|SH:0|WA:0|FT:0,2,"2026-04-27 10:49:22"
438,"36dc1eaac234a77f34f1d6835036d6d7b8441d07",LH:0|RH:0|TF:92|LE:0|RE:0|MO:0|SH:92|WA:0|FT:0,2,"2026-04-27 10:49:22"
439,ff9683612df07173df06bc16ca8363873b6062db,LH:56|RH:56|TF:0|LE:73|RE:0|MO:0|SH:0|WA:0|FT:0,3,"2026-04-27 10:49:22"
440,"54caa48aef6f6a709d1faca2c3e4d17ce8f527f5",LH:0|RH:0|TF:0|LE:0|RE:0|MO:0|SH:73|WA:0|FT:0,1,"2026-04-27 10:49:22"
441,c9448e9a113c6068447aa281e9a783c961e4ddf8,LH:0|RH:0|TF:0|LE:73|RE:73|MO:0|SH:73|WA:73|FT:0,4,"2026-04-27 10:49:22"
442,"27c1a420ae4a809aeac3589bb539f75fd19a309a",LH:41|RH:60|TF:0|LE:0|RE:0|MO:0|SH:0|WA:0|FT:0,2,"2026-04-27 10:49:22"
443,b9ac796eec5cb2a926b2d1024d3ca742e0c7d9d2,LH:0|RH:0|TF:0|LE:0|RE:0|MO:41|SH:0|WA:57|FT:0,2,"2026-04-27 10:49:22"
444,"4acbeafc146a2b8b9f8a240bf2dc4ee0e2c17786",LH:0|RH:0|TF:0|LE:0|RE:0|MO:81|SH:0|WA:81|FT:81,3,"2026-04-27 10:49:22"
445,"394512821666c74fdc10a53e50fe9d0db63e7e2f",LH:0|RH:0|TF:0|LE:0|RE:0|MO:0|SH:0|WA:28|FT:28,2,"2026-04-27 10:49:22"
446,c58fdc37f6aba35dd8b3ea46ebddb0037a1181a2,LH:0|RH:0|TF:0|LE:0|RE:0|MO:0|SH:24|WA:0|FT:0,1,"2026-04-27 10:49:22"
447,"794c2c631fced57dc55276caa2d8452f532fd2f4",LH:0|RH:0|TF:0|LE:0|RE:0|MO:0|SH:0|WA:0|FT:36,1,"2026-04-27 10:49:22"
448,"55b56c39e2497dcbed1f7ea68513bc210713627a",LH:0|RH:36|TF:0|LE:0|RE:0|MO:0|SH:0|WA:0|FT:0,1,"2026-04-27 10:49:22"
449,"9dd38aef7111877c6834aae69f1a9934b4b0bdf8",LH:0|RH:6|TF:0|LE:0|RE:0|MO:0|SH:0|WA:0|FT:0,1,"2026-04-27 10:49:22"
450,"52c1e425792fdf755e9f28fefd56121bb9d8aa5e",LH:36|RH:0|TF:0|LE:0|RE:0|MO:0|SH:0|WA:0|FT:0,1,"2026-04-27 10:49:22"
451,"504d8636e5165b4adf919823a38eff8a98173f2f",LH:0|RH:104|TF:0|LE:0|RE:0|MO:0|SH:0|WA:0|FT:0,1,"2026-04-27 10:49:22"
452,"485eea2c233ef922731c9a941e3f0cac3fcdf3e0",LH:0|RH:0|TF:0|LE:0|RE:0|MO:0|SH:0|WA:26|FT:0,1,"2026-04-27 10:49:22"
453,"6569ebcedcca458aaec4efc5ec76bddaccfea35a",LH:0|RH:0|TF:0|LE:0|RE:0|MO:41|SH:0|WA:67|FT:41,3,"2026-04-27 10:49:22"
454,"0b15677798127c193a54dce5534777f70c672aee",LH:0|RH:0|TF:0|LE:0|RE:0|MO:0|SH:0|WA:0|FT:60,1,"2026-04-27 10:49:22"
455,f3680f002b7d728845e95a192554b591a24ff45c,LH:60|RH:60|TF:0|LE:0|RE:0|MO:67|SH:0|WA:56|FT:0,4,"2026-04-27 10:49:22"
456,"055fbec997ab9ed2dc969c907d2e7ca936dfb345",LH:0|RH:56|TF:0|LE:0|RE:0|MO:41|SH:0|WA:0|FT:0,2,"2026-04-27 10:49:22"
457,fb6fae6f158b49778f500e815ac34fabb8be8a97,LH:0|RH:0|TF:0|LE:0|RE:0|MO:67|SH:0|WA:56|FT:56,3,"2026-04-27 10:49:22"
458,e099a6e25b8007840ec5cc108aa0092be83382f9,LH:45|RH:45|TF:0|LE:0|RE:0|MO:0|SH:0|WA:60|FT:0,3,"2026-04-27 10:49:22"
459,c9771e34882b367241cc1f47483af62c80ee7c58,LH:56|RH:0|TF:0|LE:0|RE:0|MO:0|SH:0|WA:56|FT:56,3,"2026-04-27 10:49:22"
460,"16b418cfd257d48a1e5a9c163ce82ce05666bd02",LH:63|RH:41|TF:0|LE:0|RE:0|MO:0|SH:0|WA:67|FT:0,3,"2026-04-27 10:49:22"
461,cac93eb8edd68af694b208e2245e7eced8f1a334,LH:36|RH:36|TF:0|LE:0|RE:0|MO:0|SH:0|WA:0|FT:0,2,"2026-04-27 10:49:22"
462,"4a381487c8ca556ba87cd998fbff0bf7eff8a055",LH:0|RH:0|TF:0|LE:0|RE:0|MO:54|SH:54|WA:0|FT:0,2,"2026-04-27 10:49:22"
463,"124b65c7f7d857a8a6e7926b5f32ffd22c250e10",LH:0|RH:67|TF:0|LE:0|RE:0|MO:0|SH:0|WA:0|FT:41,2,"2026-04-27 10:49:22"
464,ad0e483e87d3730511e3c4fabd80fd0ce3881bcf,LH:67|RH:56|TF:0|LE:0|RE:0|MO:0|SH:0|WA:0|FT:0,2,"2026-04-27 10:49:22"
465,a4bb7f237f092623a9338d2f1953d822466589c3,LH:67|RH:67|TF:0|LE:0|RE:0|MO:0|SH:0|WA:26|FT:0,3,"2026-04-27 10:49:22"
466,d8a9323346e626c7230152d0763b5d9ae09be2fe,LH:26|RH:26|TF:0|LE:0|RE:0|MO:0|SH:13|WA:0|FT:0,3,"2026-04-27 10:49:22"
467,d3ec596a8a002e5a7532345c7fa3eae2e2567690,LH:67|RH:67|TF:92|LE:0|RE:0|MO:0|SH:0|WA:0|FT:0,3,"2026-04-27 10:49:22"
468,"496162f55fe8d154cdb6dd7cbb59b04abf608ffc",LH:78|RH:78|TF:0|LE:0|RE:0|MO:0|SH:0|WA:0|FT:0,2,"2026-04-27 10:49:22"
469,e8f958fd03619e8ae9a1ff6bc611319dc7b43dd1,LH:0|RH:0|TF:0|LE:0|RE:0|MO:101|SH:0|WA:101|FT:101,3,"2026-04-27 10:49:22"
470,"23955e05e7d6d57c1d6485d395981958c1cdbac9",LH:73|RH:67|TF:0|LE:0|RE:0|MO:0|SH:0|WA:0|FT:0,2,"2026-04-27 10:49:22"
471,f4c4285b893e5dbc296fdc31f110e7ec17db8dc5,LH:0|RH:0|TF:0|LE:0|RE:0|MO:0|SH:0|WA:0|FT:35,1,"2026-04-27 10:49:22"
472,c0504b66cff0490f48e35f8c8966eb7c27a46d8c,LH:56|RH:41|TF:0|LE:0|RE:0|MO:0|SH:0|WA:0|FT:0,2,"2026-04-27 10:49:22"
473,"72ae14259abd4cc849f0e9aca44d5380ed62b2f9",LH:58|RH:0|TF:0|LE:0|RE:0|MO:0|SH:0|WA:56|FT:56,3,"2026-04-27 10:49:22"
474,"698ca80bc7e35705c33ad449e1df68faf596975e",LH:73|RH:63|TF:0|LE:0|RE:0|MO:0|SH:0|WA:0|FT:0,2,"2026-04-27 10:49:22"
475,c884e677e441a95fcf4b7ec9f3fdeaadaca40e21,LH:0|RH:0|TF:0|LE:0|RE:0|MO:42|SH:0|WA:0|FT:0,1,"2026-04-27 10:49:22"
476,b3e08890b9c26862dc8623ec52fadaa39f5f3db9,LH:59|RH:59|TF:0|LE:0|RE:0|MO:0|SH:0|WA:73|FT:73,4,"2026-04-27 10:49:22"
477,"107f48f8e1768e6cc3ff3f8820e1f9813c2a3062",LH:0|RH:0|TF:0|LE:0|RE:0|MO:73|SH:0|WA:0|FT:73,2,"2026-04-27 10:49:22"
478,d4d7f52a53a05896dbfad85c66b00079ab4c9c15,LH:0|RH:0|TF:0|LE:0|RE:0|MO:0|SH:0|WA:67|FT:24,2,"2026-04-27 10:49:22"
479,"0d57234b27acf8c169a6a66b902c56628c4d862a",LH:60|RH:45|TF:0|LE:0|RE:0|MO:0|SH:0|WA:0|FT:0,2,"2026-04-27 10:49:22"
480,"867faabb0668cae65d6a787aa577433d49453725",LH:74|RH:41|TF:0|LE:0|RE:0|MO:0|SH:0|WA:0|FT:0,2,"2026-04-27 10:49:22"
481,bd6ecfe2ec6cd8cdc9ecbbe83cbcf268f216299f,LH:45|RH:45|TF:0|LE:0|RE:0|MO:0|SH:0|WA:0|FT:41,3,"2026-04-27 10:49:22"
482,"8c66b34d3b69d8e874ca180f7b081d949544a182",LH:67|RH:67|TF:0|LE:0|RE:0|MO:0|SH:0|WA:0|FT:41,3,"2026-04-27 10:49:22"
483,"1cfbcc04ce649ce2c485ca4263494b22dda06142",LH:0|RH:0|TF:74|LE:0|RE:0|MO:0|SH:0|WA:0|FT:0,1,"2026-04-27 10:49:22"
484,a12c34182d3b5651339798a2dccee65cab053134,LH:58|RH:58|TF:0|LE:0|RE:0|MO:0|SH:0|WA:57|FT:0,3,"2026-04-27 10:49:22"
485,"127024ea8d4fef21c86ab8916717ff39eaef545a",LH:58|RH:58|TF:0|LE:0|RE:0|MO:0|SH:0|WA:67|FT:0,3,"2026-04-27 10:49:22"
486,"413bd45097dd94597b46cd2205305ba1b4e46719",LH:105|RH:0|TF:0|LE:0|RE:0|MO:0|SH:0|WA:0|FT:0,1,"2026-04-27 10:49:22"
487,c6e937fa6b9b433644d51c5ece4ef54bb4279024,LH:0|RH:0|TF:0|LE:0|RE:0|MO:27|SH:0|WA:67|FT:0,2,"2026-04-27 10:49:22"
488,c19d783bcff71616f9f50746e6a6e36e3713a706,LH:0|RH:0|TF:0|LE:0|RE:0|MO:0|SH:27|WA:67|FT:67,3,"2026-04-27 10:49:22"
489,"870a4d40dbcd04c888581537b922a22fa69c7a4e",LH:0|RH:0|TF:0|LE:0|RE:0|MO:0|SH:27|WA:67|FT:0,2,"2026-04-27 10:49:22"
490,"4be465da7d946bb9dc4061f61a76e49ec5100aa5",LH:0|RH:0|TF:67|LE:0|RE:0|MO:0|SH:0|WA:0|FT:0,1,"2026-04-27 10:49:22"
491,"956aa816a53e096291ac382ed0c13a76995b7826",LH:67|RH:67|TF:0|LE:0|RE:0|MO:0|SH:0|WA:56|FT:0,3,"2026-04-27 10:49:22"
492,"555799c8cac3a030010e9a9b61fae4020e2bd508",LH:0|RH:0|TF:0|LE:73|RE:0|MO:0|SH:73|WA:73|FT:0,3,"2026-04-27 10:49:22"
493,c47f07d8f8cd4ab115951420cb7d357cc432f3c0,LH:57|RH:57|TF:0|LE:0|RE:0|MO:0|SH:0|WA:73|FT:73,4,"2026-04-27 10:49:22"
494,a94f0fa948164bbb44fd640901156f0f71c9c447,LH:74|RH:67|TF:0|LE:0|RE:0|MO:0|SH:27|WA:0|FT:0,3,"2026-04-27 10:49:22"
495,c99a2a5f800f0be77646f69c81ed93688c8a61d6,LH:40|RH:40|TF:0|LE:0|RE:0|MO:0|SH:27|WA:0|FT:0,3,"2026-04-27 10:49:22"
496,"6a2834183dfa545a0cd3ab0491c374e9a178900e",LH:67|RH:67|TF:0|LE:0|RE:0|MO:0|SH:0|WA:26|FT:26,4,"2026-04-27 10:49:22"
497,"7421ddbbd954d87afc73b7d098e067a80a8825ef",LH:16|RH:57|TF:0|LE:0|RE:0|MO:0|SH:0|WA:0|FT:0,2,"2026-04-27 10:49:22"
498,e996e499427dfc3a524736266dc492191887e007,LH:58|RH:0|TF:0|LE:0|RE:0|MO:0|SH:0|WA:57|FT:0,2,"2026-04-27 10:49:22"
499,"5bb352f8d7c9c748efde04744dfec1065886fac2",LH:0|RH:0|TF:0|LE:0|RE:0|MO:41|SH:0|WA:60|FT:0,2,"2026-04-27 10:49:22"
500,e82134ab72fef1aac90f2fbb2552a07cec3ebd8d,LH:0|RH:56|TF:0|LE:0|RE:0|MO:0|SH:0|WA:56|FT:0,2,"2026-04-27 10:49:22"
501,ea14b9749e3038227c2df09a2388f665d267f4a8,LH:41|RH:25|TF:0|LE:0|RE:0|MO:0|SH:0|WA:0|FT:0,2,"2026-04-27 10:49:22"
502,"2f4a1907de67c575625339feadfd5e272c2f8229",LH:0|RH:119|TF:0|LE:0|RE:0|MO:0|SH:0|WA:0|FT:0,1,"2026-04-27 10:49:22"
503,"4a06a2908b632f92122f7c57cd150d12a36b708b",LH:62|RH:0|TF:0|LE:0|RE:0|MO:0|SH:0|WA:0|FT:0,1,"2026-04-27 10:49:22"
504,"8b2dfd4025f84292babb4472ac5fe0a63ac0add6",LH:0|RH:0|TF:0|LE:0|RE:0|MO:0|SH:50|WA:0|FT:0,1,"2026-04-27 10:49:22"
505,"4b0493624420bfd9d0a5b58c5662a71ab3efe291",LH:40|RH:40|TF:0|LE:0|RE:0|MO:0|SH:0|WA:60|FT:0,3,"2026-04-27 10:49:22"
506,ee257e62c9b7f30a8698f8fc0cf448dacb45d037,LH:0|RH:0|TF:0|LE:113|RE:113|MO:0|SH:0|WA:0|FT:0,2,"2026-04-27 10:49:22"
507,cd35f758882220e4d579091975dffb566e568968,LH:29|RH:0|TF:0|LE:0|RE:0|MO:0|SH:0|WA:0|FT:0,1,"2026-04-27 10:49:22"
508,d500609746640d6a008c7154d578d5b2b3a66af7,LH:0|RH:40|TF:0|LE:0|RE:0|MO:0|SH:0|WA:0|FT:0,1,"2026-04-27 10:49:22"
509,bb07f8a2bdc4b30ef29330ccac23fa359bcc2ac2,LH:58|RH:58|TF:0|LE:0|RE:0|MO:73|SH:0|WA:0|FT:0,3,"2026-04-27 10:49:22"
510,"0440dc6bd587a085da7588f792ea33a789e004d6",LH:56|RH:56|TF:0|LE:0|RE:0|MO:0|SH:0|WA:0|FT:67,3,"2026-04-27 10:49:22"
511,"8092ed2cccadf9f3b8c6d525ba100d203e0c9624",LH:56|RH:0|TF:0|LE:0|RE:0|MO:0|SH:0|WA:73|FT:0,2,"2026-04-27 10:49:22"
512,"4910a9fdf6f46fdd035ff685d13245f84885ce10",LH:0|RH:34|TF:0|LE:0|RE:0|MO:0|SH:0|WA:0|FT:0,1,"2026-04-27 10:49:22"
513,"5859bca197a9efc8c31ef555feadc93a7275a237",LH:57|RH:57|TF:0|LE:0|RE:0|MO:0|SH:0|WA:73|FT:0,3,"2026-04-27 10:49:22"
514,"273a5b1b1b05b69577ecfc95cdd70da0c3f9407d",LH:1|RH:26|TF:0|LE:0|RE:0|MO:0|SH:0|WA:0|FT:0,2,"2026-04-27 10:49:22"
515,"16783d51d8a7ca7d52a70e230b628f02c8e0fdef",LH:67|RH:67|TF:0|LE:0|RE:0|MO:0|SH:0|WA:0|FT:58,3,"2026-04-27 10:49:22"
516,"31f6e664df40f583f1fde79d9a3546667f4a5657",LH:0|RH:67|TF:0|LE:0|RE:0|MO:0|SH:0|WA:0|FT:58,2,"2026-04-27 10:49:22"
517,"6b9f5ed17e8c08f94a442e5f85d04309479ccb83",LH:0|RH:0|TF:0|LE:0|RE:0|MO:0|SH:0|WA:101|FT:0,1,"2026-04-27 10:49:22"
518,"5a324834bae8bce0d1ae55268ed0b0d95685d28c",LH:57|RH:57|TF:0|LE:0|RE:0|MO:0|SH:0|WA:60|FT:0,3,"2026-04-27 10:49:22"
519,"849bb4b6f4666c2a8f19ee5267daa499a6c01c02",LH:0|RH:0|TF:0|LE:0|RE:0|MO:0|SH:0|WA:0|FT:101,1,"2026-04-27 10:49:22"
520,"22e6e3306b2a96904fba7eac50ef0c9b64a8c201",LH:17|RH:0|TF:0|LE:0|RE:0|MO:0|SH:0|WA:0|FT:0,1,"2026-04-27 10:49:22"
521,b273fba3f3afe3f2ef1da95eecf75577db89c955,LH:0|RH:0|TF:0|LE:0|RE:0|MO:24|SH:24|WA:0|FT:0,2,"2026-04-27 10:49:22"
522,b1b16d8978308510c3f0feb594052dd6b91d1f1c,LH:24|RH:0|TF:0|LE:0|RE:0|MO:0|SH:0|WA:24|FT:0,2,"2026-04-27 10:49:22"
523,b6fed49ce1881791b9b3038d33f430d7046f5d47,LH:0|RH:0|TF:0|LE:0|RE:0|MO:0|SH:63|WA:63|FT:63,3,"2026-04-27 10:49:22"
524,"792591f4d22e1e292779ff437428f3ac0aca2cc1",LH:58|RH:0|TF:92|LE:0|RE:0|MO:0|SH:0|WA:0|FT:0,2,"2026-04-27 10:49:22"
525,e10966df816b4b3571e0b79e17ca1524eab3ce81,LH:0|RH:0|TF:0|LE:0|RE:0|MO:67|SH:0|WA:67|FT:57,3,"2026-04-27 10:49:22"
526,"50e54da6e286fab018c7cc01f1bca1f1fd3f2c26",LH:67|RH:67|TF:0|LE:0|RE:0|MO:0|SH:0|WA:0|FT:57,3,"2026-04-27 10:49:22"
527,"5401c95b38ad5aa44a3334de528e92d5317274da",LH:0|RH:0|TF:0|LE:0|RE:92|MO:0|SH:0|WA:63|FT:63,3,"2026-04-27 10:49:22"
528,"75405cb7c38f8e4c5209597753d7c579b4ab817a",LH:0|RH:0|TF:0|LE:0|RE:0|MO:0|SH:67|WA:67|FT:0,2,"2026-04-27 10:49:22"
529,efae6a1177d0e92c619c40b2faa732cc53f8bd30,LH:65|RH:65|TF:0|LE:0|RE:0|MO:0|SH:0|WA:56|FT:0,3,"2026-04-27 10:49:22"
530,"1e658201b39dc4150c14c8038dd69598cb400bf1",LH:0|RH:0|TF:0|LE:0|RE:0|MO:67|SH:0|WA:67|FT:60,3,"2026-04-27 10:49:22"
531,"52f647a400deb854b7cecc052e1ec741440eb035",LH:100|RH:100|TF:0|LE:0|RE:0|MO:0|SH:0|WA:0|FT:0,2,"2026-04-27 10:49:22"
532,"975dd51832b65703e7535e80f3330af9f56093d3",LH:0|RH:100|TF:0|LE:0|RE:0|MO:0|SH:0|WA:0|FT:0,1,"2026-04-27 10:49:22"
533,"1deb77a27c0bc8ad62e8aa124c8a906e1165e7d3",LH:73|RH:73|TF:0|LE:0|RE:0|MO:0|SH:27|WA:56|FT:56,5,"2026-04-27 10:49:22"
534,bfa93f93e1109ca0c2f59b7a1d9b9f77ca42107d,LH:63|RH:63|TF:0|LE:0|RE:0|MO:0|SH:0|WA:56|FT:0,3,"2026-04-27 10:49:22"
535,bcec794f348a1e593271ebb7e60b63d55ee505d8,LH:0|RH:0|TF:0|LE:0|RE:0|MO:0|SH:27|WA:0|FT:73,2,"2026-04-27 10:49:22"
536,"869194dafda66d0c4976ef71f1de9f30b943df89",LH:0|RH:0|TF:0|LE:0|RE:0|MO:27|SH:0|WA:60|FT:0,2,"2026-04-27 10:49:22"
537,"4a895792fa833b6eb886c50dc119300855850902",LH:73|RH:67|TF:0|LE:0|RE:0|MO:0|SH:27|WA:0|FT:0,3,"2026-04-27 10:49:22"
538,c9345c020085b43e00598c00f35557bdaff9dbaa,LH:0|RH:0|TF:0|LE:0|RE:0|MO:67|SH:0|WA:26|FT:26,3,"2026-04-27 10:49:22"
539,"07c4e464392d4f7bed5c4c02103e46eaabba6f03",LH:59|RH:59|TF:0|LE:0|RE:0|MO:0|SH:0|WA:63|FT:0,3,"2026-04-27 10:49:22"
540,"38244b27859b4b97312c9927d39a905ae8b5df63",LH:0|RH:0|TF:0|LE:0|RE:0|MO:0|SH:0|WA:67|FT:32,2,"2026-04-27 10:49:22"
541,ff16fafc978cbaf04e859e92aaa4480aeab2149d,LH:44|RH:44|TF:0|LE:0|RE:0|MO:0|SH:0|WA:60|FT:0,3,"2026-04-27 10:49:22"
542,d14f243e900c55cc01f2da1edc900a03fa0235a5,LH:0|RH:0|TF:0|LE:0|RE:0|MO:0|SH:0|WA:0|FT:100,1,"2026-04-27 10:49:22"
543,"24aac02b3a4649074a7419061447e630b59a12f2",LH:0|RH:15|TF:0|LE:0|RE:0|MO:0|SH:0|WA:0|FT:0,1,"2026-04-27 10:49:22"
544,d777aee499dd262f999663c559ab835f810ce31a,LH:50|RH:0|TF:0|LE:0|RE:0|MO:0|SH:0|WA:0|FT:0,1,"2026-04-27 10:49:22"
545,fcb04effa3c972d23e2e93ff3a2522f8216774c8,LH:0|RH:0|TF:0|LE:0|RE:0|MO:27|SH:0|WA:26|FT:26,3,"2026-04-27 10:49:22"
546,"51448abb730a65d3136de8b063cae9904bcf8852",LH:0|RH:58|TF:0|LE:0|RE:0|MO:0|SH:0|WA:56|FT:0,2,"2026-04-27 10:49:22"
547,"2698f143e0775b4cb40f9738d17e426e044e27d5",LH:2|RH:2|TF:0|LE:0|RE:0|MO:0|SH:27|WA:0|FT:0,3,"2026-04-27 10:49:22"
548,f3142ec81ece5f795539f021d3180a6c7e61b432,LH:0|RH:44|TF:0|LE:0|RE:0|MO:0|SH:0|WA:0|FT:0,1,"2026-04-27 10:49:22"
549,"79633aa4e85ba17c73b5752c464f5659ba047561",LH:41|RH:41|TF:0|LE:0|RE:0|MO:0|SH:0|WA:60|FT:0,3,"2026-04-27 10:49:22"
550,"1cca0b2323dbf79b56470df926ce702694f91bc7",LH:57|RH:0|TF:0|LE:0|RE:0|MO:0|SH:0|WA:73|FT:0,2,"2026-04-27 10:49:22"
551,"77a628391929d31a5522b3402302d91bc4cbe3b6",LH:0|RH:14|TF:0|LE:0|RE:0|MO:0|SH:0|WA:0|FT:0,1,"2026-04-27 10:49:22"
552,"29ebb6343591e7652ac0ccec285f17bab741250c",LH:57|RH:57|TF:0|LE:0|RE:0|MO:0|SH:0|WA:63|FT:0,3,"2026-04-27 10:49:22"
553,"5fb239d145f45cfb1d7a7a02e2d0c04460456cfe",LH:60|RH:0|TF:0|LE:0|RE:0|MO:0|SH:0|WA:0|FT:0,1,"2026-04-27 10:49:22"
554,"622ff6b3a56295f2a84a68069df6665e7dbd4e86",LH:0|RH:0|TF:0|LE:0|RE:0|MO:0|SH:0|WA:57|FT:58,2,"2026-04-27 10:49:22"
555,d476384822a0868b3f9a2036d87cd43272ddbdee,LH:63|RH:63|TF:0|LE:0|RE:0|MO:67|SH:0|WA:67|FT:0,4,"2026-04-27 10:49:22"
556,"5cfb51c701160e8ea50b70e26d55d3f45a2559f5",LH:0|RH:63|TF:0|LE:0|RE:0|MO:0|SH:0|WA:56|FT:0,2,"2026-04-27 10:49:22"
557,ca747b5db7aff75ed7e4d1e6406a94e57e3ed9b0,LH:43|RH:43|TF:0|LE:0|RE:0|MO:0|SH:0|WA:0|FT:0,2,"2026-04-27 10:49:22"
558,"88b44c8e7a3da09bf931a7c82b8eebe277851625",LH:0|RH:0|TF:0|LE:76|RE:0|MO:0|SH:0|WA:0|FT:0,1,"2026-04-27 10:49:22"
559,"3489fb6f23fad32045ce0dedd01b4b3aeb1a10d5",LH:59|RH:59|TF:0|LE:63|RE:63|MO:0|SH:63|WA:63|FT:63,7,"2026-04-27 10:49:22"
560,e26dde7b6199ece53cda287b4c2c5bef8796c5cf,LH:110|RH:110|TF:0|LE:0|RE:0|MO:0|SH:0|WA:0|FT:0,2,"2026-04-27 10:49:22"
561,"8c4c7fc9c8bad913427e4e65e97de3bd814f9e15",LH:59|RH:59|TF:0|LE:73|RE:73|MO:0|SH:73|WA:0|FT:0,5,"2026-04-27 10:49:22"
562,"54c39680151194a53a287c51dd757f01b1d8d2b0",LH:0|RH:0|TF:0|LE:67|RE:0|MO:0|SH:0|WA:0|FT:0,1,"2026-04-27 10:49:22"
563,ecb93a9ce79311f3ee84a1dbfd826ef423def594,LH:42|RH:0|TF:0|LE:0|RE:0|MO:0|SH:0|WA:0|FT:0,1,"2026-04-27 10:49:22"
564,"421ffd31efb789500ce09dba16eefee6c7a6501d",LH:0|RH:0|TF:0|LE:0|RE:0|MO:0|SH:0|WA:0|FT:31,1,"2026-04-27 10:49:22"
565,"094c38140cc745e3aa0c30695f058bd3d48374a1",LH:57|RH:57|TF:92|LE:0|RE:0|MO:0|SH:0|WA:0|FT:0,3,"2026-04-27 10:49:22"
566,"60a6418ee45f11686038de8dd25f5d9980f7b104",LH:0|RH:0|TF:0|LE:63|RE:63|MO:0|SH:63|WA:63|FT:0,4,"2026-04-27 10:49:22"
567,a552afad808a81af0664aa026ccf4a424ded69e8,LH:92|RH:92|TF:0|LE:0|RE:0|MO:0|SH:0|WA:63|FT:0,3,"2026-04-27 10:49:22"
568,"51e4667153cf5de9e916187fcae71233fdc96109",LH:73|RH:56|TF:0|LE:0|RE:0|MO:0|SH:0|WA:0|FT:0,2,"2026-04-27 10:49:22"
569,c298ad6d4380e00294514364faa0439269bc5b8b,LH:0|RH:0|TF:0|LE:0|RE:0|MO:67|SH:0|WA:67|FT:63,3,"2026-04-27 10:49:22"
570,"81422dfca09995bc73900d8aaaed48bda211b8a7",LH:0|RH:0|TF:0|LE:0|RE:0|MO:0|SH:0|WA:57|FT:63,2,"2026-04-27 10:49:22"
571,"7a1eff2f8fca981e18c1bed76e3b7aa668f3ac98",LH:46|RH:46|TF:0|LE:0|RE:0|MO:0|SH:0|WA:0|FT:0,2,"2026-04-27 10:49:22"
572,df916a2e29de5e49f64bf16249d21d8f08368ee9,LH:59|RH:59|TF:92|LE:0|RE:0|MO:0|SH:0|WA:0|FT:0,3,"2026-04-27 10:49:22"
573,be878c43273dbceb0d687522ef02c3d8b1dc8596,LH:45|RH:47|TF:0|LE:0|RE:0|MO:0|SH:0|WA:0|FT:0,2,"2026-04-27 10:49:22"
574,"9999887596f683de0ba8a60cd650722f6ab46c37",LH:0|RH:0|TF:0|LE:0|RE:0|MO:0|SH:26|WA:0|FT:0,1,"2026-04-27 10:49:22"
575,"6eb55aea802484d2db60f31d526767ef263658ba",LH:0|RH:0|TF:0|LE:0|RE:73|MO:0|SH:73|WA:73|FT:0,3,"2026-04-27 10:49:22"
576,"1f1e21e3aab3ac9d98d7448a0b62d2d66d9a2897",LH:67|RH:60|TF:0|LE:0|RE:0|MO:0|SH:0|WA:56|FT:0,3,"2026-04-27 10:49:22"
577,ab0ae418c34839f3456e189fe9274b880edefbfc,LH:24|RH:24|TF:0|LE:0|RE:0|MO:0|SH:0|WA:24|FT:0,3,"2026-04-27 10:49:22"
578,f8812d031e01897da114026536b3f288038172b2,LH:0|RH:0|TF:0|LE:0|RE:0|MO:0|SH:0|WA:86|FT:0,1,"2026-04-27 10:49:22"
579,"8ecf64a20ca25a4a5ebe3c4c9317d64eb76bdbc6",LH:67|RH:0|TF:0|LE:0|RE:0|MO:0|SH:0|WA:63|FT:63,3,"2026-04-27 10:49:22"
580,"2bfec44d04441b51828ad068ecd977fa38d3fa31",LH:0|RH:0|TF:0|LE:0|RE:0|MO:0|SH:0|WA:63|FT:67,2,"2026-04-27 10:49:22"
581,"31211aa683c25e77fff039e5e245460a79e3fb9c",LH:0|RH:63|TF:0|LE:0|RE:0|MO:0|SH:0|WA:67|FT:0,2,"2026-04-27 10:49:22"
582,c81c81dbe8ea6b203d0c795fc35eddeef65249f1,LH:41|RH:56|TF:0|LE:0|RE:0|MO:0|SH:0|WA:56|FT:0,3,"2026-04-27 10:49:22"
583,"486fb050e9a63d16ef94f1a7c7f55a803a12838b",LH:28|RH:0|TF:0|LE:0|RE:0|MO:0|SH:0|WA:0|FT:0,1,"2026-04-27 10:49:22"
584,"3d564617c299cd8b5bd3447c526c40e06589de91",LH:65|RH:65|TF:0|LE:0|RE:0|MO:0|SH:0|WA:0|FT:0,2,"2026-04-27 10:49:22"
585,"56c129c342a623684cc08d52b0ebe256c6c3fb8f",LH:57|RH:41|TF:0|LE:0|RE:0|MO:0|SH:0|WA:0|FT:0,2,"2026-04-27 10:49:22"
586,"7966f0c9d23292082f93ce6441160cebed817e17",LH:95|RH:0|TF:0|LE:0|RE:0|MO:0|SH:0|WA:0|FT:0,1,"2026-04-27 10:49:22"
587,e3fdcf068922146a5094f297402e0a41a49d8a14,LH:56|RH:76|TF:0|LE:0|RE:0|MO:0|SH:0|WA:0|FT:0,2,"2026-04-27 10:49:22"
588,b5d3d28ce65a6cb3f6c43fec91c15d83cc62892f,LH:0|RH:0|TF:0|LE:0|RE:0|MO:0|SH:27|WA:63|FT:63,3,"2026-04-27 10:49:22"
589,"8b373199162122a078ca57bd5df8c26be7ebfe37",LH:41|RH:41|TF:0|LE:0|RE:0|MO:0|SH:13|WA:0|FT:0,3,"2026-04-27 10:49:22"
590,"843d11fb7c197e1ab320509dbb97c0d1a34165d8",LH:67|RH:0|TF:0|LE:0|RE:0|MO:0|SH:0|WA:0|FT:63,2,"2026-04-27 10:49:22"
591,"3c4a0b17e85d72b1b0d572919479d7988a73d4ff",LH:56|RH:56|TF:0|LE:0|RE:0|MO:0|SH:0|WA:63|FT:63,4,"2026-04-27 10:49:22"
592,"3ee4c7a012e4d4ad0fc28d64edb1a9db73d5682f",LH:0|RH:8|TF:0|LE:0|RE:0|MO:0|SH:0|WA:0|FT:0,1,"2026-04-27 10:49:22"
593,"4756570e5ffd643fc4a0712d3f8e1d3523e1b567",LH:0|RH:0|TF:0|LE:101|RE:101|MO:0|SH:101|WA:101|FT:0,4,"2026-04-27 10:49:22"
594,"8ceb10e21e520306ac814ddcc8568bde5f0b7c08",LH:73|RH:73|TF:0|LE:0|RE:0|MO:0|SH:0|WA:0|FT:24,3,"2026-04-27 10:49:22"
595,"47428da73b3ce9550bb9fa5e98c07ac8b0f41654",LH:1|RH:0|TF:0|LE:0|RE:0|MO:0|SH:27|WA:0|FT:0,2,"2026-04-27 10:49:22"
596,"8aa6f836b3036a3a355a6e0e47204ee13a26b8ea",LH:0|RH:0|TF:0|LE:0|RE:63|MO:0|SH:63|WA:63|FT:63,4,"2026-04-27 10:49:22"
597,d4e23c90c259dbe514009c71570616aa0e20f708,LH:59|RH:59|TF:0|LE:0|RE:0|MO:0|SH:0|WA:67|FT:0,3,"2026-04-27 10:49:22"
598,"0378e5cf6c8d3153327f826188bb4bf9478e49af",LH:92|RH:92|TF:0|LE:0|RE:0|MO:0|SH:0|WA:59|FT:59,4,"2026-04-27 10:49:22"
599,"4aba7a6ee029e46963418280465e603e9d4a2df0",LH:73|RH:73|TF:0|LE:0|RE:0|MO:0|SH:13|WA:0|FT:0,3,"2026-04-27 10:49:22"
600,c4c34b1976250d84f9557fc6bf873a6c5ffac597,LH:0|RH:0|TF:0|LE:0|RE:0|MO:73|SH:0|WA:73|FT:0,2,"2026-04-27 10:49:22"
601,"85d7797f84ad1c70c4732547e7ed5f2f71f2b4a8",LH:67|RH:0|TF:0|LE:0|RE:0|MO:0|SH:26|WA:26|FT:0,3,"2026-04-27 10:49:22"
602,e2017bc30ec3975f158bc70a41cc9189d50063c3,LH:0|RH:0|TF:0|LE:0|RE:0|MO:0|SH:0|WA:60|FT:40,2,"2026-04-27 10:49:22"
603,"5cc03f5761ac03d6c47d66382efdf6708960b77f",LH:0|RH:97|TF:0|LE:0|RE:0|MO:0|SH:0|WA:0|FT:0,1,"2026-04-27 10:49:22"
604,a7393b53282bfc52fc8f923e61f3ca7ddc7e6555,LH:39|RH:0|TF:0|LE:0|RE:0|MO:0|SH:0|WA:0|FT:0,1,"2026-04-27 10:49:22"
605,"94462640426fcbf784433f7388a4f51eddbad387",LH:0|RH:0|TF:92|LE:92|RE:92|MO:0|SH:0|WA:0|FT:0,3,"2026-04-27 10:49:22"
606,"9645483de18536c14d8c205265da8a69b7d8e260",LH:0|RH:0|TF:0|LE:0|RE:101|MO:0|SH:0|WA:0|FT:0,1,"2026-04-27 10:49:22"
607,"7974154a964d3ce9d268270615989490e277c6a7",LH:56|RH:73|TF:0|LE:0|RE:0|MO:0|SH:0|WA:56|FT:0,3,"2026-04-27 10:49:22"
608,f1f6fc862d73dba07c0aca835e63b0cd410bb640,LH:0|RH:0|TF:0|LE:0|RE:0|MO:40|SH:0|WA:0|FT:40,2,"2026-04-27 10:49:22"
609,"00bee4a0103967e73f0ad39d451b440e4e217c9b",LH:56|RH:56|TF:0|LE:0|RE:0|MO:0|SH:0|WA:67|FT:67,4,"2026-04-27 10:49:22"
610,"4415977bb86f94fc8ddc099f925c8729f5296a89",LH:0|RH:42|TF:0|LE:0|RE:0|MO:0|SH:0|WA:0|FT:0,1,"2026-04-27 10:49:22"
611,b39f61b636cd53a499c45925386e0f0e96167097,LH:0|RH:0|TF:0|LE:0|RE:0|MO:0|SH:0|WA:0|FT:97,1,"2026-04-27 10:49:22"
612,"012d70f69c32b85a1c534378c87b23805dc13aa7",LH:0|RH:0|TF:92|LE:0|RE:0|MO:0|SH:0|WA:0|FT:0,1,"2026-04-27 10:49:22"
613,"7dabcbdd6690c9f3f081beae07750c6b9fadeb2a",LH:0|RH:0|TF:0|LE:0|RE:0|MO:41|SH:0|WA:0|FT:56,2,"2026-04-27 10:49:22"
614,"6d5b5ca3ae386e8a46d303d29551d0109331ab38",LH:67|RH:0|TF:0|LE:0|RE:0|MO:0|SH:0|WA:24|FT:0,2,"2026-04-27 10:49:22"
615,"2458bcc09d22cbb99c72b2c3b65e0b7d0ad7b8df",LH:67|RH:67|TF:0|LE:0|RE:0|MO:0|SH:24|WA:24|FT:0,4,"2026-04-27 10:49:22"
616,"04a7c96b5c7f64e249e60474b9c129b88d24666d",LH:60|RH:67|TF:0|LE:0|RE:0|MO:0|SH:0|WA:0|FT:0,2,"2026-04-27 10:49:22"
617,"55f3c63f2127f114b6423f4b03737ac4b8eba776",LH:0|RH:0|TF:0|LE:0|RE:0|MO:67|SH:0|WA:60|FT:0,2,"2026-04-27 10:49:22"
618,d2836f0c6e7e7ce0d1d53fbc794fa51aa6805409,LH:58|RH:63|TF:0|LE:0|RE:0|MO:0|SH:0|WA:0|FT:0,2,"2026-04-27 10:49:22"
619,ab79e5ff135b8427f6d07ed31c9b11e2e9e0335d,LH:0|RH:0|TF:0|LE:0|RE:0|MO:0|SH:0|WA:63|FT:58,2,"2026-04-27 10:49:22"
620,"90c95ea52cff9c3d9f871c1d72a6a5e064af46f1",LH:0|RH:0|TF:0|LE:0|RE:0|MO:41|SH:0|WA:0|FT:63,2,"2026-04-27 10:49:22"
621,"2b297072ab40bfd08b4a71ff33fcaa801a2950e7",LH:0|RH:74|TF:0|LE:0|RE:0|MO:0|SH:27|WA:0|FT:0,2,"2026-04-27 10:49:22"
622,e66bf4a17edfccd614ed58cde19d90f829069bf5,LH:0|RH:0|TF:0|LE:67|RE:0|MO:0|SH:67|WA:63|FT:63,4,"2026-04-27 10:49:22"
623,"471656d2ad3a48396afc0d87da9ce7ed1ac9586c",LH:41|RH:63|TF:0|LE:0|RE:0|MO:67|SH:0|WA:0|FT:0,3,"2026-04-27 10:49:22"
624,cef6deb9cdeba9f58fc401e3a5196f4afb79bb9c,LH:58|RH:0|TF:0|LE:0|RE:0|MO:0|SH:0|WA:0|FT:58,2,"2026-04-27 10:49:22"
625,"5d4cfb53bee983f8096c24d4964d9c5f9f1581a1",LH:0|RH:0|TF:0|LE:0|RE:0|MO:73|SH:0|WA:63|FT:63,3,"2026-04-27 10:49:22"
626,"623fcb80a2e559a1d0221bcab111dd8fce5545f9",LH:0|RH:0|TF:0|LE:41|RE:0|MO:0|SH:0|WA:0|FT:0,1,"2026-04-27 10:49:22"
627,edfb628a57f45312f589854b596de10bd7a1d03b,LH:86|RH:0|TF:0|LE:0|RE:0|MO:0|SH:0|WA:0|FT:0,1,"2026-04-27 10:49:22"
628,"761f2a03740a431edbd8c9371274b8a9c05ea992",LH:0|RH:0|TF:0|LE:0|RE:0|MO:105|SH:0|WA:105|FT:0,2,"2026-04-27 10:49:22"
629,"8e01a92236f2cd70c9fae81f880730961c4c2d8e",LH:25|RH:25|TF:0|LE:0|RE:0|MO:41|SH:0|WA:0|FT:0,3,"2026-04-27 10:49:22"
630,ed975672e9bdb12c85e92bf81fa0b1d8312184ec,LH:0|RH:0|TF:0|LE:0|RE:0|MO:105|SH:105|WA:105|FT:0,3,"2026-04-27 10:49:22"
631,"4284bef043ce86a35655580df578342783f1b424",LH:67|RH:0|TF:0|LE:0|RE:0|MO:0|SH:0|WA:56|FT:56,3,"2026-04-27 10:49:22"
632,"24a5251b27fd3da34a2bf03a288cc0d9bb3ee401",LH:0|RH:0|TF:0|LE:0|RE:0|MO:67|SH:67|WA:0|FT:0,2,"2026-04-27 10:49:22"
633,b6d3beb03beb8107d380cc44ce438085293e3672,LH:2|RH:2|TF:0|LE:0|RE:0|MO:0|SH:0|WA:26|FT:0,3,"2026-04-27 10:49:22"
634,"0765bd189d25c265e9786be396df51f9e9aa20fd",LH:0|RH:0|TF:0|LE:0|RE:0|MO:0|SH:13|WA:0|FT:0,1,"2026-04-27 10:49:22"
635,"5ec05af75bef383bbad954b7489b9f3a86633863",LH:0|RH:0|TF:0|LE:63|RE:63|MO:0|SH:63|WA:63|FT:63,5,"2026-04-27 10:49:22"
636,c1af9fd03856882d3799b0c561ecd671e28b0483,LH:0|RH:0|TF:0|LE:0|RE:0|MO:54|SH:0|WA:0|FT:0,1,"2026-04-27 10:49:22"
637,d92ffd99c88a5cb1937cb71cf2bf3fd8434ab607,LH:0|RH:0|TF:0|LE:0|RE:0|MO:45|SH:0|WA:0|FT:45,2,"2026-04-27 10:49:22"
638,e0e79d29150b28088730b223e54d7b7bd86143e0,LH:41|RH:56|TF:0|LE:0|RE:0|MO:0|SH:0|WA:60|FT:0,3,"2026-04-27 10:49:22"
639,cc1d91d6dd77540284a38593e6021edf9a81d2ea,LH:41|RH:0|TF:0|LE:0|RE:0|MO:0|SH:0|WA:56|FT:0,2,"2026-04-27 10:49:22"
640,"3b5e18b5668d708f0fc789aa8fc2a97e2b3794cc",LH:60|RH:60|TF:0|LE:0|RE:0|MO:0|SH:63|WA:63|FT:0,4,"2026-04-27 10:49:22"
641,eb7bcc8d8ef78dd8445b4531030101891efa6392,LH:54|RH:0|TF:0|LE:0|RE:0|MO:0|SH:0|WA:0|FT:0,1,"2026-04-27 10:49:22"
642,"4f8aa71b2515a7c06fc4c842454374958ee2d8df",LH:0|RH:0|TF:0|LE:0|RE:0|MO:53|SH:0|WA:0|FT:0,1,"2026-04-27 10:49:22"
643,"99c039c1bd17217a1ee9d2a2f85f242ba2c821a6",LH:67|RH:41|TF:0|LE:0|RE:0|MO:0|SH:0|WA:56|FT:0,3,"2026-04-27 10:49:22"
644,ccbe7183159d7ba9919be82a719a2c62a9531a03,LH:0|RH:0|TF:0|LE:0|RE:0|MO:24|SH:27|WA:0|FT:0,2,"2026-04-27 10:49:22"
645,"162a34d106e5a051027b7d4dfc887d0401dce1b7",LH:41|RH:0|TF:0|LE:0|RE:0|MO:0|SH:27|WA:0|FT:0,2,"2026-04-27 10:49:22"
646,f2e7a422a51c2aa299379375ae3247fc8a1385a6,LH:104|RH:104|TF:0|LE:0|RE:0|MO:0|SH:0|WA:0|FT:0,2,"2026-04-27 10:49:22"
647,"0a9e6e82fc494df8cf2d1f79efb0916ab693fd42",LH:2|RH:2|TF:0|LE:0|RE:0|MO:0|SH:0|WA:67|FT:67,4,"2026-04-27 10:49:22"
648,"34fcc2ab407b471a1e1c5c01d8c3b1e4b7021ff1",LH:0|RH:58|TF:0|LE:0|RE:0|MO:67|SH:0|WA:0|FT:0,2,"2026-04-27 10:49:22"
649,b53476edf2af1579dd59344469e4b6d14e7d5f0d,LH:77|RH:77|TF:0|LE:0|RE:0|MO:0|SH:0|WA:0|FT:0,2,"2026-04-27 10:49:22"
650,"57e4aae0389b9414ebddb7c13984598046afa8e3",LH:67|RH:0|TF:0|LE:0|RE:0|MO:27|SH:0|WA:0|FT:0,2,"2026-04-27 10:49:22"
651,"0233d200b165cdf7d8891443501937c785ac840e",LH:2|RH:2|TF:0|LE:0|RE:0|MO:0|SH:0|WA:26|FT:26,4,"2026-04-27 10:49:22"
652,ca8cb9006154b88892443cd751f625226d710f4c,LH:63|RH:57|TF:0|LE:0|RE:0|MO:0|SH:0|WA:0|FT:0,2,"2026-04-27 10:49:22"
653,"27997b4beaddc85fd73dcc729edcb0d50c6b91fe",LH:0|RH:0|TF:0|LE:0|RE:0|MO:0|SH:0|WA:103|FT:103,2,"2026-04-27 10:49:22"
654,"5978c0dd6355e0f551346adc3647e315d0aeca02",LH:41|RH:79|TF:0|LE:0|RE:0|MO:0|SH:0|WA:0|FT:0,2,"2026-04-27 10:49:22"
655,"1951af74a7483a8248fc08af7e904b8c42e7def0",LH:0|RH:56|TF:0|LE:0|RE:0|MO:0|SH:0|WA:56|FT:56,3,"2026-04-27 10:49:22"
656,a2f998e9c48aee06534004718a88853ac047a54e,LH:0|RH:67|TF:0|LE:0|RE:0|MO:41|SH:0|WA:63|FT:0,3,"2026-04-27 10:49:22"
657,"7dfddfa3200fbf0e70e147ba50ecfee76583832a",LH:0|RH:67|TF:0|LE:0|RE:0|MO:67|SH:0|WA:0|FT:0,2,"2026-04-27 10:49:22"
658,"228e89ad1774ce261c1a0bea5737e03fdb51b29f",LH:0|RH:92|TF:0|LE:0|RE:0|MO:0|SH:0|WA:67|FT:0,2,"2026-04-27 10:49:22"
659,d91fab0b7cd7ca8e3515958b4dd2bb60500f2539,LH:0|RH:35|TF:0|LE:0|RE:0|MO:0|SH:0|WA:0|FT:0,1,"2026-04-27 10:49:22"
660,a0ba8343c0bbefb1ad561376c23bbc641f0368fa,LH:8|RH:67|TF:0|LE:0|RE:0|MO:0|SH:0|WA:0|FT:0,2,"2026-04-27 10:49:22"
661,"76a2ff92a6c31bc89c9fd92fee6b90ded607dd9c",LH:0|RH:0|TF:0|LE:0|RE:0|MO:45|SH:0|WA:60|FT:0,2,"2026-04-27 10:49:22"
662,ffdfd0a231a7b4eed1804a82c25896deb39fe57d,LH:0|RH:41|TF:0|LE:0|RE:0|MO:41|SH:0|WA:0|FT:0,2,"2026-04-27 10:49:22"
663,"3ec83c3eedfaf879c5411ddc9dd04a3fea92d2ba",LH:0|RH:0|TF:92|LE:0|RE:0|MO:0|SH:0|WA:67|FT:0,2,"2026-04-27 10:49:22"
664,"9b855742d57268197506e491f10b97b03acb092f",LH:36|RH:0|TF:0|LE:0|RE:0|MO:0|SH:27|WA:0|FT:0,2,"2026-04-27 10:49:22"
665,ec6640151f6bb92851aa1710e5289aebdd51c8e1,LH:2|RH:2|TF:0|LE:0|RE:0|MO:0|SH:0|WA:28|FT:0,3,"2026-04-27 10:49:22"
666,"571e345c527644d3d94484b251f2dab15d773593",LH:0|RH:0|TF:0|LE:0|RE:0|MO:0|SH:0|WA:26|FT:63,2,"2026-04-27 10:49:22"
667,b7af662235de6517166ae7a82a8d62887133a52c,LH:60|RH:60|TF:0|LE:0|RE:0|MO:55|SH:0|WA:55|FT:0,4,"2026-04-27 10:49:22"
668,"39df2890e51e82d39f0f1431880bdca6ca45e714",LH:0|RH:0|TF:0|LE:0|RE:0|MO:43|SH:0|WA:0|FT:0,1,"2026-04-27 10:49:22"
669,"47101f3b5388f1598fa68db1f6761a7d3fb7e9b9",LH:0|RH:65|TF:0|LE:0|RE:0|MO:0|SH:0|WA:0|FT:0,1,"2026-04-27 10:49:22"
670,fbe1b89ee55fefbd469647b5c7076fcb7afec210,LH:0|RH:0|TF:0|LE:101|RE:101|MO:0|SH:101|WA:101|FT:101,5,"2026-04-27 10:49:22"
671,"2ede6112507209ba53802f455ab095aa73538b7c",LH:0|RH:0|TF:0|LE:0|RE:0|MO:0|SH:97|WA:97|FT:97,3,"2026-04-27 10:49:22"
672,fe4577ca65a31ccf26e44d6cae7996fe829d10c7,LH:0|RH:0|TF:0|LE:97|RE:0|MO:0|SH:97|WA:97|FT:97,4,"2026-04-27 10:49:22"
673,b79f8b01c8d844823aa2db1c19fe285c5afaeb56,LH:92|RH:92|TF:0|LE:0|RE:0|MO:0|SH:0|WA:67|FT:0,3,"2026-04-27 10:49:22"
674,"0c2974ca12b9fe66b504895fdcf425c40f276fe8",LH:0|RH:58|TF:0|LE:0|RE:0|MO:41|SH:0|WA:0|FT:0,2,"2026-04-27 10:49:22"
675,"8fd375f3784bdd5947eb747711f7f6f8077014a1",LH:41|RH:41|TF:0|LE:0|RE:0|MO:0|SH:0|WA:0|FT:63,3,"2026-04-27 10:49:22"
676,"356bb08c76580c8d2d0fef1003dda6370f99b76c",LH:74|RH:56|TF:0|LE:0|RE:0|MO:0|SH:0|WA:0|FT:0,2,"2026-04-27 10:49:22"
677,"4cb14c68213aa251c710d91623b7b08b5b181e94",LH:6|RH:6|TF:0|LE:0|RE:0|MO:67|SH:0|WA:0|FT:0,3,"2026-04-27 10:49:22"
678,"9f5f9eb3b780bc1a632c896253f6fa2a2a722d42",LH:90|RH:0|TF:0|LE:0|RE:0|MO:0|SH:0|WA:0|FT:0,1,"2026-04-27 10:49:22"
679,"0b2e20ca8a0c5187dfa9c24a43ac230de1dcd3ab",LH:42|RH:42|TF:0|LE:0|RE:0|MO:45|SH:0|WA:0|FT:0,3,"2026-04-27 10:49:22"
680,"1d65057a4fcb4df007530685c6671f27e415cc6d",LH:56|RH:45|TF:0|LE:0|RE:0|MO:0|SH:0|WA:0|FT:0,2,"2026-04-27 10:49:22"
681,"74006748fc9b089ff51c12217de13f428614223c",LH:79|RH:0|TF:0|LE:0|RE:0|MO:0|SH:0|WA:0|FT:0,1,"2026-04-27 10:49:22"
682,f254c4a84f9706342cd91fc49e03fa9ecf5b31dc,LH:0|RH:43|TF:0|LE:0|RE:0|MO:0|SH:0|WA:0|FT:0,1,"2026-04-27 10:49:22"
683,dfbba5de97826139a4de15802f1f89f254657efe,LH:63|RH:63|TF:0|LE:0|RE:0|MO:0|SH:0|WA:0|FT:56,3,"2026-04-27 10:49:22"
684,"22d3fc689ecd91e03f917e6bc0ea4621bd536276",LH:0|RH:0|TF:0|LE:0|RE:0|MO:0|SH:105|WA:105|FT:0,2,"2026-04-27 10:49:22"
685,"3fc34a1edb4f14bdee8dd162ce8c70074772cfb7",LH:59|RH:59|TF:0|LE:0|RE:73|MO:0|SH:0|WA:73|FT:0,4,"2026-04-27 10:49:22"
686,"783a9cc583e47a9a2511ef3349f44f66b58cd023",LH:104|RH:0|TF:0|LE:0|RE:0|MO:0|SH:0|WA:0|FT:0,1,"2026-04-27 10:49:22"
687,a0b2a09a586466ffbd85cc00bce0c180803c87f8,LH:63|RH:47|TF:0|LE:0|RE:0|MO:0|SH:0|WA:0|FT:0,2,"2026-04-27 10:49:22"
688,"766cc39f553348b53384d0b48ea33c1fed054594",LH:58|RH:0|TF:0|LE:0|RE:0|MO:0|SH:0|WA:67|FT:0,2,"2026-04-27 10:49:22"
689,d414ca282891c0103a46c86777171a1b06c478d4,LH:57|RH:57|TF:0|LE:0|RE:0|MO:67|SH:0|WA:63|FT:0,4,"2026-04-27 10:49:22"
690,eb46eb1e3eca99f6659856a3feb9ed90b6ed28cd,LH:50|RH:50|TF:0|LE:0|RE:0|MO:0|SH:0|WA:0|FT:0,2,"2026-04-27 10:49:22"
691,"472416f3f1d82295ce75346f191b9574da1a9cee",LH:0|RH:0|TF:0|LE:0|RE:0|MO:41|SH:0|WA:67|FT:0,2,"2026-04-27 10:49:22"
692,bd87b1f79fa345898296f65547d8d304ee385f29,LH:0|RH:0|TF:0|LE:0|RE:0|MO:0|SH:0|WA:104|FT:104,2,"2026-04-27 10:49:22"
693,"449647b0acd027f444e0341013da23df1eb276ca",LH:104|RH:104|TF:0|LE:0|RE:0|MO:0|SH:0|WA:104|FT:0,3,"2026-04-27 10:49:22"
694,ec015faaff9c9e0150ffcb94b5077b966039ded2,LH:0|RH:67|TF:0|LE:0|RE:0|MO:0|SH:0|WA:56|FT:0,2,"2026-04-27 10:49:22"
695,e5f178ef487bfa0ad32e0e0fa23034a26a3deea7,LH:0|RH:92|TF:0|LE:0|RE:0|MO:0|SH:0|WA:67|FT:67,3,"2026-04-27 10:49:22"
696,d7b208dfbc09ac7759523e67eeaeb971e8d41027,LH:0|RH:0|TF:92|LE:0|RE:0|MO:0|SH:92|WA:67|FT:67,4,"2026-04-27 10:49:22"
697,"6be63f0f6e278c3fe21c0529c15d685e92b588fa",LH:67|RH:92|TF:0|LE:0|RE:0|MO:0|SH:0|WA:0|FT:0,2,"2026-04-27 10:49:22"
698,a2a69fcae7319ef1324209c21cefeccabd5fcd3f,LH:0|RH:0|TF:0|LE:0|RE:0|MO:0|SH:0|WA:73|FT:56,2,"2026-04-27 10:49:22"
699,"9587c912699aed7f9d0757fc7d76bdf77f858d1d",LH:73|RH:73|TF:0|LE:0|RE:0|MO:0|SH:0|WA:56|FT:0,3,"2026-04-27 10:49:22"
700,"87383e33868ca108dfc8974dca4a8f6b14206d7a",LH:0|RH:0|TF:0|LE:0|RE:0|MO:0|SH:0|WA:60|FT:63,2,"2026-04-27 10:49:22"
701,dcfbadbea0589e9ea273be7b369c60dc8e2627d5,LH:0|RH:0|TF:0|LE:0|RE:0|MO:25|SH:0|WA:25|FT:25,3,"2026-04-27 10:49:22"
702,"3fe4274447e73d9395122f57b1e794d7810d25be",LH:0|RH:0|TF:0|LE:0|RE:0|MO:0|SH:0|WA:56|FT:58,2,"2026-04-27 10:49:22"
703,c4b1d6e235b87624c34ec77b7b592eae23ae42bd,LH:58|RH:57|TF:0|LE:0|RE:0|MO:0|SH:0|WA:63|FT:0,3,"2026-04-27 10:49:22"
704,cb429a6bb526a97778b8ed4eac5dc0b52f65fb5f,LH:0|RH:0|TF:0|LE:0|RE:0|MO:27|SH:0|WA:0|FT:63,2,"2026-04-27 10:49:22"
705,"1a49bcb358a7a62bcf34bcdc427c70e727627c9f",LH:67|RH:41|TF:0|LE:0|RE:0|MO:0|SH:27|WA:0|FT:0,3,"2026-04-27 10:49:22"
706,"19037d06fb7771d52b64e336f2ec90c02cde3630",LH:0|RH:0|TF:0|LE:0|RE:0|MO:0|SH:0|WA:25|FT:0,1,"2026-04-27 10:49:22"
707,"62ad1d35d132ed4b25dfcdf97793e63a00be8950",LH:63|RH:63|TF:0|LE:0|RE:0|MO:0|SH:0|WA:0|FT:26,3,"2026-04-27 10:49:22"
708,"3f4a44a9c29cc8ca5cfbae21a473f5a19fac0630",LH:63|RH:41|TF:0|LE:0|RE:0|MO:0|SH:0|WA:0|FT:0,2,"2026-04-27 10:49:22"
709,"7580fc404222b3683ba47bd15cd3c6643e2b5504",LH:57|RH:57|TF:0|LE:0|RE:0|MO:63|SH:0|WA:63|FT:0,4,"2026-04-27 10:49:22"
710,e97823a5a040b3ed28df31b2b426eea867ea8ccc,LH:48|RH:48|TF:0|LE:0|RE:0|MO:0|SH:0|WA:0|FT:0,2,"2026-04-27 10:49:22"
711,f7c72cd35c21716dba2a7e3e1e9338dc393313f3,LH:63|RH:63|TF:0|LE:0|RE:0|MO:0|SH:0|WA:0|FT:41,3,"2026-04-27 10:49:22"
712,"4d2b6ad745c0409a6244ba9cb96bb96c541126db",LH:67|RH:67|TF:0|LE:0|RE:0|MO:0|SH:26|WA:26|FT:0,4,"2026-04-27 10:49:22"
713,e7cba7cefe14ceaf234f29c475f38b424f3dc40c,LH:0|RH:0|TF:0|LE:67|RE:0|MO:0|SH:67|WA:67|FT:0,3,"2026-04-27 10:49:22"
714,"9e3c653cd5467522cd052b714301f3783645315d",LH:92|RH:0|TF:0|LE:0|RE:0|MO:0|SH:0|WA:0|FT:0,1,"2026-04-27 10:49:22"
715,f449a3f51229054733266ee05c848a26302b3ce4,LH:0|RH:67|TF:0|LE:0|RE:0|MO:0|SH:0|WA:0|FT:63,2,"2026-04-27 10:49:22"
716,"80ca6aeeb7d390783480ac6400548436691be31e",LH:92|RH:92|TF:0|LE:0|RE:0|MO:0|SH:63|WA:63|FT:63,5,"2026-04-27 10:49:22"
717,"07452d7070c513175b13e4079c6d2593bae8d5fd",LH:0|RH:67|TF:0|LE:0|RE:0|MO:0|SH:0|WA:56|FT:56,3,"2026-04-27 10:49:22"
718,"260721f8d6f81039feda123828682749fb169df3",LH:0|RH:0|TF:0|LE:0|RE:0|MO:63|SH:0|WA:0|FT:63,2,"2026-04-27 10:49:22"
719,"922528f30a078c2d3e8118a65fec89a5c57b5970",LH:0|RH:0|TF:0|LE:0|RE:0|MO:98|SH:0|WA:98|FT:0,2,"2026-04-27 10:49:22"
720,e31ded498a4f75e2d54bbd65144dde4a208c2aca,LH:0|RH:0|TF:0|LE:0|RE:0|MO:47|SH:0|WA:0|FT:0,1,"2026-04-27 10:49:22"
721,"41efea7b1008f8b65a0945d58431422eab3d9d44",LH:56|RH:56|TF:0|LE:0|RE:0|MO:0|SH:0|WA:73|FT:73,4,"2026-04-27 10:49:22"
722,"3023f99e58d08e0a61c8222b9d716d424f43a61a",LH:0|RH:0|TF:0|LE:0|RE:0|MO:52|SH:0|WA:0|FT:0,1,"2026-04-27 10:49:22"
723,"525839546638c3e9769ef5133a4892b3d9a1d508",LH:73|RH:60|TF:0|LE:0|RE:0|MO:0|SH:0|WA:0|FT:0,2,"2026-04-27 10:49:22"
724,c182ab4d71c25fdb2269e951f05a26a733d3a462,LH:60|RH:60|TF:0|LE:0|RE:0|MO:41|SH:0|WA:63|FT:0,4,"2026-04-27 10:49:22"
725,"2d089d8e56eb6913819897754f3eccadc9c3747a",LH:63|RH:63|TF:0|LE:0|RE:0|MO:0|SH:0|WA:0|FT:58,3,"2026-04-27 10:49:22"
726,"4bfe64044132f31a844c5c58af306f9fc09e39e0",LH:67|RH:54|TF:0|LE:0|RE:0|MO:0|SH:0|WA:0|FT:0,2,"2026-04-27 10:49:22"
727,bfd5fd3b7548de7caeca46ce8f1cc4ae0d9081f3,LH:95|RH:67|TF:0|LE:0|RE:0|MO:0|SH:0|WA:0|FT:0,2,"2026-04-27 10:49:22"
728,"1cad3fc0fd3f7ef7e867e8e27d23d6f93ec5f4cf",LH:95|RH:63|TF:0|LE:0|RE:0|MO:0|SH:0|WA:0|FT:0,2,"2026-04-27 10:49:22"
729,"55f5d34a15c7bad7c8a9a9b954f010e7151f2492",LH:57|RH:57|TF:0|LE:0|RE:0|MO:0|SH:95|WA:63|FT:0,4,"2026-04-27 10:49:22"
730,c0564edab16f64919b6047d373511e3a19bdebf1,LH:56|RH:0|TF:0|LE:0|RE:0|MO:0|SH:0|WA:63|FT:0,2,"2026-04-27 10:49:22"
731,"516334fca95a02afbdf3e8d82dbef5880d70ec5b",LH:63|RH:0|TF:0|LE:0|RE:0|MO:0|SH:0|WA:56|FT:0,2,"2026-04-27 10:49:22"
732,fae81be24d18a972108857cefeda95bda21b8040,LH:67|RH:67|TF:0|LE:0|RE:0|MO:0|SH:63|WA:0|FT:0,3,"2026-04-27 10:49:22"
733,cea5236a9c0763eecce55e56f717b55543b91489,LH:67|RH:95|TF:0|LE:0|RE:0|MO:0|SH:0|WA:0|FT:0,2,"2026-04-27 10:49:22"
734,"5c014961ce14dc3961c840e6c3d5833339b32b61",LH:0|RH:95|TF:0|LE:0|RE:0|MO:0|SH:0|WA:0|FT:0,1,"2026-04-27 10:49:22"
735,bccef414fb6b502ff075e8cd08026ccfcf4de45b,LH:0|RH:0|TF:0|LE:0|RE:0|MO:95|SH:0|WA:95|FT:0,2,"2026-04-27 10:49:22"
736,"9e01b995595076317437e6230936f98e88b6239d",LH:34|RH:0|TF:0|LE:0|RE:0|MO:0|SH:0|WA:0|FT:0,1,"2026-04-27 10:49:22"
737,"3fee3afa5dfcce571c4fe90bbc19884ed6dfd3ae",LH:79|RH:67|TF:0|LE:0|RE:0|MO:0|SH:0|WA:0|FT:0,2,"2026-04-27 10:49:22"
738,"5aecba42b75f87c33c1c263c12cf66df08136229",LH:34|RH:86|TF:0|LE:0|RE:0|MO:0|SH:0|WA:0|FT:0,2,"2026-04-27 10:49:22"
739,"52f7e9c0c9eb7d0943123bd1ed8ecd085e8a609c",LH:57|RH:57|TF:0|LE:0|RE:0|MO:63|SH:63|WA:63|FT:0,5,"2026-04-27 10:49:22"
740,f066452b447ef36c649ae0c6e081589d25f759f0,LH:57|RH:57|TF:0|LE:0|RE:0|MO:73|SH:73|WA:73|FT:73,6,"2026-04-27 10:49:22"
741,"97ba07ecbee876701c417773ba016d189b17270f",LH:57|RH:57|TF:0|LE:0|RE:0|MO:63|SH:63|WA:63|FT:63,6,"2026-04-27 10:49:22"
742,"2db8b4279c2c7368928fa18603d529f04550798f",LH:57|RH:57|TF:0|LE:0|RE:0|MO:73|SH:0|WA:73|FT:73,5,"2026-04-27 10:49:22"
743,acb8d12fd3aaa6f92afaebe4891d39f1cf169154,LH:57|RH:57|TF:0|LE:0|RE:0|MO:73|SH:0|WA:73|FT:0,4,"2026-04-27 10:49:22"
744,"3a2438380fe752f5091327807656d0a4ef4912cc",LH:0|RH:0|TF:0|LE:0|RE:0|MO:67|SH:0|WA:63|FT:0,2,"2026-04-27 10:49:22"
745,"23eabad82726af2553a4fc9f911255aa04869347",LH:0|RH:0|TF:92|LE:0|RE:0|MO:0|SH:92|WA:63|FT:63,4,"2026-04-27 10:49:22"
746,"202ffc0d5e26604b307bc5c3589cf12c2df11853",LH:41|RH:41|TF:0|LE:0|RE:0|MO:0|SH:0|WA:57|FT:0,3,"2026-04-27 10:49:22"
747,"8225009d702e7581eff956facd2f209c8aae44a7",LH:58|RH:0|TF:0|LE:0|RE:0|MO:0|SH:27|WA:0|FT:0,2,"2026-04-27 10:49:22"
748,a5d89eb19503d19bc3453e0043acf4269edaa3f8,LH:59|RH:59|TF:0|LE:0|RE:0|MO:0|SH:27|WA:0|FT:0,3,"2026-04-27 10:49:22"
749,"8180aa4d480e32ef238f8d39fe7cae2f796c743a",LH:59|RH:59|TF:0|LE:0|RE:0|MO:0|SH:27|WA:63|FT:0,4,"2026-04-27 10:49:22"
750,"62d4b1cef23e4f314aa610391b67e03a957955ca",LH:58|RH:58|TF:0|LE:0|RE:0|MO:0|SH:0|WA:59|FT:0,3,"2026-04-27 10:49:22"
751,ca4fa5f9cdaf87fccc12a1baaccf835517b6db0d,LH:0|RH:0|TF:0|LE:0|RE:0|MO:0|SH:0|WA:67|FT:58,2,"2026-04-27 10:49:22"
752,"1eaa9cd3180a3c939470303d8ad789e4638d18c4",LH:59|RH:59|TF:0|LE:67|RE:0|MO:0|SH:0|WA:0|FT:0,3,"2026-04-27 10:49:22"
753,b42d41ba0ece629c9183bad138c6f5a23769d791,LH:58|RH:58|TF:0|LE:0|RE:0|MO:0|SH:0|WA:57|FT:57,4,"2026-04-27 10:49:22"
754,"7381a2b744e2f4889eee05b708334c8f57b726e3",LH:63|RH:0|TF:0|LE:0|RE:0|MO:0|SH:27|WA:0|FT:0,2,"2026-04-27 10:49:22"
755,ebe74e6551a56d18552e2d83ef965ecdd3767bdc,LH:0|RH:0|TF:0|LE:0|RE:0|MO:66|SH:0|WA:63|FT:0,2,"2026-04-27 10:49:22"
756,"0fd0762fc8c4b2fabd357ea295a917c2bd770d4a",LH:0|RH:0|TF:0|LE:0|RE:0|MO:27|SH:0|WA:73|FT:73,3,"2026-04-27 10:49:22"
757,a9d2253714f75bcd12194fbcf91734b88d0d4f2e,LH:67|RH:67|TF:0|LE:0|RE:0|MO:92|SH:0|WA:0|FT:0,3,"2026-04-27 10:49:22"
758,"44b734da4dd87b66f763ca339acf49bd7af188c7",LH:0|RH:67|TF:0|LE:0|RE:0|MO:27|SH:0|WA:63|FT:63,4,"2026-04-27 10:49:22"
759,ff17411ad6e0e39592ffc73e83ec3ad020e7f146,LH:73|RH:73|TF:0|LE:0|RE:0|MO:41|SH:0|WA:0|FT:0,3,"2026-04-27 10:49:22"
760,"7bd0276d20e5457539653da04a8d20015e8f575b",LH:59|RH:59|TF:0|LE:73|RE:0|MO:0|SH:73|WA:73|FT:0,5,"2026-04-27 10:49:22"
761,"60f39c5f48349c92d54c86d0dd7bc41fe225f910",LH:67|RH:41|TF:0|LE:0|RE:0|MO:0|SH:0|WA:26|FT:0,3,"2026-04-27 10:49:22"
762,"427cb4fbd244fbc40a8dcbe91f4230bf69fc6655",LH:0|RH:67|TF:0|LE:0|RE:0|MO:0|SH:0|WA:0|FT:56,2,"2026-04-27 10:49:22"
763,"1741c4b03eb1ee27f39015b094e06ca8f8d3b924",LH:26|RH:26|TF:0|LE:0|RE:0|MO:0|SH:27|WA:0|FT:0,3,"2026-04-27 10:49:22"
764,"44d5ffcf6bb1514d03689ce0b8262ca17d1bbe4a",LH:0|RH:0|TF:0|LE:0|RE:0|MO:27|SH:0|WA:0|FT:26,2,"2026-04-27 10:49:22"
765,b46dfafc19f9a7dd9047b051903bb11881e5aaae,LH:97|RH:97|TF:0|LE:0|RE:0|MO:0|SH:0|WA:0|FT:0,2,"2026-04-27 10:49:22"
766,"65a3c4c6a96f008a0455a1b886d58a8bad9a4dd6",LH:63|RH:63|TF:0|LE:0|RE:0|MO:0|SH:0|WA:0|FT:24,3,"2026-04-27 10:49:22"
767,"100b5b84bc4f3891097f192b9408733982205a5e",LH:67|RH:67|TF:0|LE:0|RE:0|MO:0|SH:24|WA:24|FT:24,5,"2026-04-27 10:49:22"
768,"1c8e4002dc266e70f544cfed00e5f671636ff154",LH:0|RH:84|TF:0|LE:0|RE:0|MO:0|SH:0|WA:0|FT:0,1,"2026-04-27 10:49:22"
769,"5ebaeb25d39c731a13581550f7b0c2c022b34ee5",LH:0|RH:67|TF:0|LE:0|RE:0|MO:63|SH:0|WA:63|FT:63,4,"2026-04-27 10:49:22"
770,"3c7e6a70479f86cdc6536e3eff9c8b9bbc19f065",LH:0|RH:0|TF:0|LE:0|RE:0|MO:0|SH:63|WA:0|FT:63,2,"2026-04-27 10:49:22"
771,"72cb8889f41e74b1bd39dfd42bd2ecfa66e250d3",LH:0|RH:56|TF:0|LE:0|RE:0|MO:0|SH:0|WA:67|FT:0,2,"2026-04-27 10:49:22"
772,"59d0cfc2b39e5fde59561662807375f662093289",LH:14|RH:14|TF:0|LE:0|RE:0|MO:0|SH:0|WA:0|FT:0,2,"2026-04-27 10:49:22"
773,"9739700d84e0d28a2eaca7de9ff4156ff435ee72",LH:25|RH:25|TF:0|LE:0|RE:0|MO:0|SH:0|WA:25|FT:0,3,"2026-04-27 10:49:22"
774,"2dd9430a5fd22c992e298a1b60699508a4812cda",LH:60|RH:60|TF:0|LE:0|RE:0|MO:0|SH:0|WA:63|FT:0,3,"2026-04-27 10:49:22"
775,d8f295773c98f74516de0f97a120864c4626483c,LH:3|RH:0|TF:0|LE:0|RE:0|MO:0|SH:0|WA:0|FT:0,1,"2026-04-27 10:49:22"
776,"80d60d708c0402c616d041a22801e04d072d9336",LH:0|RH:41|TF:0|LE:0|RE:0|MO:0|SH:0|WA:0|FT:41,2,"2026-04-27 10:49:22"
777,"35e280b5489c66ff1dab0802903f8c790c2f02aa",LH:16|RH:16|TF:0|LE:0|RE:0|MO:0|SH:0|WA:63|FT:0,3,"2026-04-27 10:49:22"
778,e956344eb616f58fa18466a5a032414b1cea88b7,LH:63|RH:24|TF:0|LE:0|RE:0|MO:0|SH:0|WA:0|FT:0,2,"2026-04-27 10:49:22"
779,"6ab1a07f166d2c1fbdcdf6b4ce7fae4f8feaffde",LH:0|RH:0|TF:0|LE:0|RE:0|MO:0|SH:0|WA:56|FT:63,2,"2026-04-27 10:49:22"
780,"1403a3ef852239b81760d32f15c054f862816f4f",LH:67|RH:0|TF:0|LE:0|RE:0|MO:0|SH:0|WA:0|FT:56,2,"2026-04-27 10:49:22"
781,f670379fcc32546016a521ebced4fda0ca5168cd,LH:41|RH:41|TF:0|LE:0|RE:0|MO:0|SH:0|WA:63|FT:63,4,"2026-04-27 10:49:22"
782,"33c83fcd30cdb865f08f5454111d5a7da490d866",LH:41|RH:74|TF:0|LE:0|RE:0|MO:0|SH:0|WA:0|FT:0,2,"2026-04-27 10:49:22"
783,cc61714b052fcc30590adcd85a3d2273be311d6c,LH:0|RH:0|TF:0|LE:0|RE:0|MO:63|SH:0|WA:63|FT:63,3,"2026-04-27 10:49:22"
784,"3052ecc7cb2ff23ded19fd6d77040059efacd373",LH:41|RH:67|TF:0|LE:0|RE:0|MO:0|SH:0|WA:60|FT:0,3,"2026-04-27 10:49:22"
785,bb5952c19c681f60815abde5ff34c257ee668edc,LH:0|RH:67|TF:0|LE:0|RE:0|MO:0|SH:0|WA:0|FT:73,2,"2026-04-27 10:49:22"
786,b1d0c9ad2e370eb4175b4e23301b5915916377c2,LH:60|RH:63|TF:0|LE:0|RE:0|MO:41|SH:0|WA:0|FT:0,3,"2026-04-27 10:49:22"
787,"4296e8b9fbe98e651f0c448ce3c75f7255e8da42",LH:60|RH:56|TF:0|LE:0|RE:0|MO:0|SH:0|WA:0|FT:0,2,"2026-04-27 10:49:22"
788,"1c9b4408f6fad87f76f4830202fe771cd9c4d6a0",LH:0|RH:0|TF:0|LE:0|RE:0|MO:0|SH:27|WA:26|FT:26,3,"2026-04-27 10:49:22"
789,"68b7e50892646c48bb1b8efd084d0433908c8392",LH:0|RH:0|TF:0|LE:0|RE:0|MO:0|SH:26|WA:26|FT:0,2,"2026-04-27 10:49:22"
790,"6d78d5f3dad9f801fcc123dd3ce70175fbcf6e35",LH:0|RH:0|TF:0|LE:0|RE:0|MO:0|SH:0|WA:26|FT:67,2,"2026-04-27 10:49:22"
791,"55a92cd04b5322e598c48a3feded5b79a7846583",LH:67|RH:67|TF:0|LE:0|RE:0|MO:0|SH:27|WA:26|FT:0,4,"2026-04-27 10:49:22"
792,"93325b1c3a4f9a903d8160971f27c382fc073fad",LH:67|RH:26|TF:0|LE:0|RE:0|MO:0|SH:27|WA:0|FT:0,3,"2026-04-27 10:49:22"
793,"96ece36c667f1128a2aee6cb8502be0fdda73ca1",LH:0|RH:0|TF:0|LE:0|RE:0|MO:0|SH:45|WA:0|FT:0,1,"2026-04-27 10:49:22"
794,"8eb1f7643c1afe51cb6c657b005c1d02a7bd8fbc",LH:0|RH:1|TF:0|LE:0|RE:0|MO:0|SH:0|WA:0|FT:0,1,"2026-04-27 10:49:22"
795,"9ada9b70216b9a953695d6b04f85ca8db33bd04e",LH:0|RH:0|TF:0|LE:0|RE:0|MO:0|SH:47|WA:0|FT:0,1,"2026-04-27 10:49:22"
796,dcbd890fc8f6b83601fd544208d22a4b5a3b5c4f,LH:0|RH:0|TF:0|LE:0|RE:0|MO:0|SH:0|WA:105|FT:105,2,"2026-04-27 10:49:22"
797,f6179b63a0183bdabf0c36be34af30ee897b3ede,LH:56|RH:63|TF:0|LE:0|RE:0|MO:0|SH:0|WA:0|FT:0,2,"2026-04-27 10:49:22"
798,"243b970ed1d564f83842dca91cae19903b6f4269",LH:74|RH:63|TF:0|LE:0|RE:0|MO:0|SH:0|WA:0|FT:0,2,"2026-04-27 10:49:22"
799,b0433e66330263cdbb79cdb21b4cbc933b45ab66,LH:67|RH:67|TF:0|LE:0|RE:0|MO:0|SH:0|WA:63|FT:63,4,"2026-04-27 10:49:22"
800,"2bef9069c5e6cc44d068faeba86de198a9b6af7b",LH:63|RH:63|TF:0|LE:0|RE:67|MO:0|SH:0|WA:0|FT:0,3,"2026-04-27 10:49:22"
801,df34aa5304da2bed6bc7dd225a57e77c75cff41e,LH:41|RH:67|TF:0|LE:0|RE:0|MO:0|SH:0|WA:26|FT:0,3,"2026-04-27 10:49:22"
802,cdc58d1241e5e60a552385e869861a1c74734984,LH:0|RH:74|TF:0|LE:0|RE:0|MO:0|SH:0|WA:0|FT:0,1,"2026-04-27 10:49:22"
803,ddde757474f89e02173e9c1b077ec93ad6bda7ff,LH:57|RH:57|TF:0|LE:0|RE:0|MO:0|SH:0|WA:0|FT:41,3,"2026-04-27 10:49:22"
804,"4bdaefc1aa3fdcb1eb1fb3595dc102f93cdb72b4",LH:16|RH:16|TF:0|LE:0|RE:0|MO:0|SH:0|WA:57|FT:0,3,"2026-04-27 10:49:22"
805,e71c9bb80ef043961220cc25c8921654dec29c47,LH:0|RH:57|TF:0|LE:0|RE:0|MO:41|SH:0|WA:0|FT:0,2,"2026-04-27 10:49:22"
806,"13f84c264bfeb34ff8a45b4fc86bbf625a5993c7",LH:57|RH:57|TF:0|LE:0|RE:0|MO:0|SH:0|WA:67|FT:0,3,"2026-04-27 10:49:22"
807,d62889c323affa0b6fe495f073c6f30f86e7158c,LH:0|RH:32|TF:0|LE:0|RE:0|MO:0|SH:0|WA:0|FT:0,1,"2026-04-27 10:49:22"
808,"324fabd2df95bef278d33eafaf8bc14bbbbc30ad",LH:103|RH:103|TF:0|LE:0|RE:0|MO:0|SH:0|WA:0|FT:0,2,"2026-04-27 10:49:22"
809,"9858a5629eeec8f5a78234591362e8cdd6496211",LH:105|RH:105|TF:0|LE:0|RE:0|MO:0|SH:0|WA:0|FT:0,2,"2026-04-27 10:49:22"
810,"4d627d27f08677f7ded7b4ffe73738109c4fd187",LH:0|RH:44|TF:0|LE:0|RE:0|MO:45|SH:0|WA:0|FT:0,2,"2026-04-27 10:49:22"
811,c3abdcb625653a5ce31a22b29f4814600feda105,LH:0|RH:0|TF:0|LE:0|RE:0|MO:0|SH:54|WA:0|FT:0,1,"2026-04-27 10:49:22"
812,"453c7960a83fa2a70cde123d94609a663ec0e126",LH:0|RH:0|TF:92|LE:0|RE:0|MO:0|SH:92|WA:67|FT:0,3,"2026-04-27 10:49:22"
813,"6c90b814a54a4b93ad85e5c568f32d134025a1ad",LH:73|RH:73|TF:0|LE:0|RE:0|MO:0|SH:0|WA:63|FT:63,4,"2026-04-27 10:49:22"
814,"5face6c8aa58bcb240deb8630d1363e6b73c438c",LH:67|RH:73|TF:0|LE:0|RE:0|MO:0|SH:0|WA:0|FT:0,2,"2026-04-27 10:49:22"
815,d9930a226df93546fdc40d74203a99286b87d9e4,LH:67|RH:67|TF:0|LE:0|RE:0|MO:0|SH:0|WA:63|FT:0,3,"2026-04-27 10:49:22"
816,"3a44c4b5b97c5112fe78383e9877e12a326caf2d",LH:63|RH:63|TF:0|LE:0|RE:0|MO:0|SH:0|WA:41|FT:0,3,"2026-04-27 10:49:22"
817,"5580f8eb86459fb19dc50616d6a71e3883af522a",LH:0|RH:0|TF:0|LE:0|RE:0|MO:0|SH:0|WA:90|FT:0,1,"2026-04-27 10:49:22"
818,"12b02cf09bf9877ff309d89090cf313df432a317",LH:67|RH:67|TF:0|LE:0|RE:0|MO:41|SH:0|WA:60|FT:0,4,"2026-04-27 10:49:22"
819,f42c06bcd26c15b948614ef18af4d684f68f3947,LH:67|RH:67|TF:0|LE:0|RE:0|MO:41|SH:0|WA:63|FT:0,4,"2026-04-27 10:49:22"
820,aa5999bc7c9afd12e54c70534af0e16a2e372a24,LH:0|RH:0|TF:0|LE:90|RE:90|MO:0|SH:90|WA:90|FT:0,4,"2026-04-27 10:49:22"
821,"3841301d5c0535d9ea2429fe8e3905d2431b0111",LH:67|RH:67|TF:0|LE:0|RE:0|MO:90|SH:90|WA:0|FT:0,4,"2026-04-27 10:49:22"
822,b583dedcfdd9bd8ec241aa81b66dc76a43794461,LH:90|RH:90|TF:0|LE:0|RE:0|MO:0|SH:0|WA:0|FT:0,2,"2026-04-27 10:49:22"
823,"7d40cd2a438bd1fc7548f38d72a3e0f0d8c808eb",LH:45|RH:42|TF:0|LE:0|RE:0|MO:0|SH:0|WA:60|FT:0,3,"2026-04-27 10:49:22"
824,"7926419f48f4b49652a54eb87f3ff1b3ed176653",LH:67|RH:63|TF:0|LE:0|RE:0|MO:0|SH:0|WA:0|FT:0,2,"2026-04-27 10:49:22"
825,"72e81eabf93491eea11c983ee5d78517db8280f1",LH:63|RH:0|TF:0|LE:0|RE:0|MO:0|SH:0|WA:0|FT:41,2,"2026-04-27 10:49:22"
826,ef0fa8decbf9ead48b78b07b0346943a502b49c7,LH:59|RH:59|TF:0|LE:0|RE:0|MO:65|SH:0|WA:0|FT:0,3,"2026-04-27 10:49:22"
827,"51a0330b4376252c8c6f8cfe314d1dc6652fa0d8",LH:59|RH:59|TF:0|LE:0|RE:0|MO:0|SH:73|WA:0|FT:0,3,"2026-04-27 10:49:22"
828,"88f852955c131229819cecfaeaa8912e67caa709",LH:0|RH:0|TF:0|LE:0|RE:0|MO:41|SH:0|WA:59|FT:59,3,"2026-04-27 10:49:22"
829,"359e59a6658be082d9f39b9d6c6f7c2e9fe5af33",LH:59|RH:59|TF:0|LE:0|RE:0|MO:73|SH:73|WA:0|FT:0,4,"2026-04-27 10:49:22"
830,"2947e983bba5c4a69f959a51661fb97f4db04546",LH:59|RH:59|TF:0|LE:0|RE:0|MO:67|SH:0|WA:67|FT:0,4,"2026-04-27 10:49:22"
831,"038e1fc2559b1a465db7395cfe6b48d1418c4657",LH:59|RH:59|TF:0|LE:0|RE:0|MO:67|SH:67|WA:67|FT:0,5,"2026-04-27 10:49:22"
832,"5a8848ccbe7bc465316fc1c5b94033d8b06796f7",LH:67|RH:67|TF:0|LE:0|RE:0|MO:0|SH:63|WA:63|FT:0,4,"2026-04-27 10:49:22"
833,"5ed5edbbbf1ed775ad19ed822d3dd7d23f7c0143",LH:41|RH:65|TF:0|LE:0|RE:0|MO:0|SH:0|WA:0|FT:0,2,"2026-04-27 10:49:22"
834,ffecd4c0bd13af907a1e3e23cfb29e36d1644a1c,LH:0|RH:0|TF:0|LE:0|RE:0|MO:67|SH:0|WA:0|FT:63,2,"2026-04-27 10:49:22"
835,ff686a9f8647389ee1e60033cb73e7338f2edbdb,LH:92|RH:0|TF:0|LE:0|RE:0|MO:0|SH:0|WA:63|FT:63,3,"2026-04-27 10:49:22"
836,"1f67bfd144aa2009f853d4e5645d36464c289588",LH:59|RH:59|TF:0|LE:0|RE:0|MO:0|SH:0|WA:63|FT:63,4,"2026-04-27 10:49:22"
837,eca3e605d96a547aaf1c1f6d034c5a1ff8af64eb,LH:67|RH:67|TF:0|LE:0|RE:0|MO:0|SH:0|WA:83|FT:0,3,"2026-04-27 10:49:22"
838,"1a79226e5d3911e2103d0467619acece643ebf35",LH:41|RH:41|TF:0|LE:0|RE:0|MO:0|SH:0|WA:26|FT:0,3,"2026-04-27 10:49:22"
839,"1da73bbfafdfeef16c39542e59806bbb65cc906f",LH:67|RH:67|TF:0|LE:0|RE:0|MO:0|SH:26|WA:0|FT:0,3,"2026-04-27 10:49:22"
840,ba731b06772c1ae63a3caeb038bc181a47b18c8d,LH:0|RH:0|TF:0|LE:0|RE:0|MO:24|SH:0|WA:0|FT:0,1,"2026-04-27 10:49:22"
841,"3b80e906f3191cb7480f4e162cd26624379387d1",LH:63|RH:63|TF:0|LE:0|RE:0|MO:0|SH:67|WA:67|FT:0,4,"2026-04-27 10:49:22"
842,a8fa903c12e52b83e003cee45dd2b7fce663537d,LH:67|RH:0|TF:0|LE:0|RE:0|MO:0|SH:0|WA:59|FT:0,2,"2026-04-27 10:49:22"
843,a5027f0b7bee59001dae30b60467c1b88ea75ac9,LH:47|RH:63|TF:0|LE:0|RE:0|MO:0|SH:0|WA:0|FT:0,2,"2026-04-27 10:49:22"
844,"3928e35941c72b2540eaeff36325c9a3943bc5ef",LH:56|RH:56|TF:0|LE:0|RE:0|MO:0|SH:0|WA:60|FT:0,3,"2026-04-27 10:49:22"
845,"99e565aa3000e93626b5af56b383af873d8bd36d",LH:0|RH:0|TF:0|LE:0|RE:0|MO:0|SH:0|WA:97|FT:97,2,"2026-04-27 10:49:22"
846,f81b632c341e6c7a7e79bf9b7868b59d5ccb23f7,LH:65|RH:0|TF:0|LE:0|RE:0|MO:0|SH:0|WA:0|FT:0,1,"2026-04-27 10:49:22"
847,"868f8217ea8ff559f366297a1b79c3e52a1182b6",LH:0|RH:0|TF:0|LE:0|RE:0|MO:0|SH:0|WA:0|FT:65,1,"2026-04-27 10:49:22"
848,"355193b758a1f70bfdf6e75e0bcd305e5dec9719",LH:63|RH:63|TF:0|LE:0|RE:0|MO:0|SH:0|WA:26|FT:0,3,"2026-04-27 10:49:22"
849,aeab5eec7d2966f089da476ffe505a5e55f44a85,LH:0|RH:108|TF:0|LE:0|RE:0|MO:0|SH:27|WA:0|FT:0,2,"2026-04-27 10:49:22"
850,"8d836858a146cf4c7eee615c1f7319c7102949a7",LH:109|RH:109|TF:0|LE:0|RE:0|MO:0|SH:27|WA:0|FT:0,3,"2026-04-27 10:49:22"
851,cb0531f30a12c3dbd88769873bea53ac92b0b6bd,LH:0|RH:67|TF:0|LE:0|RE:0|MO:0|SH:0|WA:57|FT:57,3,"2026-04-27 10:49:22"
852,eb2ddf008910e8ce7f730df72e9bff9dff21a3ac,LH:0|RH:0|TF:0|LE:101|RE:0|MO:0|SH:0|WA:0|FT:0,1,"2026-04-27 10:49:22"
853,cecd7ba9f968ebedcc4d39a3ca71db0e021eacc0,LH:56|RH:67|TF:0|LE:0|RE:0|MO:0|SH:0|WA:0|FT:0,2,"2026-04-27 10:49:22"
854,"53f25da569407d4449f63713190015ac3a297004",LH:0|RH:0|TF:0|LE:0|RE:101|MO:0|SH:101|WA:0|FT:0,2,"2026-04-27 10:49:22"
855,"10270fa8dc008f57b75144aadd639dd57ed4eea5",LH:67|RH:28|TF:0|LE:0|RE:0|MO:0|SH:0|WA:0|FT:0,2,"2026-04-27 10:49:22"
856,dd2bd16c239dd9b7487f11b2a0647bd0b9bcf976,LH:73|RH:73|TF:0|LE:0|RE:0|MO:0|SH:27|WA:0|FT:56,4,"2026-04-27 10:49:22"
857,"042f016e58c380d59f07d53658f3e62a7bc5f61f",LH:57|RH:57|TF:0|LE:0|RE:0|MO:0|SH:63|WA:63|FT:63,5,"2026-04-27 10:49:22"
858,"6cb5d11d15b5bd45269b1e887ddee1ce1330a344",LH:0|RH:0|TF:0|LE:0|RE:0|MO:0|SH:0|WA:25|FT:25,2,"2026-04-27 10:49:22"
859,"3028f99365c60e12ef79c523dc3bb907c2a65238",LH:56|RH:56|TF:0|LE:0|RE:0|MO:0|SH:0|WA:57|FT:57,4,"2026-04-27 10:49:22"
860,e2748b45c3e46eca3fa9cabf8093a02cda97d50a,LH:16|RH:67|TF:0|LE:0|RE:0|MO:0|SH:0|WA:0|FT:0,2,"2026-04-27 10:49:22"
861,ac9efb5ed1f3358b8b39d0e437982b37738c7d27,LH:0|RH:0|TF:0|LE:0|RE:0|MO:97|SH:97|WA:97|FT:97,4,"2026-04-27 10:49:22"
862,badb0b392fe9e2a36f0144feacaa46ad0ea7a15a,LH:66|RH:0|TF:0|LE:0|RE:0|MO:0|SH:0|WA:0|FT:0,1,"2026-04-27 10:49:22"
863,ccf814ac3c28ac4b57d0c6eade193faf8cd6d55f,LH:0|RH:0|TF:0|LE:0|RE:0|MO:90|SH:0|WA:90|FT:67,3,"2026-04-27 10:49:22"
864,"558e8a7f43c1d492d74674a1564e7798e6730b3b",LH:0|RH:90|TF:0|LE:0|RE:0|MO:0|SH:0|WA:0|FT:0,1,"2026-04-27 10:49:22"
865,aaa5a8ba81c267188f245c45cf17f92b1e75929e,LH:0|RH:0|TF:0|LE:90|RE:90|MO:90|SH:90|WA:90|FT:0,5,"2026-04-27 10:49:22"
866,"4ebaf43421a3a5c40bda9665b45be3072af484bf",LH:63|RH:63|TF:0|LE:0|RE:0|MO:90|SH:90|WA:0|FT:0,4,"2026-04-27 10:49:22"
867,"994b84d684184bfe0f6df6f034db6545842f6f48",LH:0|RH:0|TF:0|LE:0|RE:0|MO:89|SH:0|WA:90|FT:0,2,"2026-04-27 10:49:22"
868,f726315847245977fad2a2efd32a3534a6762b48,LH:73|RH:73|TF:0|LE:0|RE:0|MO:90|SH:90|WA:0|FT:0,4,"2026-04-27 10:49:22"
869,"0632c494d12143def3aae88e927b1e7bb7379f14",LH:63|RH:40|TF:0|LE:0|RE:0|MO:0|SH:0|WA:0|FT:0,2,"2026-04-27 10:49:22"
870,e54585324372b94e0bafe37a1c9b6fc408434cbc,LH:3|RH:3|TF:0|LE:0|RE:0|MO:0|SH:0|WA:0|FT:0,2,"2026-04-27 10:49:22"
871,d53488f507262b39560d13fbeeb73e630677b2b9,LH:0|RH:3|TF:0|LE:0|RE:0|MO:0|SH:0|WA:0|FT:0,1,"2026-04-27 10:49:22"
872,"7ff7a54d4014431d4baa60be720111184cca09b3",LH:0|RH:26|TF:0|LE:0|RE:0|MO:0|SH:0|WA:26|FT:26,3,"2026-04-27 10:49:22"
873,c20a6697f8ead7460ac9df143daae2e391c7e7ca,LH:67|RH:60|TF:0|LE:0|RE:0|MO:0|SH:0|WA:63|FT:0,3,"2026-04-27 10:49:22"
874,aee4bdfdd8aa95aed40d953dd2f41c6a31d0644e,LH:60|RH:60|TF:0|LE:0|RE:0|MO:0|SH:63|WA:63|FT:63,5,"2026-04-27 10:49:22"
875,"66ed9d403e3f2edf9a645b740d04929afe0280c6",LH:0|RH:0|TF:0|LE:0|RE:92|MO:0|SH:0|WA:0|FT:0,1,"2026-04-27 10:49:22"
876,"87d2f2954ab97f35f20de9c6a44cfe0569e37c47",LH:0|RH:0|TF:0|LE:73|RE:73|MO:0|SH:73|WA:73|FT:73,5,"2026-04-27 10:49:22"
877,"94b094c68598edcef0adb90bdd1081ff8a893b55",LH:62|RH:62|TF:0|LE:0|RE:0|MO:0|SH:0|WA:56|FT:0,3,"2026-04-27 10:49:22"
878,"3734a87adb1df2e992d7f891568ba9fb9fab4b2a",LH:76|RH:76|TF:0|LE:0|RE:0|MO:0|SH:0|WA:0|FT:0,2,"2026-04-27 10:49:22"
879,eb090a31eba8295b511a4835850904723cfd6609,LH:0|RH:0|TF:0|LE:0|RE:0|MO:0|SH:39|WA:0|FT:0,1,"2026-04-27 10:49:22"
880,"71bd79701f1335141a2a6c1be322abb55ff442b9",LH:72|RH:0|TF:0|LE:0|RE:0|MO:0|SH:0|WA:0|FT:0,1,"2026-04-27 10:49:22"
881,d693709d4a8e8d7b2ac0071bbb9af521505fdad7,LH:0|RH:0|TF:0|LE:67|RE:0|MO:0|SH:0|WA:67|FT:0,2,"2026-04-27 10:49:22"
882,"23ccd2212e7fa777ba49edd7acf44e25918c2aa4",LH:0|RH:0|TF:0|LE:0|RE:0|MO:0|SH:0|WA:94|FT:94,2,"2026-04-27 10:49:22"
883,f7aad1a0af583cf4308b9e3143514082a4283612,LH:41|RH:57|TF:0|LE:0|RE:0|MO:0|SH:0|WA:63|FT:0,3,"2026-04-27 10:49:22"
884,"9dc9b4efb25496f551a587bad355ebe679e4955a",LH:54|RH:54|TF:0|LE:0|RE:0|MO:0|SH:0|WA:0|FT:0,2,"2026-04-27 10:49:22"
885,c5949c2d0a4748c3d95e9724dbd0b5b8f4a3f741,LH:56|RH:56|TF:0|LE:0|RE:0|MO:0|SH:0|WA:56|FT:56,4,"2026-04-27 10:49:22"
886,"0f80e6ab274e90a1b2ed6ca76491063a52ab399f",LH:56|RH:56|TF:0|LE:0|RE:0|MO:67|SH:0|WA:0|FT:0,3,"2026-04-27 10:49:22"
887,"0e6191b866e89daa0b4ac1a733ff0a0a9e1f32f0",LH:0|RH:0|TF:0|LE:73|RE:0|MO:0|SH:0|WA:0|FT:0,1,"2026-04-27 10:49:22"
888,e36eb89ad8fc92f9290035760498b4eca6d423ee,LH:57|RH:57|TF:0|LE:0|RE:0|MO:0|SH:0|WA:0|FT:57,3,"2026-04-27 10:49:22"
889,"4651f79508964b1bac1cc0deb8a93eae6a809772",LH:57|RH:57|TF:0|LE:0|RE:0|MO:67|SH:67|WA:67|FT:0,5,"2026-04-27 10:49:22"
890,"396246d217f37601146ae700abdbb4dcd7a115ec",LH:0|RH:49|TF:0|LE:0|RE:0|MO:0|SH:0|WA:0|FT:0,1,"2026-04-27 10:49:22"
891,f3185ea723969164010a6d3d42d09e69f25ad4e1,LH:41|RH:59|TF:0|LE:0|RE:0|MO:0|SH:0|WA:0|FT:0,2,"2026-04-27 10:49:22"
892,eeeb8455ff18f42ba8e52c49ff3bab07fad534c0,LH:86|RH:0|TF:0|LE:0|RE:0|MO:0|SH:0|WA:86|FT:0,2,"2026-04-27 10:49:22"
893,ef74e9eb168c99da4739d5e33250a8c750632c98,LH:0|RH:0|TF:92|LE:92|RE:92|MO:0|SH:92|WA:0|FT:0,4,"2026-04-27 10:49:22"
894,b5a01c646e91fa4665994beb5298d8bef7e562e1,LH:67|RH:67|TF:0|LE:0|RE:0|MO:26|SH:0|WA:0|FT:26,4,"2026-04-27 10:49:22"
895,"0fbce0bb2a39804a993089b61bfe1ca07940e0e1",LH:59|RH:59|TF:0|LE:0|RE:0|MO:77|SH:0|WA:0|FT:0,3,"2026-04-27 10:49:22"
896,"35f6ead391532df002ce9d4a31644f5b95be4e7c",LH:57|RH:57|TF:0|LE:0|RE:0|MO:0|SH:0|WA:0|FT:63,3,"2026-04-27 10:49:22"
897,fa7c008ecc4d054efa48b7501e04cf8b8b8ee279,LH:0|RH:0|TF:0|LE:40|RE:0|MO:0|SH:0|WA:0|FT:0,1,"2026-04-27 10:49:22"
898,"9eeb1f88422246ad2c2b05904a3d3020ed811618",LH:60|RH:43|TF:0|LE:0|RE:0|MO:0|SH:0|WA:0|FT:0,2,"2026-04-27 10:49:22"
899,"445dbf1422245269121bc4c1ecde9363bb282b86",LH:43|RH:43|TF:0|LE:0|RE:0|MO:0|SH:0|WA:60|FT:0,3,"2026-04-27 10:49:22"
900,f9a52cb3fe1e4cade721624b23e0d9513e7aed03,LH:0|RH:0|TF:0|LE:0|RE:0|MO:43|SH:0|WA:0|FT:60,2,"2026-04-27 10:49:22"
901,"7f45e140db5d2863b3b9f97bbee509ee1ebb2902",LH:0|RH:57|TF:0|LE:0|RE:0|MO:0|SH:0|WA:73|FT:0,2,"2026-04-27 10:49:22"
902,e6485c9a9f79cd30f5db9fc16301d32ee0cf2e99,LH:0|RH:0|TF:0|LE:39|RE:0|MO:0|SH:39|WA:0|FT:0,2,"2026-04-27 10:49:22"
903,"8d2aad9ca69b23d904c4cb096f563a91cf39ed82",LH:0|RH:0|TF:0|LE:0|RE:0|MO:50|SH:0|WA:0|FT:0,1,"2026-04-27 10:49:22"
904,"1e0f132ff329b3fb384ddc98fe76954131d18c2a",LH:64|RH:64|TF:0|LE:0|RE:0|MO:0|SH:0|WA:0|FT:0,2,"2026-04-27 10:49:22"
905,a3dfd9cbd81922a345d52baf17d8ae869c5828f6,LH:63|RH:63|TF:0|LE:0|RE:0|MO:0|SH:13|WA:0|FT:0,3,"2026-04-27 10:49:22"
906,ed0b67e456453986403d4bb041ceb45a5ef7ee24,LH:60|RH:0|TF:0|LE:0|RE:0|MO:67|SH:0|WA:0|FT:0,2,"2026-04-27 10:49:22"
907,f49fd3cf80c6ee3a952c3c362da1591c3314c0a3,LH:0|RH:115|TF:0|LE:0|RE:0|MO:0|SH:0|WA:0|FT:0,1,"2026-04-27 10:49:22"
908,d5d6cca279c5e7ab237f48ba79c93bcd124f45a6,LH:47|RH:39|TF:0|LE:0|RE:0|MO:0|SH:0|WA:0|FT:0,2,"2026-04-27 10:49:22"
909,b1d8031ba521ca2bb276f590aad0a6728e444ee0,LH:0|RH:0|TF:0|LE:0|RE:0|MO:47|SH:47|WA:0|FT:0,2,"2026-04-27 10:49:22"
910,"98a8861a770567a01e95b00b912039805220bf5f",LH:60|RH:60|TF:0|LE:0|RE:0|MO:43|SH:0|WA:0|FT:0,3,"2026-04-27 10:49:22"
911,"0a09af8781dbbddd7b3638b6cc4d490b8644315f",LH:43|RH:43|TF:0|LE:0|RE:0|MO:0|SH:0|WA:45|FT:0,3,"2026-04-27 10:49:22"
912,"4459b349c7d007e73e09988fbd27caba1c3b202c",LH:92|RH:0|TF:0|LE:0|RE:67|MO:0|SH:67|WA:0|FT:0,3,"2026-04-27 10:49:22"
913,"4cbd28275fd868e713f9a0f79a3af29259e94f1d",LH:0|RH:73|TF:0|LE:0|RE:0|MO:0|SH:0|WA:73|FT:0,2,"2026-04-27 10:49:22"
914,a877ce71504b00e4d99bd8ab5390e9f842c63a73,LH:67|RH:62|TF:0|LE:0|RE:0|MO:0|SH:0|WA:0|FT:0,2,"2026-04-27 10:49:22"
915,"7dcd627ae32ee9842bb6ebad5977ae765e533700",LH:0|RH:64|TF:0|LE:0|RE:0|MO:0|SH:0|WA:0|FT:0,1,"2026-04-27 10:49:22"
916,"0ad2f002dfcee007aa2c8daa4f846bf820e8a665",LH:0|RH:0|TF:0|LE:0|RE:0|MO:0|SH:0|WA:56|FT:64,2,"2026-04-27 10:49:22"
917,b1adb8c801c24238cc33d63019119e63488ec84a,LH:60|RH:60|TF:0|LE:0|RE:0|MO:67|SH:0|WA:0|FT:0,3,"2026-04-27 10:49:22"
918,fbedd8b127891c3bcfdabd97c00b3625870a1953,LH:60|RH:0|TF:0|LE:0|RE:0|MO:0|SH:0|WA:63|FT:0,2,"2026-04-27 10:49:22"
919,a82f29b3344187ffda00e503578530cd530e94c4,LH:60|RH:60|TF:0|LE:0|RE:0|MO:73|SH:0|WA:73|FT:0,4,"2026-04-27 10:49:22"
920,a43f3ff91d57e66311c5577db14eaefb910c41c4,LH:0|RH:48|TF:0|LE:0|RE:0|MO:0|SH:0|WA:0|FT:0,1,"2026-04-27 10:49:22"
921,da60f40402cac48c985fdb7f740d1bbba0e9bbeb,LH:0|RH:0|TF:0|LE:40|RE:0|MO:0|SH:40|WA:0|FT:0,2,"2026-04-27 10:49:22"
922,adf4d38ee81b12fc63ef546f156026ce85fec932,LH:59|RH:59|TF:0|LE:0|RE:0|MO:0|SH:0|WA:59|FT:59,4,"2026-04-27 10:49:22"
923,f6312d92eb02e664265840dcb0872d69a84ee18d,LH:39|RH:79|TF:0|LE:0|RE:0|MO:0|SH:0|WA:0|FT:0,2,"2026-04-27 10:49:22"
924,df7df62f90f9c0f30e108c0920ba5c758c6fd135,LH:14|RH:0|TF:0|LE:0|RE:0|MO:0|SH:0|WA:0|FT:0,1,"2026-04-27 10:49:22"
925,"20e15ab8c3a5c0096472c00ea19ee5c50283e5bf",LH:67|RH:60|TF:0|LE:0|RE:0|MO:0|SH:0|WA:0|FT:0,2,"2026-04-27 10:49:22"
926,f3e113c72c4aa43ac15f319e9552131278feb22e,LH:63|RH:63|TF:0|LE:0|RE:0|MO:0|SH:0|WA:56|FT:56,4,"2026-04-27 10:49:22"
927,a7ca88f0ba266b48ae14ffcdd156745c3de035ba,LH:60|RH:60|TF:0|LE:0|RE:0|MO:73|SH:0|WA:0|FT:0,3,"2026-04-27 10:49:22"
928,"96a0acd4ebb214c422d7828aa23539a3c557ae9e",LH:60|RH:60|TF:0|LE:0|RE:0|MO:0|SH:0|WA:56|FT:56,4,"2026-04-27 10:49:22"
929,"7a47e3c4c8225aa3241cc4127f06e2bba7ce4243",LH:73|RH:73|TF:0|LE:0|RE:0|MO:0|SH:0|WA:0|FT:56,3,"2026-04-27 10:49:22"
930,a5cac68a9dacab790450fd6a3e6de3ef5c21f2cd,LH:67|RH:67|TF:0|LE:0|RE:0|MO:0|SH:0|WA:0|FT:56,3,"2026-04-27 10:49:22"
931,e034681f6a296e753c66a059923c349d137e3bca,LH:67|RH:67|TF:0|LE:0|RE:0|MO:0|SH:0|WA:0|FT:60,3,"2026-04-27 10:49:22"
932,"964ffb971c6d8248a2d3c6aab5cac4f4b712effb",LH:97|RH:0|TF:0|LE:0|RE:0|MO:0|SH:0|WA:0|FT:0,1,"2026-04-27 10:49:22"
933,"2f75fa2c46cf9b249de093bd474b716e8c19837f",LH:58|RH:67|TF:0|LE:0|RE:0|MO:0|SH:0|WA:0|FT:0,2,"2026-04-27 10:49:22"
934,"3612fbda789cf224a07b11e747a4ecace767e65c",LH:0|RH:0|TF:0|LE:0|RE:0|MO:63|SH:63|WA:63|FT:0,3,"2026-04-27 10:49:22"
935,"6f7a500d9c91f0d655cc2bad0434aacb537f4a05",LH:0|RH:103|TF:0|LE:0|RE:0|MO:0|SH:0|WA:0|FT:0,1,"2026-04-27 10:49:22"
936,"9bf884f37d8d7152fb040a1739be96f5d6daa690",LH:63|RH:63|TF:0|LE:0|RE:0|MO:0|SH:0|WA:63|FT:0,3,"2026-04-27 10:49:22"
937,"64bb5b72b6d0133decc3fe41a78df8637748bd57",LH:41|RH:60|TF:0|LE:0|RE:0|MO:0|SH:0|WA:56|FT:56,4,"2026-04-27 10:49:22"
938,df5a348ddca30aaeabff2a6c1e93446480a83600,LH:60|RH:41|TF:0|LE:0|RE:0|MO:0|SH:0|WA:56|FT:0,3,"2026-04-27 10:49:22"
939,bf38c27c26f4d71f154314102b8bd5907255a2ea,LH:67|RH:58|TF:0|LE:0|RE:0|MO:0|SH:0|WA:0|FT:0,2,"2026-04-27 10:49:22"
940,"60b574e7d1a1a056a70785cbd372b43061a63a75",LH:60|RH:58|TF:0|LE:0|RE:0|MO:0|SH:0|WA:0|FT:0,2,"2026-04-27 10:49:22"
941,"20d1e71e83949c79baa4478b5ffa99c3d9deb862",LH:63|RH:60|TF:0|LE:0|RE:0|MO:0|SH:0|WA:0|FT:0,2,"2026-04-27 10:49:22"
942,"9d9a3ce3c184d0d51306f6f7d7856fa506dabe06",LH:0|RH:56|TF:0|LE:0|RE:0|MO:0|SH:27|WA:0|FT:0,2,"2026-04-27 10:49:22"
943,"2f3a5825d5664a7713d375880b8d0ff19ff86770",LH:63|RH:63|TF:0|LE:0|RE:0|MO:0|SH:27|WA:56|FT:0,4,"2026-04-27 10:49:22"
944,"30f7618ed4e6373dbcb7ec292989375c7fcfe09f",LH:0|RH:63|TF:0|LE:0|RE:0|MO:41|SH:0|WA:0|FT:0,2,"2026-04-27 10:49:22"
945,"0a9be87980cf72449416230979fae6eeb7d07b60",LH:41|RH:67|TF:0|LE:0|RE:0|MO:0|SH:0|WA:63|FT:0,3,"2026-04-27 10:49:22"
946,ecf1f4674a1197d58b2d44564b04f5ca499630a2,LH:0|RH:0|TF:33|LE:0|RE:0|MO:0|SH:0|WA:0|FT:0,1,"2026-04-27 10:49:22"
947,bf6242d7b3fb9e1281c059e0a61e735399b7705e,LH:0|RH:102|TF:0|LE:0|RE:0|MO:0|SH:0|WA:0|FT:0,1,"2026-04-27 10:49:22"
948,edd7cc3acc2407fc2520e78b4556ca332e86767d,LH:2|RH:2|TF:0|LE:0|RE:0|MO:0|SH:67|WA:0|FT:0,3,"2026-04-27 10:49:22"
949,c201412acb8111cbf1666cd752e23b84faa5fbf2,LH:67|RH:0|TF:0|LE:0|RE:0|MO:0|SH:24|WA:24|FT:0,3,"2026-04-27 10:49:22"
950,"3a038539d4d7d5912ad2ff3d245b093c2d06239b",LH:8|RH:0|TF:0|LE:0|RE:0|MO:0|SH:0|WA:0|FT:0,1,"2026-04-27 10:49:22"
951,bcea7bde1f1e31c08bafd456e87a0155db14d180,LH:63|RH:58|TF:0|LE:0|RE:0|MO:0|SH:0|WA:0|FT:0,2,"2026-04-27 10:49:22"
952,"38009d230a20cd9d4ad28765fe79239909855bbe",LH:74|RH:0|TF:0|LE:0|RE:0|MO:0|SH:0|WA:63|FT:0,2,"2026-04-27 10:49:22"
953,"120ccbfeaa8f4b18b54ef79b8f34d3d68a7d1632",LH:56|RH:56|TF:0|LE:0|RE:0|MO:45|SH:0|WA:0|FT:0,3,"2026-04-27 10:49:22"
954,"79a692a26f2eb8c537ef3b2a3f41692f6c1903a8",LH:0|RH:0|TF:0|LE:0|RE:0|MO:64|SH:0|WA:0|FT:0,1,"2026-04-27 10:49:22"
955,"8d5505082e244ef07eedb97a1adfd30acc02f9a7",LH:67|RH:67|TF:0|LE:0|RE:0|MO:45|SH:0|WA:0|FT:0,3,"2026-04-27 10:49:22"
956,d554d5954b08d76a971f322b9b0fb8fe53bbb1d4,LH:75|RH:75|TF:0|LE:0|RE:0|MO:0|SH:0|WA:0|FT:0,2,"2026-04-27 10:49:22"
957,"862b7234081ab573a5916c008d5837b66b3d9d7a",LH:92|RH:92|TF:0|LE:0|RE:0|MO:67|SH:0|WA:67|FT:0,4,"2026-04-27 10:49:22"
958,"2e34fee65c1bc5d92960d67deec2f3680f516db3",LH:92|RH:92|TF:0|LE:67|RE:0|MO:0|SH:67|WA:67|FT:0,5,"2026-04-27 10:49:22"
959,a26567544994aafe9c1d607b0a10738be2e21d4b,LH:73|RH:0|TF:0|LE:0|RE:0|MO:27|SH:0|WA:0|FT:0,2,"2026-04-27 10:49:22"
960,bcd4696b92526bf112bdf23b6f394c8e99ff499e,LH:80|RH:80|TF:0|LE:0|RE:0|MO:0|SH:0|WA:0|FT:0,2,"2026-04-27 10:49:22"
961,fd2c746fa17e03fed55293860358e92ece6af102,LH:0|RH:0|TF:47|LE:0|RE:0|MO:0|SH:0|WA:0|FT:0,1,"2026-04-27 10:49:22"
962,"62d8122bf9c72aae97f52a807eb0699d18396a2b",LH:0|RH:47|TF:0|LE:0|RE:0|MO:0|SH:0|WA:0|FT:0,1,"2026-04-27 10:49:22"
963,"488e58a9d082af4afa24f3d7caf9a78a5498e41a",LH:79|RH:79|TF:0|LE:0|RE:0|MO:0|SH:27|WA:0|FT:0,3,"2026-04-27 10:49:22"
964,"442824914d46e62adf7e4ff68aa228fce9e6d03b",LH:0|RH:27|TF:0|LE:0|RE:0|MO:0|SH:0|WA:0|FT:0,1,"2026-04-27 10:49:22"
965,a8d5956c53e5f700e21c739168502e6c98835b9a,LH:27|RH:27|TF:0|LE:0|RE:0|MO:0|SH:27|WA:0|FT:0,3,"2026-04-27 10:49:22"
966,"44f57c7279ab98236ba0a7a3732003c9900fffea",LH:0|RH:0|TF:0|LE:115|RE:115|MO:0|SH:0|WA:0|FT:0,2,"2026-04-27 10:49:22"
967,ca7cda26309600ad0f95bb7d64a528c78e5666d0,LH:0|RH:76|TF:0|LE:0|RE:0|MO:0|SH:0|WA:0|FT:0,1,"2026-04-27 10:49:22"
968,"712329ed63806aae12264339df2b9886ec2d13dd",LH:60|RH:60|TF:0|LE:0|RE:0|MO:0|SH:0|WA:67|FT:67,4,"2026-04-27 10:49:22"
969,a252a66efd905972c7c6792b952a2a33003005bb,LH:60|RH:0|TF:0|LE:0|RE:0|MO:0|SH:0|WA:56|FT:56,3,"2026-04-27 10:49:22"
970,c6726fc6d184a226489ee6ed53c19bb2f548b482,LH:63|RH:63|TF:0|LE:0|RE:0|MO:67|SH:67|WA:0|FT:0,4,"2026-04-27 10:49:22"
971,"7dbb198465165fe5c110959b6331ab27ca52657d",LH:0|RH:0|TF:0|LE:0|RE:0|MO:0|SH:27|WA:0|FT:63,2,"2026-04-27 10:49:22"
972,cc524896ecb177f7b0186a8f7d3145ab6e5aa246,LH:0|RH:41|TF:0|LE:0|RE:0|MO:0|SH:0|WA:60|FT:0,2,"2026-04-27 10:49:22"
973,b4c6be4c1f6925259d3a42984259331673c85d71,LH:25|RH:25|TF:0|LE:0|RE:0|MO:0|SH:0|WA:56|FT:0,3,"2026-04-27 10:49:22"
974,cee7cef3d45960f9d3f8578ca7890822f8715674,LH:0|RH:63|TF:0|LE:0|RE:0|MO:0|SH:27|WA:0|FT:0,2,"2026-04-27 10:49:22"
975,bcc24b82bb47d3587b12ff506c076284e0f1f0a5,LH:63|RH:63|TF:0|LE:0|RE:0|MO:0|SH:27|WA:0|FT:0,3,"2026-04-27 10:49:22"
976,"489efb1190ebdbc8d37b1d203341b9dc3a50cc5c",LH:0|RH:0|TF:0|LE:0|RE:0|MO:73|SH:27|WA:0|FT:0,2,"2026-04-27 10:49:22"
977,b601c865bfe0d1125374d5f104afeeb0988c8fa0,LH:0|RH:26|TF:0|LE:0|RE:0|MO:0|SH:27|WA:0|FT:0,2,"2026-04-27 10:49:22"
978,"1144582fda0e6d7517b756f3487c563205c8d941",LH:0|RH:67|TF:0|LE:0|RE:0|MO:0|SH:63|WA:63|FT:63,4,"2026-04-27 10:49:22"
979,a8f4e209fa5a00fecc4222ae601aa60f3bcce6be,LH:41|RH:41|TF:0|LE:0|RE:0|MO:0|SH:63|WA:0|FT:0,3,"2026-04-27 10:49:22"
980,"26513160f87f32464bdb9d73239a8e9cdad260d4",LH:0|RH:56|TF:0|LE:0|RE:0|MO:0|SH:0|WA:63|FT:63,3,"2026-04-27 10:49:22"
981,deda1f18a221e598a7ec533b26ed843c88934550,LH:63|RH:0|TF:0|LE:0|RE:0|MO:0|SH:0|WA:0|FT:56,2,"2026-04-27 10:49:22"
982,"04fd718202ce67ab418f2cbdf46566ca693a093c",LH:41|RH:58|TF:0|LE:0|RE:0|MO:0|SH:0|WA:0|FT:0,2,"2026-04-27 10:49:22"
983,db74bd356d43964e5ed497238e2d5350de7ec466,LH:0|RH:0|TF:0|LE:0|RE:0|MO:82|SH:0|WA:0|FT:0,1,"2026-04-27 10:49:22"
984,"40db2e22967dc6ae957e70828861388662fb17ab",LH:0|RH:0|TF:0|LE:0|RE:0|MO:41|SH:0|WA:0|FT:58,2,"2026-04-27 10:49:22"
985,"0cbe38c9c2ec88447343a1284edce5ca25768026",LH:0|RH:0|TF:0|LE:0|RE:0|MO:0|SH:0|WA:59|FT:63,2,"2026-04-27 10:49:22"
986,"5f9a9171ec031372d5e5e2da4af60e5d6b376428",LH:0|RH:0|TF:0|LE:0|RE:0|MO:41|SH:0|WA:0|FT:60,2,"2026-04-27 10:49:22"
987,"69327d61231d54fc75e80749ebb692190764eec1",LH:0|RH:0|TF:0|LE:0|RE:0|MO:76|SH:0|WA:0|FT:0,1,"2026-04-27 10:49:22"
988,c52063884cf5dde2024c826c7e649cda442361ff,LH:0|RH:0|TF:0|LE:0|RE:0|MO:105|SH:0|WA:0|FT:0,1,"2026-04-27 10:49:22"
989,d55772e3a7bceb45af20d55b22be68e6efd71805,LH:0|RH:0|TF:0|LE:0|RE:0|MO:0|SH:0|WA:100|FT:100,2,"2026-04-27 10:49:22"
990,c14ee70722ea7aa075916f780a7fa060d6ebf6bb,LH:0|RH:0|TF:0|LE:100|RE:0|MO:0|SH:100|WA:100|FT:100,4,"2026-04-27 10:49:22"
991,"7605d68e9000f5c7c313ee607a3b5fe0092bda06",LH:0|RH:0|TF:0|LE:101|RE:0|MO:0|SH:101|WA:101|FT:0,3,"2026-04-27 10:49:22"
992,"42958210f81ed5d5704249073e88c82c41b8e583",LH:100|RH:100|TF:0|LE:0|RE:0|MO:0|SH:0|WA:100|FT:0,3,"2026-04-27 10:49:22"
993,a254fd3a7aa6991fc2be6b28ab9ff8fa48a149c9,LH:0|RH:67|TF:0|LE:0|RE:0|MO:0|SH:26|WA:0|FT:0,2,"2026-04-27 10:49:22"
994,"655bf74cfad69eab2404bb3b3d765cb3c14b7336",LH:26|RH:26|TF:0|LE:0|RE:0|MO:0|SH:0|WA:0|FT:28,3,"2026-04-27 10:49:22"
995,"2793d864e5095bfd0161e269004fd5965cbfa3cb",LH:63|RH:79|TF:0|LE:0|RE:0|MO:0|SH:0|WA:0|FT:0,2,"2026-04-27 10:49:22"
996,ec4d6be8c25b43607ed01e224ac2857100ab5345,LH:0|RH:0|TF:0|LE:0|RE:0|MO:0|SH:0|WA:80|FT:80,2,"2026-04-27 10:49:22"
997,a38264086df9eb20e0f90f6746040c9dc4a612fb,LH:0|RH:67|TF:0|LE:0|RE:0|MO:26|SH:0|WA:26|FT:0,3,"2026-04-27 10:49:22"
998,e432aea51f243dd57f6fd6db84ab9dacd73c5aa6,LH:0|RH:92|TF:0|LE:0|RE:0|MO:0|SH:0|WA:63|FT:63,3,"2026-04-27 10:49:22"
999,"3cbab444e5110de4b538f7fdc26b4650dd850c3f",LH:0|RH:28|TF:0|LE:0|RE:0|MO:0|SH:0|WA:0|FT:0,1,"2026-04-27 10:49:22"
1000,f226be5196f4a1d556b83aaed83c8e73b398184b,LH:0|RH:0|TF:0|LE:0|RE:0|MO:0|SH:0|WA:56|FT:73,2,"2026-04-27 10:49:22"
1001,"04e4bd93de297b0b6d3437e231d947062b2d0c6d",LH:0|RH:40|TF:0|LE:0|RE:0|MO:0|SH:27|WA:0|FT:0,2,"2026-04-27 10:49:22"
1002,"4d72241bc4b32332fef6ab8001446f7c5d80f422",LH:0|RH:0|TF:0|LE:0|RE:0|MO:110|SH:0|WA:0|FT:0,1,"2026-04-27 10:49:22"
1003,"7114244b32d93bc02197b3fe892bf0684c41907e",LH:26|RH:0|TF:0|LE:0|RE:0|MO:0|SH:0|WA:26|FT:26,3,"2026-04-27 10:49:22"
1004,"380c32f83ea64c300b179059135e2373e98edf91",LH:0|RH:26|TF:0|LE:0|RE:0|MO:0|SH:0|WA:26|FT:0,2,"2026-04-27 10:49:22"
1005,"45eeb64844dfaabb28ded41a962f7087fe4472b5",LH:60|RH:60|TF:0|LE:0|RE:0|MO:0|SH:27|WA:0|FT:0,3,"2026-04-27 10:49:22"
1006,a9c4979ac6d534d6adae6d70554202b5af016e46,LH:0|RH:0|TF:0|LE:0|RE:0|MO:27|SH:0|WA:0|FT:28,2,"2026-04-27 10:49:22"
1007,"018a9ad4bcac1290c9df9d71f8e7bdb6fe086e5c",LH:28|RH:67|TF:0|LE:0|RE:0|MO:0|SH:27|WA:0|FT:0,3,"2026-04-27 10:49:22"
1008,"56388f2965409bdc0726e2217577766f04c38b2f",LH:0|RH:0|TF:0|LE:0|RE:0|MO:41|SH:0|WA:56|FT:41,3,"2026-04-27 10:49:22"
1009,"53c79e60178046bedf4ce795c8c488dcef8fa229",LH:0|RH:0|TF:0|LE:0|RE:0|MO:0|SH:0|WA:67|FT:39,2,"2026-04-27 10:49:22"
1010,fd7903fc31ebfb027a0d360d77597452d7e31d8b,LH:24|RH:0|TF:0|LE:0|RE:0|MO:0|SH:27|WA:0|FT:0,2,"2026-04-27 10:49:22"
1011,e9fa0dfc38aac03c19109fc93c92f54ff9812795,LH:67|RH:67|TF:0|LE:0|RE:0|MO:0|SH:0|WA:60|FT:0,3,"2026-04-27 10:49:22"
1012,b0cf56b077ebfa54550a0277846e93957172e8e1,LH:0|RH:0|TF:0|LE:0|RE:0|MO:67|SH:0|WA:67|FT:56,3,"2026-04-27 10:49:22"
1013,bfcc40f3d16b78d8560d025130e823bdb69935f8,LH:60|RH:63|TF:0|LE:0|RE:0|MO:0|SH:0|WA:56|FT:0,3,"2026-04-27 10:49:22"
1014,"7b8e8e1a1bfc01f797392d3d6f81fa9f7ed503be",LH:0|RH:66|TF:0|LE:0|RE:0|MO:0|SH:0|WA:0|FT:0,1,"2026-04-27 10:49:22"
1015,"106ecd9ea6fff1bc33a353d5c7c806cef0a9e628",LH:63|RH:63|TF:0|LE:0|RE:0|MO:0|SH:0|WA:60|FT:60,4,"2026-04-27 10:49:22"
1016,"17b8dd1b237fb223a7830698f4ac26ea649557ae",LH:0|RH:63|TF:0|LE:0|RE:0|MO:0|SH:0|WA:60|FT:0,2,"2026-04-27 10:49:22"
1017,b6dd8db9f73fac88de806eb957c23e5722ca6964,LH:0|RH:0|TF:0|LE:0|RE:0|MO:27|SH:0|WA:63|FT:0,2,"2026-04-27 10:49:22"
1018,"1037466d611efe590b030470afe594c3fb7fb863",LH:0|RH:0|TF:0|LE:0|RE:0|MO:0|SH:0|WA:24|FT:67,2,"2026-04-27 10:49:22"
1019,d4e3ecb7a37b158c1da19440ca121cc1e0f976fc,LH:0|RH:0|TF:0|LE:0|RE:0|MO:0|SH:0|WA:73|FT:41,2,"2026-04-27 10:49:22"
1020,"83960d5c8db2749284d628a978aceec4e2e29f6d",LH:73|RH:73|TF:0|LE:0|RE:0|MO:0|SH:27|WA:0|FT:0,3,"2026-04-27 10:49:22"
1021,abae4127ba73653cc0e68f3f4798e0643986dd71,LH:60|RH:41|TF:0|LE:0|RE:0|MO:0|SH:0|WA:63|FT:0,3,"2026-04-27 10:49:22"
1022,"0fd5643db1415f10e40394c3e4d7c3cfc819421d",LH:0|RH:0|TF:0|LE:0|RE:0|MO:0|SH:26|WA:26|FT:26,3,"2026-04-27 10:49:22"
1023,cb3bf3f6c3bd259d02fd4f57404ab9f4401effcb,LH:0|RH:0|TF:0|LE:0|RE:0|MO:0|SH:100|WA:100|FT:100,3,"2026-04-27 10:49:22"
1024,a7f39741741bc18dab5f8707c3a99699b80b151f,LH:0|RH:0|TF:0|LE:0|RE:0|MO:0|SH:100|WA:100|FT:0,2,"2026-04-27 10:49:22"
1025,"2253197fa02d0f04c7bfe022a84472d0d962a709",LH:0|RH:0|TF:92|LE:0|RE:0|MO:0|SH:92|WA:0|FT:67,3,"2026-04-27 10:49:22"
1026,ec1b928073995c2f7c914dc4f411cb7c9e4019de,LH:92|RH:67|TF:0|LE:0|RE:0|MO:0|SH:0|WA:0|FT:0,2,"2026-04-27 10:49:22"
1027,"166766490016fc44bc9bf416d93efbaa8fbe5c76",LH:60|RH:60|TF:0|LE:0|RE:0|MO:0|SH:0|WA:0|FT:56,3,"2026-04-27 10:49:22"
1028,d467e3b8da329a3d2140f947e9234013f43b50e4,LH:63|RH:41|TF:0|LE:0|RE:0|MO:0|SH:0|WA:56|FT:56,4,"2026-04-27 10:49:22"
1029,d31ff025a031f7e7311deb33ffb4f54184dbccd5,LH:25|RH:25|TF:0|LE:0|RE:0|MO:0|SH:0|WA:26|FT:26,4,"2026-04-27 10:49:22"
1030,e3a2dccfed0587b04ae9772634aadea8dd8ecbb5,LH:0|RH:0|TF:0|LE:0|RE:0|MO:0|SH:25|WA:25|FT:25,3,"2026-04-27 10:49:22"
1031,"3019c375130b3d46928c3de6b3a99ea490f5ce44",LH:25|RH:25|TF:0|LE:0|RE:0|MO:0|SH:0|WA:67|FT:0,3,"2026-04-27 10:49:22"
1032,"74dc69393765c1709b71a41fa86b07a23f8826c9",LH:0|RH:0|TF:92|LE:67|RE:0|MO:0|SH:92|WA:0|FT:0,3,"2026-04-27 10:49:22"
1033,ffa58791e259b536ba3ebd29f33677ea4645b80c,LH:58|RH:56|TF:0|LE:0|RE:0|MO:0|SH:0|WA:0|FT:0,2,"2026-04-27 10:49:22"
1034,"8b73d9a77c1095e305f57ad363dc07102ad81685",LH:39|RH:39|TF:0|LE:0|RE:0|MO:39|SH:0|WA:0|FT:0,3,"2026-04-27 10:49:22"
1035,"2ac0804230f388af751132add9414db97993924c",LH:41|RH:42|TF:0|LE:0|RE:0|MO:0|SH:0|WA:0|FT:0,2,"2026-04-27 10:49:22"
1036,"3cdd975a77ed80a8826abb8eb50ddaab029863ee",LH:67|RH:0|TF:0|LE:0|RE:0|MO:0|SH:0|WA:0|FT:60,2,"2026-04-27 10:49:22"
1037,"7f27e3984cf30bc54bf2a7812a227e0154b8273c",LH:95|RH:95|TF:0|LE:0|RE:0|MO:0|SH:0|WA:56|FT:0,3,"2026-04-27 10:49:22"
1038,"8785dfc8fc1aaa5f36f59c47ad70e49543d242e0",LH:45|RH:57|TF:0|LE:0|RE:0|MO:0|SH:0|WA:0|FT:0,2,"2026-04-27 10:49:22"
1039,"3b7da444a099de5ec5a91a330e33bae628c5a0ae",LH:43|RH:43|TF:0|LE:0|RE:0|MO:0|SH:0|WA:0|FT:45,3,"2026-04-27 10:49:22"
1040,"571594c2a1a7ff08a1267193066a68bfd5dc659a",LH:45|RH:44|TF:0|LE:0|RE:0|MO:0|SH:0|WA:0|FT:0,2,"2026-04-27 10:49:22"
1041,fa805ba549a9427616995cca1a3b22003df004dc,LH:44|RH:44|TF:0|LE:0|RE:0|MO:0|SH:0|WA:0|FT:45,3,"2026-04-27 10:49:22"
1042,"518f7a9ba01185a9cbf623c11516bfb352ece2f0",LH:55|RH:60|TF:0|LE:0|RE:0|MO:0|SH:0|WA:0|FT:0,2,"2026-04-27 10:49:22"
1043,"83718bcf85099654cca8b33d7d4bdb1e25981d7d",LH:35|RH:0|TF:0|LE:0|RE:0|MO:0|SH:0|WA:0|FT:0,1,"2026-04-27 10:49:22"
1044,"53be45a4c459ca38aa4941b23093e9c9748bd227",LH:92|RH:0|TF:0|LE:67|RE:0|MO:0|SH:0|WA:0|FT:0,2,"2026-04-27 10:49:22"
1045,"2d48fe1be82bdd21cb42d3ca2df9ab009c923505",LH:92|RH:0|TF:0|LE:0|RE:0|MO:67|SH:0|WA:67|FT:0,3,"2026-04-27 10:49:22"
1046,ffc2cf81f0fa4d9e4909dd5e268f20484e3ca761,LH:92|RH:0|TF:0|LE:0|RE:0|MO:0|SH:0|WA:67|FT:0,2,"2026-04-27 10:49:22"
1047,ac93769ef92d9dacfa61346f38e9203f7e64ea48,LH:0|RH:0|TF:0|LE:0|RE:0|MO:0|SH:0|WA:67|FT:59,2,"2026-04-27 10:49:22"
1048,"77a172bc6fc8056d29cfb5cc55c94da89b6ea253",LH:60|RH:60|TF:0|LE:0|RE:0|MO:41|SH:0|WA:0|FT:0,3,"2026-04-27 10:49:22"
1049,"36d3b11c37b0316bc3ff4de6ccf2ed1acc7e04f7",LH:0|RH:41|TF:0|LE:0|RE:0|MO:0|SH:0|WA:67|FT:0,2,"2026-04-27 10:49:22"
1050,"94cf82fe32357437f34b72737c83916ff20d73f8",LH:73|RH:0|TF:0|LE:0|RE:0|MO:0|SH:0|WA:63|FT:63,3,"2026-04-27 10:49:22"
1051,"1d673323c2279f87a0a9d8e563b80067b5114a7e",LH:56|RH:60|TF:0|LE:0|RE:0|MO:0|SH:0|WA:56|FT:0,3,"2026-04-27 10:49:22"
1052,"641f2c021f1d2ba2b7e1b2e82ea65a8e7523a45d",LH:41|RH:0|TF:0|LE:0|RE:0|MO:0|SH:0|WA:0|FT:58,2,"2026-04-27 10:49:22"
1053,b8e187b608237f91dbc1fee412c0d2d671f12414,LH:58|RH:59|TF:0|LE:0|RE:0|MO:0|SH:0|WA:0|FT:0,2,"2026-04-27 10:49:22"
1054,"14319c67d5356ff4d79b4ac3b116364599940d6a",LH:0|RH:0|TF:0|LE:0|RE:0|MO:0|SH:0|WA:0|FT:38,1,"2026-04-27 10:49:22"
1055,"696c285a7b24b1d57a287ddf8c1bcde7d414313e",LH:59|RH:63|TF:0|LE:0|RE:0|MO:0|SH:0|WA:0|FT:0,2,"2026-04-27 10:49:22"
1056,de9af704f6d2425110d202d5bd3ccabd3186f1f5,LH:0|RH:0|TF:0|LE:0|RE:0|MO:67|SH:0|WA:59|FT:59,3,"2026-04-27 10:49:22"
1057,"29207eeba7b9c22c02e8bcdad2e08df09a6909ca",LH:63|RH:41|TF:0|LE:0|RE:0|MO:0|SH:0|WA:56|FT:0,3,"2026-04-27 10:49:22"
1058,b54f1e8d52649a816b0b4ae99dc4d56c6d7e55eb,LH:92|RH:0|TF:0|LE:0|RE:0|MO:0|SH:0|WA:63|FT:0,2,"2026-04-27 10:49:22"
1059,a69efff058ff96b38b4c0e0cdfc6b2980bc7bc28,LH:59|RH:59|TF:0|LE:0|RE:0|MO:0|SH:63|WA:0|FT:0,3,"2026-04-27 10:49:22"
1060,"427f01f1b5f4983378c15877ae2c656aa167f709",LH:58|RH:58|TF:92|LE:0|RE:0|MO:0|SH:0|WA:0|FT:0,3,"2026-04-27 10:49:22"
1061,"725ebbdf1d92454d626c6e443359ff4910ccf611",LH:0|RH:0|TF:0|LE:63|RE:0|MO:0|SH:63|WA:63|FT:63,4,"2026-04-27 10:49:22"
1062,d97bd69194bc2bfbc6688cbdb0486c5bd3da3c2c,LH:0|RH:0|TF:0|LE:0|RE:0|MO:92|SH:0|WA:92|FT:63,3,"2026-04-27 10:49:22"
1063,bb0639326bad66cca37b9069704f2a309351bb36,LH:59|RH:73|TF:0|LE:0|RE:0|MO:0|SH:0|WA:0|FT:0,2,"2026-04-27 10:49:22"
1064,"34ce73297603bddec61c5c10daf4799f8b5dd6b1",LH:0|RH:108|TF:0|LE:0|RE:0|MO:0|SH:0|WA:0|FT:0,1,"2026-04-27 10:49:22"
1065,e29b08cd910b098a5f5810f7356f28456afa3700,LH:63|RH:95|TF:0|LE:0|RE:0|MO:0|SH:27|WA:0|FT:0,3,"2026-04-27 10:49:22"
1066,"6a41e9b699fa724860d96f23afeaf89675b60b35",LH:0|RH:41|TF:0|LE:0|RE:0|MO:0|SH:27|WA:0|FT:0,2,"2026-04-27 10:49:22"
1067,"6958ec9894185381d9eaa0740594d203869964fa",LH:0|RH:0|TF:0|LE:73|RE:73|MO:0|SH:73|WA:0|FT:0,3,"2026-04-27 10:49:22"
1068,c6cd9294c9c2104f1f89b2d920e54007faed2a59,LH:25|RH:41|TF:0|LE:0|RE:0|MO:0|SH:0|WA:0|FT:0,2,"2026-04-27 10:49:22"
1069,"40b2fd38e2dae8e361673450be7c14922625fcc1",LH:26|RH:26|TF:0|LE:0|RE:0|MO:26|SH:0|WA:0|FT:0,3,"2026-04-27 10:49:22"
1070,"9578ddd944b43841bb89ad32afaf6739e244da60",LH:25|RH:25|TF:0|LE:0|RE:0|MO:67|SH:0|WA:67|FT:0,4,"2026-04-27 10:49:22"
1071,be98745436fdc0ba27ba6dec1163677b48db4477,LH:56|RH:39|TF:0|LE:0|RE:0|MO:0|SH:0|WA:0|FT:0,2,"2026-04-27 10:49:22"
1072,"1aa2c9be0b8e34e72a370926f04259b80cd3fa88",LH:0|RH:62|TF:0|LE:0|RE:0|MO:0|SH:0|WA:63|FT:0,2,"2026-04-27 10:49:22"
1073,"3fc229c73b346baf9b71be9cd8950a5f366f4c12",LH:57|RH:57|TF:0|LE:0|RE:0|MO:67|SH:0|WA:0|FT:0,3,"2026-04-27 10:49:22"
1074,e71d6775a3df2e0377b80549e0cbebb2002b3d65,LH:2|RH:2|TF:0|LE:0|RE:0|MO:0|SH:0|WA:56|FT:0,3,"2026-04-27 10:49:22"
1075,a144f2927c074e70205371ff2fca09a7e2baf458,LH:42|RH:42|TF:0|LE:0|RE:0|MO:0|SH:0|WA:0|FT:0,2,"2026-04-27 10:49:22"
1076,b8ae3abda44aa3280a4e2340507e0ba685749865,LH:73|RH:73|TF:0|LE:0|RE:0|MO:0|SH:26|WA:26|FT:0,4,"2026-04-27 10:49:22"
1077,b59d4474a7bbade7aaca8612232b004890f9956d,LH:41|RH:41|TF:0|LE:0|RE:0|MO:0|SH:26|WA:26|FT:0,4,"2026-04-27 10:49:22"
1078,"56844d14559178a0ff55e0de683dad9d774e4c85",LH:0|RH:0|TF:0|LE:0|RE:0|MO:41|SH:0|WA:26|FT:26,3,"2026-04-27 10:49:22"
1079,e5fddc4bc2b2f722934418a481f874d564e3ba37,LH:63|RH:63|TF:0|LE:0|RE:0|MO:0|SH:0|WA:67|FT:0,3,"2026-04-27 10:49:22"
1080,"17094aefea38c5e263f3f0e9e9baba65a27d71d9",LH:0|RH:0|TF:0|LE:67|RE:67|MO:67|SH:0|WA:67|FT:0,4,"2026-04-27 10:49:22"
1081,"867e4858375927078d28ae73d55b8b3ec2534003",LH:58|RH:58|TF:0|LE:0|RE:0|MO:0|SH:0|WA:0|FT:41,3,"2026-04-27 10:49:22"
1082,daca359ecafe0be8c7197de44cb3b22c8be3c091,LH:67|RH:34|TF:0|LE:0|RE:0|MO:0|SH:0|WA:0|FT:0,2,"2026-04-27 10:49:22"
1083,"4748c69b3fc51e6ad1e3bb1533ec7145cb729a66",LH:107|RH:0|TF:0|LE:0|RE:0|MO:0|SH:0|WA:0|FT:0,1,"2026-04-27 10:49:22"
1084,"658cd2ed2ff8b1ad0271bb5a3a36fae7e5247ca8",LH:67|RH:67|TF:0|LE:0|RE:0|MO:0|SH:0|WA:28|FT:28,4,"2026-04-27 10:49:22"
1085,e148d1e7577ba67bad9e52eb1f0e70f9295f9d60,LH:73|RH:63|TF:0|LE:0|RE:0|MO:67|SH:0|WA:0|FT:0,3,"2026-04-27 10:49:22"
1086,d7bff6e45dd3392dc3cc6535aabec0aff2459acd,LH:0|RH:0|TF:0|LE:0|RE:0|MO:0|SH:0|WA:97|FT:0,1,"2026-04-27 10:49:22"
1087,"556e970a5abc2f595acc8a7810937ed7b68b1c03",LH:0|RH:0|TF:0|LE:0|RE:0|MO:0|SH:0|WA:0|FT:64,1,"2026-04-27 10:49:22"
1088,"3a98976a7d628797225d506246ba7864368f4959",LH:56|RH:60|TF:0|LE:0|RE:0|MO:0|SH:0|WA:0|FT:0,2,"2026-04-27 10:49:22"
1089,"717a0f4200583fcbf909e585ab96ba03ff292b4c",LH:60|RH:60|TF:0|LE:0|RE:0|MO:42|SH:0|WA:0|FT:0,3,"2026-04-27 10:49:22"
1090,"2e023419ea9252c46b7086b03cd5a366bf7f56f9",LH:0|RH:0|TF:0|LE:0|RE:0|MO:110|SH:0|WA:24|FT:0,2,"2026-04-27 10:49:22"
1091,cecef4e5ffdd88f965cb759db6bfce21ca70c560,LH:26|RH:0|TF:0|LE:0|RE:0|MO:0|SH:0|WA:67|FT:0,2,"2026-04-27 10:49:22"
1092,bcb396bfe2694077596e504e1c556f9fd6bb83f2,LH:0|RH:0|TF:0|LE:0|RE:0|MO:41|SH:0|WA:67|FT:67,3,"2026-04-27 10:49:22"
1093,deb8d33e5083c990b9425ea50b5b5caacdcfa6ed,LH:0|RH:0|TF:0|LE:0|RE:0|MO:55|SH:0|WA:60|FT:0,2,"2026-04-27 10:49:22"
1094,"1155944601853089794533c9f349c04304b0550a",LH:0|RH:105|TF:0|LE:0|RE:0|MO:0|SH:0|WA:0|FT:0,1,"2026-04-27 10:49:22"
1095,f9592906bfa441b472a1cdf547c7cd7801695511,LH:0|RH:33|TF:0|LE:0|RE:0|MO:0|SH:0|WA:0|FT:0,1,"2026-04-27 10:49:22"
1096,"64ee0f540c1904d23c39389fbf0956143efba8f8",LH:0|RH:67|TF:0|LE:0|RE:0|MO:0|SH:0|WA:24|FT:24,3,"2026-04-27 10:49:22"
1097,"4642e3d8ad9f51c6a5cfb26a6f117d9be9d2cf4a",LH:60|RH:40|TF:0|LE:0|RE:0|MO:0|SH:0|WA:0|FT:0,2,"2026-04-27 10:49:22"
1098,ad9bb3a779f5e076bb0971f6a132bb324e5ffaf0,LH:59|RH:67|TF:0|LE:0|RE:0|MO:0|SH:0|WA:0|FT:0,2,"2026-04-27 10:49:22"
1099,e53e0ecdfefd505c930ad91f79ff5ca7015e7d82,LH:59|RH:59|TF:0|LE:67|RE:0|MO:0|SH:67|WA:0|FT:0,4,"2026-04-27 10:49:22"
1100,"63d80f9b0f825920a495f616ca683dc90db94546",LH:0|RH:0|TF:0|LE:0|RE:0|MO:0|SH:0|WA:0|FT:34,1,"2026-04-27 10:49:22"
1101,"1c94e770c9e448836596895d50504e2d4978c451",LH:0|RH:0|TF:0|LE:0|RE:0|MO:0|SH:0|WA:55|FT:0,1,"2026-04-27 10:49:22"
1102,"8fc4c15eb219e5841e61f4900241b94e2e45380d",LH:2|RH:2|TF:0|LE:0|RE:0|MO:0|SH:0|WA:56|FT:56,4,"2026-04-27 10:49:22"
1103,"0171079863cd7b68b0413bf681c8961fbe52482a",LH:73|RH:65|TF:0|LE:0|RE:0|MO:0|SH:0|WA:0|FT:0,2,"2026-04-27 10:49:22"
1104,"13e78c21bbc259a6a56826359294a97432391b18",LH:60|RH:67|TF:0|LE:0|RE:0|MO:0|SH:0|WA:63|FT:0,3,"2026-04-27 10:49:22"
1105,"321a427ca89300ff6a49d968ff57e12b2f96e59a",LH:67|RH:40|TF:0|LE:0|RE:0|MO:0|SH:0|WA:0|FT:0,2,"2026-04-27 10:49:22"
1106,"4ab3a29278c5a3ca92a789bc2505cc7cc3e95be9",LH:56|RH:0|TF:0|LE:0|RE:0|MO:0|SH:0|WA:0|FT:56,2,"2026-04-27 10:49:22"
1107,"1ee9599c87c183f7d6a9d33d8a403e5ab5a0cbc8",LH:0|RH:67|TF:0|LE:0|RE:0|MO:0|SH:0|WA:60|FT:60,3,"2026-04-27 10:49:22"
1108,aa3aa21cb6cf3cbae8281190b9317674353f4a22,LH:58|RH:0|TF:0|LE:0|RE:0|MO:0|SH:0|WA:0|FT:41,2,"2026-04-27 10:49:22"
1109,b7fae6fd87c0795b172a0d383a7975e99b2d9fc8,LH:56|RH:56|TF:0|LE:0|RE:0|MO:0|SH:0|WA:67|FT:0,3,"2026-04-27 10:49:22"
1110,"00ea6d56d15456830d6aa4cb5c7b2f7c8f47ac29",LH:67|RH:39|TF:0|LE:0|RE:0|MO:0|SH:0|WA:0|FT:0,2,"2026-04-27 10:49:22"
1111,b836d4a296f074679c5a91cc0ea4d00c35414824,LH:0|RH:0|TF:0|LE:0|RE:0|MO:64|SH:0|WA:63|FT:0,2,"2026-04-27 10:49:22"
1112,"8b6033cb1e1f9df72519a4b02bee39def2711077",LH:38|RH:38|TF:0|LE:0|RE:0|MO:0|SH:0|WA:0|FT:0,2,"2026-04-27 10:49:22"
1113,dd2dfed9eb828abf0f300105ff4b5e6bcca41827,LH:0|RH:86|TF:0|LE:0|RE:0|MO:0|SH:0|WA:86|FT:0,2,"2026-04-27 10:49:22"
1114,"1d7d43f77d647c38f22da800748621adea4e3c13",LH:0|RH:0|TF:97|LE:97|RE:97|MO:0|SH:0|WA:0|FT:0,3,"2026-04-27 10:49:22"
1115,ed98c14d68a6d658039c812023debb2e1e2ff320,LH:0|RH:0|TF:0|LE:67|RE:0|MO:27|SH:67|WA:67|FT:0,4,"2026-04-27 10:49:22"
1116,f89d8c7aaed630f01c1e3cded3205a7bafb6a292,LH:41|RH:44|TF:0|LE:0|RE:0|MO:0|SH:0|WA:0|FT:0,2,"2026-04-27 10:49:22"
1117,af561c36b65395b71d4630366c7250bbe596fedf,LH:44|RH:44|TF:0|LE:0|RE:0|MO:45|SH:0|WA:0|FT:0,3,"2026-04-27 10:49:22"
1118,"256472d8915ed925faefdd7f50d5b6a14e5fac32",LH:0|RH:110|TF:0|LE:0|RE:0|MO:0|SH:0|WA:0|FT:0,1,"2026-04-27 10:49:22"
1119,"196f3a5c3638e4e695d321bc270938be9727f435",LH:32|RH:38|TF:0|LE:0|RE:0|MO:0|SH:0|WA:0|FT:0,2,"2026-04-27 10:49:22"
1120,"419e2bf7497940d12c7ef1f44f432bf76c0f3bd4",LH:38|RH:32|TF:0|LE:0|RE:0|MO:0|SH:0|WA:0|FT:0,2,"2026-04-27 10:49:22"
1121,bc5389510407f9184b8061f838a627f2d7924cb9,LH:0|RH:38|TF:0|LE:0|RE:0|MO:0|SH:0|WA:0|FT:0,1,"2026-04-27 10:49:22"
1122,"9527e3a297f4c2f84a09fcda5b67d1b4b03d92b6",LH:63|RH:63|TF:0|LE:0|RE:0|MO:0|SH:27|WA:56|FT:56,5,"2026-04-27 10:49:22"
1123,"8e00e90ba2e7ede8255cc3f290835c2049f94a5e",LH:67|RH:67|TF:0|LE:0|RE:0|MO:0|SH:27|WA:56|FT:0,4,"2026-04-27 10:49:22"
1124,b988be46889770e84e5cff8dd577d3ee5f48de0d,LH:56|RH:56|TF:0|LE:0|RE:0|MO:0|SH:0|WA:73|FT:0,3,"2026-04-27 10:49:22"
1125,"3c8d0ab2fc5e68c4af826621e81740e0ec9d1b25",LH:0|RH:39|TF:0|LE:0|RE:0|MO:0|SH:27|WA:0|FT:0,2,"2026-04-27 10:49:22"
1126,c7e69f417df8f726fb6b5df958837c4493777520,LH:0|RH:0|TF:0|LE:0|RE:0|MO:0|SH:25|WA:0|FT:0,1,"2026-04-27 10:49:22"
1127,a884ab6d285020aa00c5e3389082a4fc4937e69b,LH:0|RH:0|TF:0|LE:101|RE:0|MO:0|SH:101|WA:0|FT:0,2,"2026-04-27 10:49:22"
1128,"52439291d0e4c2312ae33c8a65d96e9e6f9b56f0",LH:1|RH:1|TF:0|LE:0|RE:0|MO:0|SH:24|WA:24|FT:24,5,"2026-04-27 10:49:22"
1129,"3692c1a9176ec130f3ae34a5a54284bee79b9706",LH:1|RH:1|TF:0|LE:0|RE:0|MO:24|SH:0|WA:24|FT:0,4,"2026-04-27 10:49:22"
1130,ddeffca1b61a9a6bb499d3b9ee063c8ade2b3e6f,LH:48|RH:48|TF:0|LE:0|RE:0|MO:0|SH:0|WA:60|FT:0,3,"2026-04-27 10:49:22"
1131,d105fe5f7b9d9f9360514c7801b6c38f1aaf5b31,LH:0|RH:0|TF:0|LE:0|RE:0|MO:0|SH:67|WA:63|FT:63,3,"2026-04-27 10:49:22"
1132,c10d1505c56e6aa08f344a5257fa9ff35c1ea171,LH:58|RH:57|TF:0|LE:0|RE:0|MO:0|SH:0|WA:0|FT:0,2,"2026-04-27 10:49:22"
1133,"482907c4f3d2c1e07fd2a1cc2e8eba5876a5ff56",LH:0|RH:0|TF:0|LE:0|RE:0|MO:26|SH:0|WA:0|FT:0,1,"2026-04-27 10:49:22"
1134,"77a7e8c4d89dcb58c724a81a438bb2fd8c731f3c",LH:0|RH:0|TF:0|LE:0|RE:0|MO:90|SH:90|WA:90|FT:90,4,"2026-04-27 10:49:22"
1135,aaf69a5aee880d199242cb2952c0c6ac298ca010,LH:0|RH:0|TF:0|LE:0|RE:0|MO:0|SH:0|WA:67|FT:36,2,"2026-04-27 10:49:22"
1136,"02c9f4a5362ede390628f032e20694f165a70f16",LH:0|RH:0|TF:0|LE:0|RE:39|MO:0|SH:0|WA:0|FT:0,1,"2026-04-27 10:49:22"
1137,"74cb1e7a7c67f47ca9774202ea951c003dba68a3",LH:2|RH:2|TF:0|LE:0|RE:0|MO:67|SH:0|WA:0|FT:0,3,"2026-04-27 10:49:22"
1138,"2b1a1f6c006aea82e8ddd5b21316ae5608199814",LH:67|RH:67|TF:0|LE:0|RE:0|MO:26|SH:0|WA:26|FT:0,4,"2026-04-27 10:49:22"
1139,e4fa99d754de6e6be95a65632403f0a1f06a6cb0,LH:56|RH:0|TF:0|LE:0|RE:0|MO:41|SH:0|WA:0|FT:0,2,"2026-04-27 10:49:22"
1140,"65da1e4a714c5e630379ee0b71332413327351b1",LH:56|RH:0|TF:0|LE:0|RE:0|MO:0|SH:27|WA:0|FT:0,2,"2026-04-27 10:49:22"
1141,"7c2c580ca54ddd85daf52adf5a2ca6acde7c9a02",LH:26|RH:0|TF:0|LE:0|RE:0|MO:0|SH:27|WA:0|FT:0,2,"2026-04-27 10:49:22"
1142,"72b3d6490a564a533df827930b150c601e77cc58",LH:45|RH:69|TF:0|LE:0|RE:0|MO:0|SH:0|WA:0|FT:0,2,"2026-04-27 10:49:22"
1143,"16e73951a4627423980251e3a9e4eb8fdbd1f2ec",LH:95|RH:67|TF:0|LE:0|RE:0|MO:0|SH:0|WA:63|FT:0,3,"2026-04-27 10:49:22"
1144,"02cb90e0dc467fe2ad9e01b5058117993ff8c5de",LH:2|RH:26|TF:0|LE:0|RE:0|MO:0|SH:0|WA:0|FT:0,2,"2026-04-27 10:49:22"
1145,be4b93a2a7d0d283fef0bb5c8691d24797336a36,LH:32|RH:32|TF:0|LE:0|RE:0|MO:0|SH:0|WA:0|FT:0,2,"2026-04-27 10:49:22"
1146,"7923d8650da55e1afd5c414323cd5a78bfe3e706",LH:4|RH:0|TF:0|LE:0|RE:0|MO:0|SH:0|WA:0|FT:0,1,"2026-04-27 10:49:22"
1147,"0421fcf00801cde35306e380599573f2bfab0c0b",LH:73|RH:73|TF:0|LE:0|RE:0|MO:26|SH:0|WA:26|FT:0,4,"2026-04-27 10:49:22"
1148,ca2d8b5066338e1ac3c82b0ec0dbb4f43b1d7adc,LH:0|RH:0|TF:101|LE:101|RE:101|MO:0|SH:101|WA:0|FT:0,4,"2026-04-27 10:49:22"
1149,"785e3b620da59401236d91adfb50151bfe25b371",LH:67|RH:0|TF:0|LE:0|RE:0|MO:41|SH:0|WA:0|FT:41,3,"2026-04-27 10:49:22"
1150,"78031908fcc5f6cbc439fc970ebe436289546f89",LH:101|RH:101|TF:0|LE:0|RE:0|MO:0|SH:0|WA:101|FT:0,3,"2026-04-27 10:49:22"
1151,f99f8c187e8c1b5601dff7fb1f1d01af56758d76,LH:0|RH:0|TF:0|LE:0|RE:0|MO:0|SH:0|WA:0|FT:107,1,"2026-04-27 10:49:22"
1152,"3013377bc5474a9645e2ba2215ffab6016fa9e2a",LH:110|RH:0|TF:0|LE:0|RE:0|MO:0|SH:0|WA:0|FT:0,1,"2026-04-27 10:49:22"
1153,cdda67d08d630abaf2b31dfd6be8fcc639417ad1,LH:26|RH:0|TF:0|LE:0|RE:0|MO:110|SH:0|WA:0|FT:0,2,"2026-04-27 10:49:22"
1154,f295861e8006b04882dd3de10c4cdaba38bffa6f,LH:63|RH:63|TF:0|LE:0|RE:0|MO:0|SH:0|WA:60|FT:41,4,"2026-04-27 10:49:22"
1155,f1903a15586e412ed8ea1bb9f827f2b174076d55,LH:0|RH:45|TF:0|LE:0|RE:0|MO:0|SH:0|WA:0|FT:0,1,"2026-04-27 10:49:22"
1156,"2a836681096fd2bb4f515fcd87075008340b06da",LH:79|RH:0|TF:0|LE:0|RE:0|MO:0|SH:27|WA:0|FT:0,2,"2026-04-27 10:49:22"
1157,"4273f1a0b1794062c9cf771b41a352bcf16508d5",LH:57|RH:57|TF:0|LE:0|RE:0|MO:67|SH:0|WA:67|FT:0,4,"2026-04-27 10:49:22"
1158,"7dba7439e2e72f375435ce714779c67b922d804f",LH:0|RH:0|TF:0|LE:0|RE:0|MO:45|SH:0|WA:45|FT:0,2,"2026-04-27 10:49:22"
1159,f8677e1e24b186416ad4a9f8c1fe436659a97088,LH:67|RH:42|TF:0|LE:0|RE:0|MO:0|SH:0|WA:0|FT:0,2,"2026-04-27 10:49:22"
1160,ed78aa4f8daa4dc64cce5b66956361adac6e057d,LH:53|RH:0|TF:0|LE:0|RE:0|MO:0|SH:0|WA:0|FT:0,1,"2026-04-27 10:49:22"
1161,"7a6ddd281f1e22f0a42efc2d97fac2168dd42b8e",LH:103|RH:0|TF:0|LE:0|RE:0|MO:0|SH:0|WA:0|FT:0,1,"2026-04-27 10:49:22"
1162,b6898558efbf569f6b84432d6d827c75cd7ce2b5,LH:57|RH:41|TF:0|LE:0|RE:0|MO:0|SH:0|WA:63|FT:0,3,"2026-04-27 10:49:22"
1163,b2317b96160c7eb6791324852df88e4c05240da2,LH:59|RH:59|TF:0|LE:0|RE:0|MO:0|SH:0|WA:0|FT:63,3,"2026-04-27 10:49:22"
1164,"514054bb07b90c75dd61dd3a5ca963beb99d3a89",LH:59|RH:59|TF:0|LE:0|RE:0|MO:0|SH:63|WA:63|FT:0,4,"2026-04-27 10:49:22"
1165,fb28a5240f0f913bdd8ac3cb23bcdd41bd948cd5,LH:60|RH:60|TF:0|LE:0|RE:0|MO:0|SH:0|WA:45|FT:0,3,"2026-04-27 10:49:22"
1166,"28a00549d415cc7e6c839fb11babfaea66b30891",LH:63|RH:56|TF:0|LE:0|RE:0|MO:0|SH:0|WA:60|FT:0,3,"2026-04-27 10:49:22"
1167,a63aa1e0b1a9983da9c0d089eeec94e77f72f661,LH:41|RH:45|TF:0|LE:0|RE:0|MO:0|SH:0|WA:0|FT:0,2,"2026-04-27 10:49:22"
1168,"587a8b61ac597b9081c19ae7a0d652d418389c24",LH:73|RH:26|TF:0|LE:0|RE:0|MO:0|SH:0|WA:0|FT:0,2,"2026-04-27 10:49:22"
1169,"66cb4c100266bd3d64928ca0f64ae8443cbbdefb",LH:0|RH:0|TF:0|LE:0|RE:0|MO:105|SH:0|WA:105|FT:105,3,"2026-04-27 10:49:22"
1170,be0a896a8cec83564bfd065475d0579747de9564,LH:63|RH:76|TF:0|LE:0|RE:0|MO:0|SH:0|WA:0|FT:0,2,"2026-04-27 10:49:22"
1171,"6c3d635cb18d4ba9c9ea7fa850d9b50d371ad84e",LH:0|RH:0|TF:0|LE:67|RE:0|MO:0|SH:0|WA:26|FT:26,3,"2026-04-27 10:49:22"
1172,"01cb34188c4986a52f55c5cf1b504d0023b0fa3e",LH:63|RH:63|TF:0|LE:0|RE:0|MO:41|SH:0|WA:0|FT:0,3,"2026-04-27 10:49:22"
1173,"58c894c1ed3362e6e4af437193017dfac115c853",LH:63|RH:67|TF:0|LE:0|RE:0|MO:73|SH:0|WA:0|FT:0,3,"2026-04-27 10:49:22"
1174,ff405ca10a500d070753284d9095930364c52a5c,LH:67|RH:41|TF:0|LE:0|RE:0|MO:0|SH:0|WA:63|FT:0,3,"2026-04-27 10:49:22"
1175,"3de01d5c8ebba5cbe78525c874e1fefc6eef0571",LH:0|RH:95|TF:0|LE:0|RE:0|MO:0|SH:0|WA:63|FT:63,3,"2026-04-27 10:49:22"
1176,e91e579f1b33273088973d6b1a553fd7f7506fff,LH:0|RH:95|TF:0|LE:0|RE:0|MO:0|SH:63|WA:63|FT:63,4,"2026-04-27 10:49:22"
1177,de8ebee7b3b18b866b4c25739e4773893f8243ab,LH:73|RH:73|TF:0|LE:0|RE:0|MO:0|SH:0|WA:59|FT:0,3,"2026-04-27 10:49:22"
1178,"0ff4c0b4892030546fccce889798a3f59bdc2bc0",LH:45|RH:45|TF:0|LE:0|RE:0|MO:47|SH:0|WA:0|FT:0,3,"2026-04-27 10:49:22"
1179,a6e85f325d79b6f4de46dda85827722373cf3315,LH:0|RH:0|TF:0|LE:0|RE:0|MO:102|SH:0|WA:102|FT:0,2,"2026-04-27 10:49:22"
1180,"9b87282f37ef5fafe61392ff6aba15124a121f98",LH:0|RH:0|TF:0|LE:0|RE:0|MO:0|SH:49|WA:0|FT:0,1,"2026-04-27 10:49:22"
1181,"1b14e68c46064c102e2b3045d9c59aa8a4ca542e",LH:52|RH:52|TF:0|LE:0|RE:0|MO:0|SH:0|WA:0|FT:0,2,"2026-04-27 10:49:22"
1182,"25c32465990f75e89981475080a39108128f0875",LH:108|RH:108|TF:0|LE:0|RE:0|MO:0|SH:0|WA:0|FT:0,2,"2026-04-27 10:49:22"
1183,e6b1550acbe55f14f44a637efd0fc0fcbd3e3327,LH:2|RH:2|TF:0|LE:67|RE:0|MO:0|SH:67|WA:0|FT:0,4,"2026-04-27 10:49:22"
1184,db04b648623df39c248386728eb18dd792cf7c79,LH:27|RH:0|TF:0|LE:0|RE:0|MO:0|SH:0|WA:0|FT:0,1,"2026-04-27 10:49:22"
1185,"025d4b337bda7b8195b392b0ccbe96e7509505a6",LH:0|RH:78|TF:0|LE:0|RE:0|MO:0|SH:0|WA:0|FT:0,1,"2026-04-27 10:49:22"
1186,"156465fa645b3ed3882d26a766f59e53ef9c2484",LH:56|RH:67|TF:0|LE:0|RE:0|MO:0|SH:0|WA:63|FT:0,3,"2026-04-27 10:49:22"
1187,"556f8aa33442d406a805f4083702f65c6cea67a5",LH:67|RH:57|TF:0|LE:0|RE:0|MO:0|SH:0|WA:0|FT:0,2,"2026-04-27 10:49:22"
1188,"6bcbc24c47828a41dd45ef9f54434e82987ce665",LH:58|RH:0|TF:0|LE:0|RE:0|MO:67|SH:0|WA:0|FT:0,2,"2026-04-27 10:49:22"
1189,d90703071b59531e0a2547dd1d96ffd23b3cdcb4,LH:0|RH:75|TF:0|LE:0|RE:0|MO:0|SH:0|WA:0|FT:0,1,"2026-04-27 10:49:22"
1190,"606a3fa0c0361e8008f544e1ecae0328bc924bf1",LH:92|RH:0|TF:0|LE:0|RE:67|MO:0|SH:0|WA:0|FT:0,2,"2026-04-27 10:49:22"
1191,"7edf7a73054ceb53145205fe66a3d28373c78543",LH:0|RH:67|TF:92|LE:0|RE:0|MO:0|SH:0|WA:0|FT:0,2,"2026-04-27 10:49:22"
1192,a86fa40443f51a645601577884ad0cdcfa038cdd,LH:95|RH:63|TF:0|LE:0|RE:0|MO:0|SH:27|WA:0|FT:0,3,"2026-04-27 10:49:22"
1193,"445975ee12548ce89af2f37fabd3b257d108e565",LH:0|RH:26|TF:0|LE:0|RE:0|MO:0|SH:0|WA:67|FT:0,2,"2026-04-27 10:49:22"
1194,"01a6bf0dce2549bbb00e848fac280343e3fc4fff",LH:73|RH:0|TF:0|LE:0|RE:0|MO:0|SH:0|WA:56|FT:56,3,"2026-04-27 10:49:22"
1195,"8d144ddbfba6da18d26db93a2efbf87aee396544",LH:60|RH:60|TF:0|LE:0|RE:0|MO:0|SH:0|WA:63|FT:63,4,"2026-04-27 10:49:22"
1196,b3e5dbc69011fda69bfa79c9638c12c35e9c481c,LH:0|RH:54|TF:0|LE:0|RE:0|MO:0|SH:0|WA:0|FT:0,1,"2026-04-27 10:49:22"
1197,"6a215a9381a6d8d092000cd89ad5dcfd7a5cf874",LH:44|RH:45|TF:0|LE:0|RE:0|MO:0|SH:0|WA:0|FT:0,2,"2026-04-27 10:49:22"
1198,"1e51188344379fdccd0d993b04f68415137fff5a",LH:0|RH:0|TF:0|LE:0|RE:0|MO:67|SH:0|WA:63|FT:67,3,"2026-04-27 10:49:22"
1199,"460f18404b5ae9d9f055c47ecd989c4e24495c3e",LH:41|RH:60|TF:0|LE:0|RE:0|MO:0|SH:0|WA:63|FT:0,3,"2026-04-27 10:49:22"
1200,a884e90d7ef0ce1b90806a8b307fe3af6706e138,LH:41|RH:0|TF:0|LE:0|RE:0|MO:110|SH:0|WA:0|FT:0,2,"2026-04-27 10:49:22"
1201,cb62b42765bdcec006842d52b8b4961fc84a2c68,LH:0|RH:24|TF:0|LE:0|RE:0|MO:110|SH:0|WA:0|FT:0,2,"2026-04-27 10:49:22"
1202,"7daac0a32d9273994fa6ea8e7d551c8e6d6a14e0",LH:0|RH:5|TF:0|LE:0|RE:0|MO:0|SH:0|WA:0|FT:0,1,"2026-04-27 10:49:22"
1203,"6136f6515fae0b24deea161d50c580df969356c7",LH:67|RH:67|TF:0|LE:0|RE:0|MO:0|SH:0|WA:59|FT:59,4,"2026-04-27 10:49:22"
1204,"3b891b6533292911b975114a7006d800fc353863",LH:41|RH:67|TF:0|LE:0|RE:0|MO:0|SH:27|WA:0|FT:0,3,"2026-04-27 10:49:22"
1205,"8958924bd6f763360f9d72331567e9e1ed50dca8",LH:41|RH:41|TF:0|LE:0|RE:0|MO:0|SH:0|WA:24|FT:0,3,"2026-04-27 10:49:22"
1206,d8001aa99222d237f4b08cffd2b88ff8679b925e,LH:0|RH:41|TF:0|LE:0|RE:0|MO:67|SH:0|WA:0|FT:0,2,"2026-04-27 10:49:22"
1207,b59a27d903b692988b4dcb36982000897ab7f4cf,LH:0|RH:58|TF:0|LE:0|RE:0|MO:0|SH:0|WA:0|FT:41,2,"2026-04-27 10:49:22"
1208,"918ceeffd300a57c8a8779c8203a1447f3c700f4",LH:1|RH:1|TF:0|LE:0|RE:0|MO:0|SH:24|WA:24|FT:0,4,"2026-04-27 10:49:22"
1209,ef838e62cb1de6b71473bb272620e8e657b66637,LH:1|RH:24|TF:0|LE:0|RE:0|MO:0|SH:0|WA:0|FT:0,2,"2026-04-27 10:49:22"
1210,"14bbfa5049d68190211bd91803a07c72bc14cd07",LH:24|RH:1|TF:0|LE:0|RE:0|MO:0|SH:0|WA:0|FT:0,2,"2026-04-27 10:49:22"
1211,"371ea77a0a0d53258e4a11051ac027ce1f7b5293",LH:1|RH:1|TF:0|LE:0|RE:0|MO:0|SH:24|WA:0|FT:0,3,"2026-04-27 10:49:22"
1212,"0a86f747b7bf32bbadd105a55d57e3daf05ca4f5",LH:98|RH:98|TF:0|LE:0|RE:0|MO:0|SH:0|WA:0|FT:0,2,"2026-04-27 10:49:22"
1213,f65e54102845d779b4efb2172debcc6a4c29c138,LH:0|RH:67|TF:0|LE:0|RE:0|MO:0|SH:0|WA:0|FT:60,2,"2026-04-27 10:49:22"
1214,"05c56225d0f3c5d7ca46a84a52f145de866dacff",LH:59|RH:59|TF:0|LE:0|RE:0|MO:41|SH:0|WA:0|FT:0,3,"2026-04-27 10:49:22"
1215,"6410bc7b3a3d91a5e0a9934aa3e0745acf9b66cc",LH:0|RH:92|TF:0|LE:0|RE:0|MO:67|SH:0|WA:0|FT:0,2,"2026-04-27 10:49:22"
1216,c257e0141d7165070d9868371e9cb2cbfce37dad,LH:59|RH:59|TF:0|LE:0|RE:0|MO:63|SH:0|WA:0|FT:0,3,"2026-04-27 10:49:22"
1217,"9fafab188ce028f29570fb65180804405ab80788",LH:59|RH:41|TF:0|LE:0|RE:0|MO:0|SH:0|WA:0|FT:0,2,"2026-04-27 10:49:22"
1218,deb32804346b4147bebf956ed1e22a2cbeb7cca1,LH:0|RH:0|TF:73|LE:0|RE:0|MO:0|SH:0|WA:0|FT:0,1,"2026-04-27 10:49:22"
1219,"461e8623c83f838c653f182307612b12b03d8f23",LH:0|RH:55|TF:0|LE:0|RE:0|MO:0|SH:0|WA:0|FT:0,1,"2026-04-27 10:49:22"
1220,c2bbc1281f772a67add33ce3717a2e626e275718,LH:55|RH:0|TF:0|LE:0|RE:0|MO:0|SH:0|WA:0|FT:0,1,"2026-04-27 10:49:22"
1221,"7a1f4869ce1d51899edd08842aee1fe206281fc9",LH:0|RH:0|TF:92|LE:92|RE:92|MO:0|SH:92|WA:63|FT:63,6,"2026-04-27 10:49:22"
1222,"704b5d46ad3690bb99e19098877baafcb5b9a5f1",LH:0|RH:60|TF:0|LE:0|RE:0|MO:0|SH:0|WA:56|FT:56,3,"2026-04-27 10:49:22"
1223,"851f7db72f2f4a636538369d23897b7060a65ab8",LH:0|RH:41|TF:0|LE:0|RE:0|MO:0|SH:0|WA:73|FT:0,2,"2026-04-27 10:49:22"
1224,"4c0b75f22af7a139ee9b7a57e8a88e9109528c57",LH:56|RH:56|TF:0|LE:0|RE:0|MO:0|SH:67|WA:0|FT:0,3,"2026-04-27 10:49:22"
1225,"477f267ea733ac665092c98af69e44496a339135",LH:67|RH:67|TF:0|LE:0|RE:0|MO:0|SH:0|WA:0|FT:26,3,"2026-04-27 10:49:22"
1226,"849da40bfe731678825c6a3f31b53c71b26f486b",LH:67|RH:63|TF:0|LE:0|RE:0|MO:0|SH:0|WA:95|FT:0,3,"2026-04-27 10:49:22"
1227,"2dce0a19f166f3297aaed2dc1ec30f8eb875488d",LH:63|RH:63|TF:0|LE:0|RE:0|MO:0|SH:41|WA:0|FT:41,4,"2026-04-27 10:49:22"
1228,de0b394fae6e5475a2a27947224a52ba8e780e9b,LH:67|RH:67|TF:0|LE:0|RE:0|MO:0|SH:0|WA:24|FT:0,3,"2026-04-27 10:49:22"
1229,"459ccbc0f0d51da6579f830b2fff7cfe67af2583",LH:24|RH:24|TF:0|LE:0|RE:0|MO:0|SH:0|WA:26|FT:0,3,"2026-04-27 10:49:22"
1230,c804e793926c2f87152d28135d3f45d71be4fa9b,LH:42|RH:42|TF:0|LE:0|RE:0|MO:0|SH:0|WA:60|FT:0,3,"2026-04-27 10:49:22"
1231,"77f37510f66d6d158c785a0d6784d35a19a91de6",LH:0|RH:0|TF:92|LE:0|RE:0|MO:67|SH:0|WA:0|FT:0,2,"2026-04-27 10:49:22"
1232,a98578a7ddf830139c630765181054f55ed856ae,LH:5|RH:0|TF:0|LE:0|RE:0|MO:0|SH:0|WA:0|FT:0,1,"2026-04-27 10:49:22"
1233,"3b677d0a883b1368e69adf04ed0f3b9d8f9b646b",LH:67|RH:67|TF:92|LE:0|RE:0|MO:0|SH:0|WA:26|FT:0,4,"2026-04-27 10:49:22"
1234,"130728b31d86f279498bdf7ecac84882e40743c6",LH:67|RH:67|TF:0|LE:0|RE:0|MO:0|SH:0|WA:24|FT:24,4,"2026-04-27 10:49:22"
1235,"67855f73975ee9b99030c43e963c1a565d438693",LH:57|RH:57|TF:0|LE:0|RE:0|MO:67|SH:0|WA:67|FT:67,5,"2026-04-27 10:49:22"
1236,"83ac5352f61759c437f195ead817569a4b99fdd6",LH:73|RH:67|TF:0|LE:0|RE:0|MO:0|SH:0|WA:63|FT:0,3,"2026-04-27 10:49:22"
1237,"281647dce7cf8283dd598f1e602252b146a18a80",LH:66|RH:56|TF:0|LE:0|RE:0|MO:0|SH:0|WA:0|FT:0,2,"2026-04-27 10:49:22"
1238,"235e9cf795af87ad1e11a3f38eeb796b820f1d5b",LH:39|RH:63|TF:0|LE:0|RE:0|MO:0|SH:0|WA:0|FT:0,2,"2026-04-27 10:49:22"
1239,a92fa3e10dd2c4d1a6ef9a6d583dd6e6a2a70cc9,LH:57|RH:57|TF:0|LE:73|RE:73|MO:0|SH:0|WA:0|FT:0,4,"2026-04-27 10:49:22"
1240,"38de241cac417f790185b0fe84994827936b786a",LH:59|RH:59|TF:0|LE:73|RE:0|MO:0|SH:0|WA:0|FT:0,3,"2026-04-27 10:49:22"
1241,"0bc5e671e5463e067df7bd0d0f66065968f88dd0",LH:56|RH:41|TF:0|LE:0|RE:0|MO:0|SH:0|WA:60|FT:0,3,"2026-04-27 10:49:22"
1242,f0ec98fcf638b7af3bce2105775051a56a53f8f6,LH:56|RH:0|TF:0|LE:0|RE:0|MO:0|SH:0|WA:67|FT:0,2,"2026-04-27 10:49:22"
1243,"034a4528aa47d3286b312a1ccefe2ec2266a4499",LH:67|RH:83|TF:0|LE:0|RE:0|MO:0|SH:0|WA:0|FT:0,2,"2026-04-27 10:49:22"
1244,e308bdd1dc889bf5ee10c271ce92a90fe11767d4,LH:41|RH:67|TF:0|LE:0|RE:0|MO:0|SH:63|WA:63|FT:0,4,"2026-04-27 10:49:22"
1245,e1185a0066598868be10fdf8d44d72bc73c6396c,LH:2|RH:2|TF:0|LE:0|RE:0|MO:0|SH:0|WA:67|FT:0,3,"2026-04-27 10:49:22"
1246,"993bba3900d8eaa0969c12917ce5a776f0b062c3",LH:0|RH:28|TF:0|LE:0|RE:0|MO:0|SH:27|WA:0|FT:0,2,"2026-04-27 10:49:22"
1247,f776e9eb6c2f8d7319030874fe29d99c4e0b581d,LH:3|RH:3|TF:0|LE:0|RE:0|MO:0|SH:27|WA:0|FT:0,3,"2026-04-27 10:49:22"
1248,"6fcb1542c2245b34dcc060517f6d2d5ae31c526c",LH:0|RH:0|TF:0|LE:0|RE:0|MO:0|SH:27|WA:0|FT:28,2,"2026-04-27 10:49:22"
1249,"1eb36f8c6a907c61817ad7032c83f761a5997dac",LH:28|RH:0|TF:0|LE:0|RE:0|MO:0|SH:27|WA:0|FT:0,2,"2026-04-27 10:49:22"
1250,"8450a3160b40e72d6b4c50c70a00c6e512d05c39",LH:0|RH:0|TF:0|LE:0|RE:101|MO:0|SH:0|WA:101|FT:0,2,"2026-04-27 10:49:22"
1251,eea4777835f18ab6ff3572f592e5c86e42b683d2,LH:0|RH:0|TF:0|LE:0|RE:0|MO:101|SH:101|WA:101|FT:0,3,"2026-04-27 10:49:22"
1252,c9367395a4c879a71afa0aa140671b253be57aa2,LH:108|RH:0|TF:0|LE:0|RE:0|MO:0|SH:27|WA:0|FT:0,2,"2026-04-27 10:49:22"
1253,"92d22d2f2b5b8201cd2903990aa0c39e0aa4d60f",LH:34|RH:34|TF:0|LE:0|RE:0|MO:0|SH:27|WA:0|FT:0,3,"2026-04-27 10:49:22"
1254,"6dc74d5fcb9c94077124ecb24710a52de0c8b99e",LH:0|RH:0|TF:0|LE:0|RE:0|MO:110|SH:27|WA:0|FT:0,2,"2026-04-27 10:49:22"
1255,"8afbe46f1e906c9618439f494975b555dbe44b7a",LH:0|RH:0|TF:0|LE:0|RE:0|MO:0|SH:27|WA:63|FT:0,2,"2026-04-27 10:49:22"
1256,"7dc23a47312bf18ec1f6b81f7f4933e8bfb3edcd",LH:0|RH:58|TF:0|LE:0|RE:0|MO:0|SH:0|WA:0|FT:58,2,"2026-04-27 10:49:22"
1257,"85159cb9aff9e89305c2380da78b8a88ad925b16",LH:0|RH:7|TF:0|LE:0|RE:0|MO:0|SH:0|WA:0|FT:0,1,"2026-04-27 10:49:22"
1258,"8c96c3bdc229c6e073321088fc64b8fa343103c1",LH:83|RH:26|TF:0|LE:0|RE:0|MO:0|SH:0|WA:0|FT:0,2,"2026-04-27 10:49:22"
1259,c4a62c9b4200f9b206289695771d3487d58bd001,LH:67|RH:0|TF:0|LE:0|RE:0|MO:0|SH:0|WA:0|FT:28,2,"2026-04-27 10:49:22"
1260,"35f09cd49132673dcb0723398ee0df253b3ddd2e",LH:59|RH:59|TF:0|LE:0|RE:0|MO:0|SH:67|WA:0|FT:0,3,"2026-04-27 10:49:22"
1261,"23bf602e8b2f36a54f064cdadd4d8a6e72c0ca06",LH:59|RH:0|TF:0|LE:0|RE:0|MO:0|SH:0|WA:67|FT:0,2,"2026-04-27 10:49:22"
1262,"5df49f18993b811b5e595314c7778190f806a9e2",LH:0|RH:0|TF:0|LE:0|RE:0|MO:28|SH:0|WA:0|FT:28,2,"2026-04-27 10:49:22"
1263,"206e463a6ba37b2f14ebedf80e133a07443141c6",LH:41|RH:41|TF:0|LE:0|RE:0|MO:44|SH:0|WA:0|FT:0,3,"2026-04-27 10:49:22"
1264,"5b0cd1f6e5368419d74e5f16bf905050ba918c5a",LH:67|RH:60|TF:0|LE:0|RE:0|MO:41|SH:0|WA:0|FT:0,3,"2026-04-27 10:49:22"
1265,"49b6cd585a0d2e5c4f74cbff3cc682f1024587f0",LH:49|RH:0|TF:0|LE:0|RE:0|MO:0|SH:0|WA:0|FT:0,1,"2026-04-27 10:49:22"
1266,fc9187bff65a1a8a549982a9daed7e105b3a2ade,LH:0|RH:67|TF:0|LE:0|RE:0|MO:0|SH:26|WA:26|FT:0,3,"2026-04-27 10:49:22"
1267,eb358e38f732fd1f17602dcb44169533f004c04d,LH:112|RH:112|TF:0|LE:0|RE:0|MO:0|SH:0|WA:0|FT:0,2,"2026-04-27 10:49:22"
1268,"8013cbaf6d63f17a0ad21ad65041e6d540530a62",LH:25|RH:25|TF:0|LE:0|RE:0|MO:27|SH:0|WA:0|FT:0,3,"2026-04-27 10:49:22"
1269,"33d0a90f36af3adb27b063bc3dd3c8853d9c60ab",LH:32|RH:39|TF:0|LE:0|RE:0|MO:0|SH:0|WA:0|FT:0,2,"2026-04-27 10:49:22"
1270,"71ae68912e715a78f50fc802b252a2828545a75f",LH:39|RH:26|TF:0|LE:0|RE:0|MO:0|SH:0|WA:0|FT:0,2,"2026-04-27 10:49:22"
1271,a1d798a534df76225d7e0c9030206fcfc4e86dbc,LH:2|RH:67|TF:0|LE:0|RE:0|MO:0|SH:0|WA:0|FT:0,2,"2026-04-27 10:49:22"
1272,"3c24bf5629fa38c901bc1f8d23f7059700b5dd7c",LH:56|RH:56|TF:0|LE:0|RE:0|MO:0|SH:0|WA:63|FT:0,3,"2026-04-27 10:49:22"
1273,bf47e3a6b8eed8cefb34f8254a6351f8a7c1e580,LH:67|RH:67|TF:0|LE:0|RE:0|MO:0|SH:0|WA:0|FT:36,3,"2026-04-27 10:49:22"
1274,"53fef28a121f03c6d9b64f63d5a6063b8b71cbfd",LH:0|RH:0|TF:0|LE:0|RE:0|MO:0|SH:0|WA:0|FT:33,1,"2026-04-27 10:49:22"
1275,"51a2dd9501e85b43271dc1e1b39bfc4366448ffe",LH:52|RH:0|TF:0|LE:0|RE:0|MO:0|SH:0|WA:0|FT:0,1,"2026-04-27 10:49:22"
1276,f41f54d69290cb0a10398be158e93ec85f20d65c,LH:0|RH:111|TF:0|LE:0|RE:0|MO:0|SH:0|WA:0|FT:0,1,"2026-04-27 10:49:22"
1277,"1ca8f0b59a1da3bd7b4589bc061d2d265383f31c",LH:0|RH:0|TF:0|LE:0|RE:0|MO:27|SH:27|WA:0|FT:0,2,"2026-04-27 10:49:22"
1278,"9722d9c7cdc77fb313c4a96431ea06a9ae1ea2a2",LH:0|RH:0|TF:0|LE:0|RE:0|MO:97|SH:0|WA:0|FT:97,2,"2026-04-27 10:49:22"
1279,"7d6e16a68b5c2f4fa2639274f686735c0319e4f2",LH:0|RH:0|TF:0|LE:0|RE:0|MO:0|SH:0|WA:0|FT:79,1,"2026-04-27 10:49:22"
1280,"5cd1448d31ec7f01018e0fe23b058b7439dd8f37",LH:111|RH:111|TF:0|LE:0|RE:0|MO:0|SH:0|WA:0|FT:0,2,"2026-04-27 10:49:22"
1281,ce5e4a90836739029f87c297504b5fb80ceae54d,LH:26|RH:1|TF:0|LE:0|RE:0|MO:0|SH:0|WA:0|FT:0,2,"2026-04-27 10:49:22"
1282,"60937a4a4d726c25d8688af0e77c1e18e47d35fc",LH:60|RH:60|TF:0|LE:0|RE:0|MO:0|SH:0|WA:60|FT:0,3,"2026-04-27 10:49:22"
1283,"403dd6b7434bec1ad5ec6265cee74693fa812fdb",LH:0|RH:67|TF:0|LE:0|RE:0|MO:26|SH:0|WA:26|FT:26,4,"2026-04-27 10:49:22"
1284,"4fb7553835890bdc2d823ec6559412a8034dc589",LH:24|RH:24|TF:0|LE:0|RE:0|MO:67|SH:67|WA:0|FT:0,4,"2026-04-27 10:49:22"
1285,ed1f9b66a842a3360c66df88d2f6e7d4444dadc6,LH:74|RH:74|TF:0|LE:0|RE:0|MO:0|SH:0|WA:56|FT:0,3,"2026-04-27 10:49:22"
1286,fdaaf203ab7e69c22ed4e1792d6284e19f98f63b,LH:0|RH:50|TF:0|LE:0|RE:0|MO:0|SH:0|WA:0|FT:0,1,"2026-04-27 10:49:22"
1287,c5acb4d0af5d9ebf06f5baed465bd6c1f231ff64,LH:47|RH:49|TF:0|LE:0|RE:0|MO:0|SH:0|WA:0|FT:0,2,"2026-04-27 10:49:22"
1288,"18008f73eb52a60c929d9abc3d892249a15bcb02",LH:0|RH:0|TF:92|LE:0|RE:0|MO:0|SH:0|WA:26|FT:0,2,"2026-04-27 10:49:22"
1289,f22a180697d2df573726fe0f3f9c1c7ff87a1221,LH:67|RH:44|TF:0|LE:0|RE:0|MO:0|SH:0|WA:0|FT:0,2,"2026-04-27 10:49:22"
1290,bb86cc6b5ec6363b3494432c00a69b4019f01661,LH:51|RH:0|TF:0|LE:0|RE:0|MO:0|SH:0|WA:0|FT:0,1,"2026-04-27 10:49:22"
1291,"2110d8f0a51855de5abecbc2e2a37399be9ee654",LH:0|RH:0|TF:0|LE:0|RE:0|MO:0|SH:46|WA:0|FT:0,1,"2026-04-27 10:49:22"
1292,d0ac078e2b20f85ffef1d056fa06ac33eea42e66,LH:0|RH:0|TF:0|LE:0|RE:0|MO:46|SH:46|WA:0|FT:0,2,"2026-04-27 10:49:22"
1293,"275d71263f7ab136a59d19a5cac7300ca131b5a7",LH:63|RH:63|TF:0|LE:0|RE:0|MO:0|SH:95|WA:95|FT:0,4,"2026-04-27 10:49:22"
1294,b9c50336cef7ef5aca3cd4c78b5d63e888e2d796,LH:0|RH:0|TF:0|LE:0|RE:0|MO:0|SH:0|WA:0|FT:105,1,"2026-04-27 10:49:22"
1295,f1fc48714ad78eea37f134c0c28e4dc91f807530,LH:57|RH:57|TF:0|LE:0|RE:0|MO:65|SH:0|WA:0|FT:0,3,"2026-04-27 10:49:22"
1296,"6b80ef5d33417a99c5b55eb6593c7de0d33d5d8d",LH:4|RH:4|TF:0|LE:0|RE:0|MO:0|SH:0|WA:0|FT:0,2,"2026-04-27 10:49:22"
1297,"3b798098b11396c8c1007338af75f4260cb0ea22",LH:57|RH:57|TF:0|LE:0|RE:0|MO:41|SH:0|WA:63|FT:0,4,"2026-04-27 10:49:22"
1298,"25cd013c98c57bca74b99e305e1987c23d127cb6",LH:0|RH:0|TF:84|LE:0|RE:0|MO:0|SH:0|WA:0|FT:0,1,"2026-04-27 10:49:22"
1299,"653c0a331c88f1cca450760282b4d08c8f4d4343",LH:0|RH:0|TF:0|LE:0|RE:0|MO:84|SH:0|WA:84|FT:0,2,"2026-04-27 10:49:22"
1300,"4b6509d7a9ee1effb75c0fe6637b386412bdbe9c",LH:0|RH:0|TF:0|LE:0|RE:0|MO:84|SH:0|WA:84|FT:84,3,"2026-04-27 10:49:22"
1301,"18ff416f8201efd20dfbb34f931858a94f06b764",LH:0|RH:0|TF:0|LE:81|RE:0|MO:0|SH:81|WA:81|FT:0,3,"2026-04-27 10:49:22"
1302,"06fc5a02be7c627f0ddfa27890f40d9c2e168aa7",LH:0|RH:80|TF:0|LE:0|RE:0|MO:0|SH:0|WA:0|FT:0,1,"2026-04-27 10:49:22"
1303,"171c0d2acca170bce058c7f95a8979ecb9da83e8",LH:25|RH:67|TF:0|LE:0|RE:0|MO:0|SH:0|WA:0|FT:0,2,"2026-04-27 10:49:22"
1304,"3b3bdb94f54cc89e9fb3f30cb915a93a947c5154",LH:67|RH:67|TF:0|LE:0|RE:0|MO:0|SH:0|WA:56|FT:56,4,"2026-04-27 10:49:22"
1305,eec270d2c3a98552dfd33382f87cef0e2f0e0caf,LH:69|RH:69|TF:0|LE:0|RE:0|MO:0|SH:0|WA:0|FT:0,2,"2026-04-27 10:49:22"
1306,"150163ec1f8fe8ed916f5358d3c89db5c745e63d",LH:58|RH:41|TF:0|LE:0|RE:0|MO:0|SH:0|WA:0|FT:0,2,"2026-04-27 10:49:22"
1307,"3c225b1ed3b9830f268fb267a0c9fb517fc69ab2",LH:0|RH:58|TF:0|LE:0|RE:0|MO:0|SH:0|WA:56|FT:56,3,"2026-04-27 10:49:22"
1308,"85ce104c0534ded60dc83de3b3774d527e2fd327",LH:45|RH:45|TF:0|LE:0|RE:0|MO:0|SH:44|WA:0|FT:0,3,"2026-04-27 10:49:22"
1309,da3cf35967cced267c332207597290a6d059c6bd,LH:0|RH:67|TF:0|LE:0|RE:0|MO:0|SH:0|WA:0|FT:28,2,"2026-04-27 10:49:22"
1310,"194dbdbcc36720d98115e15091dd53dfb057402c",LH:25|RH:25|TF:0|LE:0|RE:0|MO:0|SH:0|WA:0|FT:26,3,"2026-04-27 10:49:22"
1311,"78c39d7145c045a2deebd28e41a9df75fae30e0d",LH:67|RH:56|TF:0|LE:0|RE:0|MO:0|SH:0|WA:56|FT:0,3,"2026-04-27 10:49:22"
1312,"595ad118679a55ea69fed9d8d2378ba53dd3b673",LH:90|RH:89|TF:0|LE:0|RE:0|MO:0|SH:0|WA:0|FT:0,2,"2026-04-27 10:49:22"
1313,c6086cc96f858e204fabeb26cee1f2407e1749a7,LH:0|RH:92|TF:0|LE:0|RE:0|MO:67|SH:0|WA:67|FT:0,3,"2026-04-27 10:49:22"
1314,"67241f4d1317ce1752f3117b026b4da89e433493",LH:41|RH:39|TF:0|LE:0|RE:0|MO:0|SH:0|WA:0|FT:0,2,"2026-04-27 10:49:22"
1315,"2dbabb5fe4056bf440d0a9bae52c16a839e77ef4",LH:94|RH:0|TF:0|LE:0|RE:0|MO:0|SH:0|WA:0|FT:0,1,"2026-04-27 10:49:22"
1316,e9426285a81ca46c86b4e3f70484e9d161696960,LH:63|RH:63|TF:0|LE:0|RE:0|MO:41|SH:0|WA:56|FT:0,4,"2026-04-27 10:49:22"
1317,"3142f0fcbb9fe518b31892c1bd51f540314c7d89",LH:60|RH:60|TF:0|LE:0|RE:0|MO:67|SH:0|WA:63|FT:0,4,"2026-04-27 10:49:22"
1318,"1529317403d104fb9ef5eddbb9222b7871e4556e",LH:0|RH:0|TF:0|LE:0|RE:0|MO:43|SH:0|WA:60|FT:0,2,"2026-04-27 10:49:22"
1319,"51be4c1f308e3d488a91326e8153420dffd3b29c",LH:0|RH:56|TF:0|LE:0|RE:0|MO:67|SH:0|WA:0|FT:0,2,"2026-04-27 10:49:22"
1320,"3ab7f9dfaeb080a536b19b9980186d66f3ed621b",LH:28|RH:26|TF:0|LE:0|RE:0|MO:0|SH:0|WA:0|FT:0,2,"2026-04-27 10:49:22"
1321,"9f4faae54787f9e520b874670ae837d5832f5cb6",LH:39|RH:39|TF:0|LE:0|RE:0|MO:0|SH:0|WA:63|FT:0,3,"2026-04-27 10:49:22"
1322,c3f441226fdc9b2154804f3af63ffbbcbb970703,LH:0|RH:0|TF:0|LE:0|RE:0|MO:64|SH:0|WA:63|FT:63,3,"2026-04-27 10:49:22"
1323,"369f002562748314df6e2043233c6d9740dda49c",LH:0|RH:67|TF:0|LE:0|RE:0|MO:0|SH:0|WA:60|FT:0,2,"2026-04-27 10:49:22"
1324,e143e8b9f8f5b79e0777c2355ddad83579143469,LH:0|RH:0|TF:0|LE:0|RE:0|MO:0|SH:0|WA:104|FT:0,1,"2026-04-27 10:49:22"
1325,"4f4ad5aab018a48356faf7931da0db62c5577b17",LH:24|RH:26|TF:0|LE:0|RE:0|MO:0|SH:0|WA:0|FT:0,2,"2026-04-27 10:49:22"
1326,"22cece1afcc4fe001f9cb2f80280761f317d54f8",LH:0|RH:0|TF:0|LE:0|RE:0|MO:0|SH:73|WA:73|FT:0,2,"2026-04-27 10:49:22"
1327,"9de0fd45230190644ffd71d69881f3743577e447",LH:0|RH:0|TF:0|LE:0|RE:0|MO:103|SH:0|WA:103|FT:0,2,"2026-04-27 10:49:22"
1328,"545f1b64626ee46a138e91123d0561a1df1a528f",LH:118|RH:118|TF:0|LE:0|RE:0|MO:0|SH:0|WA:0|FT:0,2,"2026-04-27 10:49:22"
1329,"942733de4eb19e7ebd7a82c0805790614ec1d013",LH:41|RH:55|TF:0|LE:0|RE:0|MO:0|SH:0|WA:0|FT:0,2,"2026-04-27 10:49:22"
1330,"5ae063b0d731b83e1d52afea576e2973038ad763",LH:41|RH:41|TF:0|LE:0|RE:0|MO:41|SH:0|WA:0|FT:0,3,"2026-04-27 10:49:22"
1331,c62953d4cae010a3b3b4ee0cad330b9d07dd274d,LH:41|RH:41|TF:0|LE:0|RE:0|MO:0|SH:0|WA:0|FT:60,3,"2026-04-27 10:49:22"
1332,"4b9564db4746722c26c986d0756aa2fc23357161",LH:60|RH:60|TF:0|LE:0|RE:0|MO:45|SH:0|WA:0|FT:45,4,"2026-04-27 10:49:22"
1333,"6782efe74fb349061fe97e709b88a78eeea38673",LH:67|RH:67|TF:0|LE:0|RE:0|MO:0|SH:0|WA:41|FT:0,3,"2026-04-27 10:49:22"
1334,"0421313e74b35da887da6dc83b914491599ee9c4",LH:57|RH:57|TF:92|LE:0|RE:0|MO:0|SH:0|WA:63|FT:0,4,"2026-04-27 10:49:22"
1335,d7595b4fccda01c9da7c9a97883605ad9eb4a7e9,LH:60|RH:44|TF:0|LE:0|RE:0|MO:0|SH:0|WA:0|FT:0,2,"2026-04-27 10:49:22"
1336,"1e81def22fbe439e5b5d1135a01420c96c8c79d2",LH:73|RH:73|TF:0|LE:0|RE:0|MO:73|SH:73|WA:0|FT:0,4,"2026-04-27 10:49:22"
1337,"222135bd9732297837f4e5c1dad8afcfabab8d50",LH:67|RH:67|TF:0|LE:0|RE:0|MO:92|SH:92|WA:0|FT:0,4,"2026-04-27 10:49:22"
1338,"077cbe0270291433c4b445c36479a544a9f3e17d",LH:63|RH:63|TF:0|LE:0|RE:0|MO:0|SH:0|WA:73|FT:0,3,"2026-04-27 10:49:22"
1339,"44ae61b679200c680d2768380bdb3f22243d2aaa",LH:0|RH:0|TF:0|LE:97|RE:0|MO:0|SH:97|WA:97|FT:0,3,"2026-04-27 10:49:22"
1340,"6ac386706e9d830538690ec3e1af377654fe91f0",LH:57|RH:57|TF:0|LE:0|RE:0|MO:0|SH:73|WA:73|FT:73,5,"2026-04-27 10:49:22"
1341,"64c57e95e60325ef533a5652ac9030d27b9f080f",LH:0|RH:0|TF:105|LE:0|RE:0|MO:0|SH:0|WA:0|FT:0,1,"2026-04-27 10:49:22"
1342,e5b88ece6af229a2c4ef9fcbd768a3e7befa29e2,LH:60|RH:0|TF:0|LE:0|RE:0|MO:0|SH:27|WA:0|FT:0,2,"2026-04-27 10:49:22"
1343,"55de2400cb93a2ae2f4cb5e8d955a40d0faf33cb",LH:58|RH:58|TF:0|LE:0|RE:0|MO:67|SH:0|WA:67|FT:0,4,"2026-04-27 10:49:22"
1344,f108d2de26ceed4e3cfb63aa7d7f63061ffa5cd2,LH:0|RH:58|TF:0|LE:0|RE:0|MO:0|SH:0|WA:0|FT:63,2,"2026-04-27 10:49:22"
1345,cdcd21159ddcb5f27a5440cfc39ee9b6de9f6f0b,LH:0|RH:0|TF:0|LE:0|RE:0|MO:0|SH:97|WA:97|FT:0,2,"2026-04-27 10:49:22"
1346,bb15f56b88a95f0293d5b5dbd845b7720e5db2a3,LH:0|RH:67|TF:0|LE:0|RE:0|MO:0|SH:24|WA:24|FT:0,3,"2026-04-27 10:49:22"
1347,bec887acef6df64c07020bde6da7b14f8668e53a,LH:60|RH:56|TF:0|LE:0|RE:0|MO:41|SH:0|WA:0|FT:0,3,"2026-04-27 10:49:22"
1348,"416f4a6d4b88832c4d00541353f881256d55870e",LH:74|RH:67|TF:0|LE:0|RE:0|MO:0|SH:0|WA:0|FT:0,2,"2026-04-27 10:49:22"
1349,"0039444a43c92a6c6b53a690abd79f102853dded",LH:0|RH:58|TF:0|LE:0|RE:0|MO:0|SH:0|WA:73|FT:0,2,"2026-04-27 10:49:22"
1350,"5ad01b529621a796c48d63dd5d646ae3cdda07ee",LH:1|RH:1|TF:0|LE:0|RE:0|MO:0|SH:0|WA:26|FT:0,3,"2026-04-27 10:49:22"
1351,b751d0902159228c05bd1aa5aa954ebd3046112b,LH:67|RH:0|TF:0|LE:0|RE:0|MO:0|SH:13|WA:0|FT:0,2,"2026-04-27 10:49:22"
1352,a9167a976c4626771cefee1ee72a99dede6b265e,LH:67|RH:59|TF:0|LE:0|RE:0|MO:0|SH:0|WA:0|FT:0,2,"2026-04-27 10:49:22"
1353,"4c7934dfa16e809ce242eace8b525d9a5bc11075",LH:59|RH:59|TF:0|LE:0|RE:0|MO:67|SH:0|WA:0|FT:0,3,"2026-04-27 10:49:22"
1354,b454e572d69aa8acdd871af20306933e0362a84f,LH:59|RH:59|TF:0|LE:0|RE:0|MO:73|SH:0|WA:0|FT:0,3,"2026-04-27 10:49:22"
1355,"975715adaa9c964ca4eda8317c4a47c9262b3193",LH:59|RH:59|TF:0|LE:0|RE:0|MO:73|SH:73|WA:73|FT:0,5,"2026-04-27 10:49:22"
1356,"3d4104b82db5754786cfe5dc5a1efa7429ec0e4e",LH:67|RH:45|TF:0|LE:0|RE:0|MO:0|SH:0|WA:0|FT:0,2,"2026-04-27 10:49:22"
1357,"9f328d784b0c7de7030058b766dd2b48ffce5e50",LH:48|RH:41|TF:0|LE:0|RE:0|MO:0|SH:0|WA:0|FT:0,2,"2026-04-27 10:49:22"
1358,ffa2044ca14fd4ac5d107f2a058505e6fb439879,LH:0|RH:0|TF:0|LE:0|RE:0|MO:55|SH:0|WA:0|FT:60,2,"2026-04-27 10:49:22"
1359,"70366bb1e1a5214d2e9e358ea7b75bb82615beeb",LH:60|RH:39|TF:0|LE:0|RE:0|MO:0|SH:0|WA:0|FT:0,2,"2026-04-27 10:49:22"
1360,"0998a69978576f3ff14154db98e4e77993746f39",LH:83|RH:83|TF:0|LE:0|RE:0|MO:0|SH:26|WA:26|FT:0,4,"2026-04-27 10:49:22"
1361,"65a54229f6e0ce48e1d5dd7d37b81dec568fa859",LH:41|RH:24|TF:0|LE:0|RE:0|MO:0|SH:0|WA:0|FT:0,2,"2026-04-27 10:49:22"
1362,"7b2a80b45553f7e62b6573583f3639a38280a038",LH:43|RH:43|TF:0|LE:0|RE:0|MO:0|SH:0|WA:0|FT:60,3,"2026-04-27 10:49:22"
1363,"4a57c7824557887e9e5f8a9fb2c867f09811471a",LH:0|RH:0|TF:0|LE:67|RE:0|MO:27|SH:0|WA:0|FT:0,2,"2026-04-27 10:49:22"
1364,e8989bcde73439407cedc1e412eb06f482a8785e,LH:0|RH:41|TF:0|LE:0|RE:0|MO:0|SH:0|WA:0|FT:56,2,"2026-04-27 10:49:22"
1365,a1ee8a5400ca5625210277e12fc0a488b593afba,LH:0|RH:67|TF:0|LE:0|RE:0|MO:0|SH:0|WA:67|FT:0,2,"2026-04-27 10:49:22"
1366,"9f962b949e9eced7f8f3ecd9a4a2896604e92074",LH:47|RH:41|TF:0|LE:0|RE:0|MO:0|SH:0|WA:0|FT:0,2,"2026-04-27 10:49:22"
1367,"79bf798d58a02bf92526c607012d03834498b982",LH:0|RH:18|TF:0|LE:0|RE:0|MO:0|SH:0|WA:0|FT:0,1,"2026-04-27 10:49:22"
1368,"8e6f4d09304b1ceff1e7c12e7a1e62bb8c2a4364",LH:18|RH:18|TF:0|LE:0|RE:0|MO:0|SH:0|WA:0|FT:0,2,"2026-04-27 10:49:22"
1369,"48cebbeeb82874b001be9efe81e956a5ae12d480",LH:0|RH:0|TF:0|LE:39|RE:0|MO:0|SH:0|WA:0|FT:0,1,"2026-04-27 10:49:22"
1370,df8366f657d68f5a573c2bde057f2fc695e49ee6,LH:67|RH:25|TF:0|LE:0|RE:0|MO:0|SH:0|WA:0|FT:0,2,"2026-04-27 10:49:22"
1371,ef7b0f0c218144838ec91cf5c0d49c7e6812b9dd,LH:57|RH:40|TF:0|LE:0|RE:0|MO:0|SH:0|WA:0|FT:0,2,"2026-04-27 10:49:22"
1372,ffb5118fa11f69ab2170c5384eb21d0a37a203b2,LH:67|RH:0|TF:0|LE:0|RE:0|MO:0|SH:26|WA:26|FT:26,4,"2026-04-27 10:49:22"
1373,da64bde0e7fd4755d117a886c045dd746cd7747c,LH:0|RH:0|TF:0|LE:0|RE:0|MO:92|SH:0|WA:92|FT:67,3,"2026-04-27 10:49:22"
1374,be2b3196e1229b85d376da3a55a29171232ea0e7,LH:32|RH:67|TF:0|LE:0|RE:0|MO:0|SH:0|WA:0|FT:0,2,"2026-04-27 10:49:22"
1375,"8c298339f73121428662e9dabba4c9d8007f264a",LH:41|RH:41|TF:0|LE:0|RE:0|MO:0|SH:0|WA:63|FT:0,3,"2026-04-27 10:49:22"
1376,"8053adb4fef44d8a406a64cb4f45a96d468d990d",LH:73|RH:73|TF:0|LE:0|RE:0|MO:0|SH:73|WA:0|FT:0,3,"2026-04-27 10:49:22"
1377,a4725fe8ca87812fdf7c275c892e0ad570bfcd29,LH:63|RH:67|TF:0|LE:0|RE:0|MO:0|SH:27|WA:0|FT:0,3,"2026-04-27 10:49:22"
1378,"09f640f61d0e804db4d2ad48639056f3cac2abe4",LH:63|RH:63|TF:0|LE:0|RE:0|MO:41|SH:0|WA:60|FT:0,4,"2026-04-27 10:49:22"
1379,fe89b89ccf8d10468d76c8c334ca343ee9b85408,LH:57|RH:57|TF:0|LE:0|RE:0|MO:40|SH:0|WA:0|FT:0,3,"2026-04-27 10:49:22"
1380,b262b3853f7218aa0b8c51eb28f80f2434aeeb0d,LH:0|RH:0|TF:0|LE:0|RE:0|MO:0|SH:0|WA:94|FT:0,1,"2026-04-27 10:49:22"
1381,af3e2ebec1bd025595f63feac7d573dcb0548033,LH:54|RH:54|TF:0|LE:0|RE:0|MO:54|SH:54|WA:0|FT:0,4,"2026-04-27 10:49:22"
1382,"79ed42aa08102268dc3a21bd634a3bd4839a8f74",LH:0|RH:0|TF:0|LE:0|RE:0|MO:0|SH:0|WA:60|FT:45,2,"2026-04-27 10:49:22"
1383,"552e1d6669e90d25cdd09e78568d5aede5f9a190",LH:63|RH:67|TF:0|LE:0|RE:0|MO:0|SH:0|WA:60|FT:0,3,"2026-04-27 10:49:22"
1384,"55e006527a64866794e21e34de75fb00ac0b21de",LH:90|RH:0|TF:0|LE:0|RE:0|MO:0|SH:27|WA:0|FT:0,2,"2026-04-27 10:49:22"
1385,fcef26829b66538a35864d598283ec2233ee08f0,LH:90|RH:90|TF:0|LE:0|RE:0|MO:0|SH:89|WA:89|FT:89,5,"2026-04-27 10:49:22"
1386,dc87e7883bc98231fa536a62d1b8489abef5432a,LH:90|RH:90|TF:0|LE:0|RE:0|MO:0|SH:27|WA:89|FT:0,4,"2026-04-27 10:49:22"
1387,"73b15db8057ffdee28123a61ee5f1c0ff8d70dc9",LH:0|RH:0|TF:0|LE:0|RE:0|MO:90|SH:90|WA:90|FT:0,3,"2026-04-27 10:49:22"
1388,e8214946df64790464a1dedd5e1a654adfbddc39,LH:60|RH:60|TF:0|LE:0|RE:0|MO:45|SH:0|WA:0|FT:0,3,"2026-04-27 10:49:22"
1389,"559f4ce6e0fd9c3b70deb9dc4c207dcd984dc247",LH:39|RH:58|TF:0|LE:0|RE:0|MO:0|SH:0|WA:0|FT:0,2,"2026-04-27 10:49:22"
1390,"112e71b427c3be6e9f8c7153efffe3a9feda1338",LH:67|RH:67|TF:0|LE:0|RE:0|MO:0|SH:0|WA:25|FT:0,3,"2026-04-27 10:49:22"
1391,ce06b3c4df1d35568f08af1ec0bbf3cc23312ce6,LH:90|RH:90|TF:0|LE:0|RE:0|MO:0|SH:0|WA:89|FT:89,4,"2026-04-27 10:49:22"
1392,e515d6c581482c316e8c43ef03adc8fea88cca82,LH:0|RH:0|TF:0|LE:0|RE:0|MO:0|SH:0|WA:63|FT:26,2,"2026-04-27 10:49:22"
1393,a06b18a22d43b2d5550aa2c939320ba6d16b1300,LH:41|RH:26|TF:0|LE:0|RE:0|MO:0|SH:0|WA:0|FT:0,2,"2026-04-27 10:49:22"
1394,"4e9d9681b9329fcb13378131480e809901bb1865",LH:57|RH:57|TF:0|LE:73|RE:0|MO:0|SH:0|WA:73|FT:0,4,"2026-04-27 10:49:22"
1395,"0cbce76097d2ec9faa8d33f38d860f88d6008d5b",LH:57|RH:57|TF:0|LE:0|RE:0|MO:0|SH:0|WA:0|FT:73,3,"2026-04-27 10:49:22"
1396,"3eaa58879261dbaf44ee696b4396018fa42f712f",LH:0|RH:0|TF:0|LE:0|RE:0|MO:0|SH:0|WA:57|FT:67,2,"2026-04-27 10:49:22"
1397,f8d8de564881b5d02ab01d1c86f49da951f9a29c,LH:0|RH:0|TF:0|LE:0|RE:0|MO:0|SH:0|WA:28|FT:0,1,"2026-04-27 10:49:22"
1398,"168cf13ba0a7eb61b817b361d5661de3405b993d",LH:63|RH:63|TF:0|LE:0|RE:0|MO:0|SH:95|WA:0|FT:0,3,"2026-04-27 10:49:22"
1399,b01fe48d9a114e98a3456cd9ce70810492185673,LH:0|RH:63|TF:0|LE:0|RE:0|MO:0|SH:0|WA:0|FT:41,2,"2026-04-27 10:49:22"
1400,"94b0f779af90ef97ec659892dc28d9c8165cb7c1",LH:0|RH:56|TF:0|LE:0|RE:0|MO:0|SH:0|WA:63|FT:0,2,"2026-04-27 10:49:22"
1401,f5a62037a39546cd62ba64ee924b163f6f004e8e,LH:59|RH:40|TF:0|LE:0|RE:0|MO:0|SH:0|WA:0|FT:0,2,"2026-04-27 10:49:22"
1402,"49829268f8be7453198aa71dcfa48bbacc2a0b99",LH:60|RH:60|TF:0|LE:0|RE:0|MO:45|SH:0|WA:45|FT:0,4,"2026-04-27 10:49:22"
1403,"751ad321d4bb99a8e17f60740a42c7a77e7a5e27",LH:0|RH:0|TF:0|LE:0|RE:0|MO:0|SH:80|WA:80|FT:80,3,"2026-04-27 10:49:22"
1404,"407a31373dfe682aa1bd45baf5bd3ce609c390e6",LH:0|RH:0|TF:0|LE:0|RE:0|MO:0|SH:0|WA:0|FT:80,1,"2026-04-27 10:49:22"
1405,"14b919e6909eaaf6b55057b55af91c9610357cf7",LH:59|RH:59|TF:0|LE:0|RE:0|MO:67|SH:67|WA:0|FT:0,4,"2026-04-27 10:49:22"
1406,db0bf501f94853cf3ffea58cee348738eef8b6fb,LH:0|RH:0|TF:0|LE:0|RE:0|MO:67|SH:0|WA:0|FT:41,2,"2026-04-27 10:49:22"
1407,"138fc71b0d447f1686da71d24431ce51b4fe2415",LH:63|RH:0|TF:0|LE:0|RE:67|MO:0|SH:0|WA:0|FT:0,2,"2026-04-27 10:49:22"
1408,bc770a272fa2ec153a53039d590447316e3164a8,LH:0|RH:0|TF:0|LE:0|RE:65|MO:0|SH:0|WA:0|FT:0,1,"2026-04-27 10:49:22"
1409,debbea03a5c2584e4f82da642dbdf290aabfa98f,LH:57|RH:0|TF:0|LE:0|RE:0|MO:0|SH:0|WA:0|FT:63,2,"2026-04-27 10:49:22"
1410,bce5d4f93364799ed27476b9afd8559866378477,LH:57|RH:0|TF:0|LE:0|RE:0|MO:67|SH:0|WA:0|FT:0,2,"2026-04-27 10:49:22"
1411,bb75390f162e2df214b5f886156c6956d6ae7425,LH:0|RH:0|TF:0|LE:0|RE:0|MO:100|SH:0|WA:100|FT:100,3,"2026-04-27 10:49:22"
1412,d7ee8e68d5706bb0f93c7658aeef5fdca84b1a72,LH:0|RH:0|TF:0|LE:0|RE:0|MO:0|SH:63|WA:0|FT:0,1,"2026-04-27 10:49:22"
1413,"8e5629238adb12a51043dbea82112e096ea2f03b",LH:73|RH:73|TF:0|LE:0|RE:0|MO:76|SH:0|WA:0|FT:0,3,"2026-04-27 10:49:22"
1414,"1e76b4b9693dfadd3ae789e4bda441d491eed63f",LH:0|RH:0|TF:0|LE:0|RE:0|MO:0|SH:0|WA:0|FT:61,1,"2026-04-27 10:49:22"
1415,"58390a7eef1f28af5e40d292b12f21be582ebef9",LH:43|RH:43|TF:0|LE:0|RE:0|MO:47|SH:0|WA:0|FT:0,3,"2026-04-27 10:49:22"
1416,d5a1068a917df491cb49f1482a303210fb174931,LH:73|RH:0|TF:0|LE:0|RE:0|MO:0|SH:27|WA:0|FT:0,2,"2026-04-27 10:49:22"
1417,"22a7ba881c2a14e46dd174d1dce317235e104e20",LH:26|RH:28|TF:0|LE:0|RE:0|MO:0|SH:0|WA:0|FT:0,2,"2026-04-27 10:49:22"
1418,e03d1c341bb132229c4ab107d1f6a6f314314638,LH:0|RH:0|TF:0|LE:0|RE:67|MO:0|SH:67|WA:67|FT:0,3,"2026-04-27 10:49:22"
1419,"44eb3e26706a3f33ecbc528ec2a7d8b8fdcf9b70",LH:56|RH:0|TF:0|LE:0|RE:0|MO:0|SH:0|WA:60|FT:60,3,"2026-04-27 10:49:22"
1420,da192718299a3408050f8d2ffb4ca3d46caa1d80,LH:56|RH:40|TF:0|LE:0|RE:0|MO:0|SH:0|WA:0|FT:0,2,"2026-04-27 10:49:22"
1421,"2546558daa98c83cd6eb5b5d300ba593c2bf9702",LH:40|RH:60|TF:0|LE:0|RE:0|MO:0|SH:0|WA:0|FT:0,2,"2026-04-27 10:49:22"
1422,f26fd021b892963784b47a5793a159ccf7fce133,LH:63|RH:0|TF:0|LE:0|RE:0|MO:41|SH:0|WA:0|FT:0,2,"2026-04-27 10:49:22"
1423,"173031227f48f0d1912f6189d15b7690e088b917",LH:60|RH:56|TF:0|LE:0|RE:0|MO:0|SH:0|WA:63|FT:0,3,"2026-04-27 10:49:22"
1424,deb40131b046257085cd1d6a31d012acb8649c30,LH:73|RH:73|TF:0|LE:0|RE:0|MO:0|SH:0|WA:0|FT:63,3,"2026-04-27 10:49:22"
1425,"1400faa861fd242cb0da1b9c8d3f79576fbeaf3b",LH:0|RH:56|TF:0|LE:0|RE:0|MO:0|SH:0|WA:0|FT:41,2,"2026-04-27 10:49:22"
1426,"8de5febf546917f324744aec9176bccb6712b747",LH:60|RH:41|TF:0|LE:0|RE:0|MO:45|SH:0|WA:0|FT:0,3,"2026-04-27 10:49:22"
1427,"76230dde159a53f902192588cac402e6ff568bdf",LH:0|RH:56|TF:0|LE:0|RE:0|MO:0|SH:0|WA:60|FT:0,2,"2026-04-27 10:49:22"
1428,"2328db0e73aad25fa0d47e262b77bc3ddeef7583",LH:59|RH:59|TF:0|LE:0|RE:0|MO:0|SH:0|WA:0|FT:67,3,"2026-04-27 10:49:22"
1429,"7674b8591bbfce532669159afca616bd8fdb0d56",LH:0|RH:0|TF:0|LE:0|RE:0|MO:0|SH:27|WA:0|FT:56,2,"2026-04-27 10:49:22"
1430,"7ea2e0cb69952f7c92f56972f44f78da4c64a3c7",LH:24|RH:24|TF:0|LE:0|RE:0|MO:0|SH:67|WA:0|FT:0,3,"2026-04-27 10:49:22"
1431,ad855288a54d4f4e0c224ee427271b1837c9b3e8,LH:62|RH:62|TF:0|LE:0|RE:0|MO:0|SH:0|WA:63|FT:0,3,"2026-04-27 10:49:22"
1432,"7c3f4f2120723012d4334912cc3bc32a2b1ada5e",LH:67|RH:0|TF:0|LE:0|RE:0|MO:0|SH:0|WA:67|FT:0,2,"2026-04-27 10:49:22"
1433,"7954a88b862bbb639f951f999da90a2659e27353",LH:92|RH:92|TF:0|LE:0|RE:0|MO:63|SH:0|WA:63|FT:0,4,"2026-04-27 10:49:22"
1434,"6315919cec98ce8864de07d90e874f824b0c613a",LH:0|RH:0|TF:92|LE:0|RE:0|MO:0|SH:0|WA:63|FT:0,2,"2026-04-27 10:49:22"
1435,"923eb921e778cc09bea0d8797c376b76df5d52b6",LH:63|RH:56|TF:0|LE:0|RE:0|MO:0|SH:0|WA:56|FT:0,3,"2026-04-27 10:49:22"
1436,b86bef11f55a0f1f12626dda379b8c5201c0943b,LH:67|RH:2|TF:0|LE:0|RE:0|MO:0|SH:0|WA:0|FT:0,2,"2026-04-27 10:49:22"
1437,"9752d4e5dfbb25d3fa2324652aa247abf453e83f",LH:1|RH:67|TF:0|LE:0|RE:0|MO:0|SH:0|WA:0|FT:0,2,"2026-04-27 10:49:22"
1438,c1163f84d650fcbeb56339059f6ae4864766882e,LH:2|RH:2|TF:0|LE:0|RE:0|MO:67|SH:0|WA:67|FT:0,4,"2026-04-27 10:49:22"
1439,"39807c36a4734e9a4dd76d7bf5faea9c7f295753",LH:0|RH:59|TF:0|LE:0|RE:0|MO:0|SH:0|WA:63|FT:0,2,"2026-04-27 10:49:22"
1440,d3aa58a4f3fc21107e31bb4529ee4d33b8068092,LH:41|RH:2|TF:0|LE:0|RE:0|MO:0|SH:0|WA:0|FT:0,2,"2026-04-27 10:49:22"
1441,df81154af7d8928c67d44df9e5c273329bfb4719,LH:67|RH:41|TF:0|LE:0|RE:0|MO:0|SH:0|WA:60|FT:60,4,"2026-04-27 10:49:22"
1442,e84a30092b0b87c4c3d1a7037f76ccc4743c1c18,LH:73|RH:0|TF:0|LE:0|RE:0|MO:0|SH:13|WA:0|FT:0,2,"2026-04-27 10:49:22"
1443,"23288838d5f48a49132d3d64db2ceb2c76acf9a8",LH:59|RH:59|TF:0|LE:0|RE:0|MO:0|SH:73|WA:73|FT:73,5,"2026-04-27 10:49:22"
1444,"07a722464c735717cb0adc5019cf836a84f4b314",LH:89|RH:89|TF:0|LE:0|RE:0|MO:0|SH:27|WA:0|FT:0,3,"2026-04-27 10:49:22"
1445,c5f57ab4db5199656efa1b21a7f921dfb21da103,LH:90|RH:90|TF:0|LE:0|RE:0|MO:0|SH:27|WA:0|FT:0,3,"2026-04-27 10:49:22"
1446,"7609dc0dd85d3fdebcd58e45fa1ae01137f69c2f",LH:59|RH:95|TF:0|LE:0|RE:0|MO:0|SH:0|WA:0|FT:0,2,"2026-04-27 10:49:22"
1447,"73dfa9fed23b79005f43030521cf06246f89848d",LH:67|RH:67|TF:0|LE:0|RE:0|MO:0|SH:0|WA:0|FT:67,3,"2026-04-27 10:49:22"
1448,"0c64db7097ff27d2bf70f8f10bb621d5130325fd",LH:67|RH:67|TF:0|LE:0|RE:0|MO:41|SH:0|WA:0|FT:0,3,"2026-04-27 10:49:22"
1449,d07bd2aafe8ed8fdf0e2f626e59d460c76f84582,LH:0|RH:0|TF:0|LE:0|RE:0|MO:44|SH:0|WA:0|FT:45,2,"2026-04-27 10:49:22"
1450,"241fadc4e9fff04983fbda76b127ec355eb28454",LH:56|RH:64|TF:0|LE:0|RE:0|MO:0|SH:0|WA:0|FT:0,2,"2026-04-27 10:49:22"
1451,"45f45c4a4755b468aa98b87250ed5854c28e7e10",LH:92|RH:92|TF:0|LE:0|RE:67|MO:0|SH:67|WA:67|FT:0,5,"2026-04-27 10:49:22"
1452,a6e6c15285b2a747fa1855bd199cf1fe8b2ded03,LH:0|RH:31|TF:0|LE:0|RE:0|MO:0|SH:0|WA:0|FT:0,1,"2026-04-27 10:49:22"
1453,d61d00ea4167f8709dba3d28d9747687108db539,LH:26|RH:0|TF:0|LE:0|RE:0|MO:0|SH:0|WA:26|FT:0,2,"2026-04-27 10:49:22"
1454,c5009b38f6a278569463628f526d1224f4f3d481,LH:67|RH:0|TF:0|LE:0|RE:0|MO:0|SH:0|WA:57|FT:0,2,"2026-04-27 10:49:22"
1455,"6c09ed7b7e777c1c45e3532492d2daac378e6c94",LH:0|RH:0|TF:0|LE:0|RE:0|MO:90|SH:0|WA:90|FT:56,3,"2026-04-27 10:49:22"
1456,"4cb7d974ff448b8a6efda75b4fd7b90f020393ea",LH:0|RH:0|TF:92|LE:0|RE:0|MO:27|SH:0|WA:0|FT:0,2,"2026-04-27 10:49:22"
1457,"2c043d5f4a8f7d36d655b12f999964f17e600b72",LH:0|RH:2|TF:0|LE:0|RE:0|MO:0|SH:0|WA:67|FT:0,2,"2026-04-27 10:49:22"
1458,"6448d84abfbc057555b3da1f2da54256fc6b1e81",LH:0|RH:59|TF:0|LE:0|RE:0|MO:0|SH:0|WA:63|FT:63,3,"2026-04-27 10:49:22"
1459,"4ac942af2604362e42eb7cfc5152ab19fba87bd2",LH:0|RH:0|TF:0|LE:0|RE:0|MO:110|SH:0|WA:67|FT:0,2,"2026-04-27 10:49:22"
1460,"7927184ca7af89aa44a36c09d7085607475cdee8",LH:0|RH:0|TF:0|LE:0|RE:0|MO:97|SH:0|WA:97|FT:97,3,"2026-04-27 10:49:22"
1461,"07b0cf4f0d9b45a7afe01f4898b498baef8281d4",LH:57|RH:57|TF:0|LE:0|RE:0|MO:45|SH:0|WA:0|FT:0,3,"2026-04-27 10:49:22"
1462,"1bfcb1a962c67766e840caf55fc506e6234b89fe",LH:57|RH:57|TF:0|LE:0|RE:0|MO:67|SH:0|WA:0|FT:67,4,"2026-04-27 10:49:22"
1463,"2c3403fe3e154ec23a82f6f877cb59d2d26d0aeb",LH:86|RH:86|TF:0|LE:0|RE:0|MO:0|SH:0|WA:56|FT:0,3,"2026-04-27 10:49:22"
1464,"97622a1c73f3a70c254782d2d1bcb550f2306d7c",LH:0|RH:0|TF:92|LE:0|RE:0|MO:0|SH:0|WA:24|FT:0,2,"2026-04-27 10:49:22"
1465,fadc952c9992dc6ee0d727e6cb87848366959577,LH:0|RH:74|TF:0|LE:0|RE:0|MO:0|SH:0|WA:63|FT:0,2,"2026-04-27 10:49:22"
1466,b303e5be992f54e442fa8c4fdb84447b25932500,LH:60|RH:0|TF:0|LE:0|RE:0|MO:41|SH:0|WA:0|FT:0,2,"2026-04-27 10:49:22"
1467,"7c1cc4315309e8c44c9b5b20eec91fb7da6a55c3",LH:73|RH:41|TF:0|LE:0|RE:0|MO:0|SH:27|WA:0|FT:0,3,"2026-04-27 10:49:22"
1468,c15606e54a0caaf2c4f7a359420e827a1f188397,LH:41|RH:41|TF:0|LE:0|RE:0|MO:0|SH:27|WA:0|FT:0,3,"2026-04-27 10:49:22"
1469,e086b1c87320a42b38505cd03ccea9fe720fa532,LH:92|RH:73|TF:0|LE:0|RE:0|MO:0|SH:0|WA:0|FT:0,2,"2026-04-27 10:49:22"
1470,"4b419a448a0dcec077b93fbcdfbde5026f3126ad",LH:0|RH:73|TF:0|LE:0|RE:0|MO:92|SH:0|WA:0|FT:0,2,"2026-04-27 10:49:22"
1471,"69a664c27af1fa3cee33b5e36cf6d41a4aa501aa",LH:41|RH:63|TF:0|LE:0|RE:0|MO:0|SH:0|WA:60|FT:0,3,"2026-04-27 10:49:22"
1472,"679233d8afb1a8ac6beeb4892facd41df02c5044",LH:0|RH:0|TF:0|LE:0|RE:0|MO:0|SH:27|WA:73|FT:73,3,"2026-04-27 10:49:22"
1473,"2ced3638ba436d98ea98415c9fa2e2a5ef90916a",LH:41|RH:41|TF:0|LE:0|RE:0|MO:0|SH:0|WA:60|FT:60,4,"2026-04-27 10:49:22"
1474,eada61d67145a7a28d6e1cdc51c6657cb1cdf1ae,LH:67|RH:16|TF:0|LE:0|RE:0|MO:0|SH:0|WA:0|FT:0,2,"2026-04-27 10:49:22"
1475,"282b4b66125c995f9735a880051d7be3ac244474",LH:60|RH:0|TF:0|LE:0|RE:0|MO:0|SH:0|WA:56|FT:0,2,"2026-04-27 10:49:22"
1476,"32d9efe2d52d3f10cbe2c2c92e1e2415849000b9",LH:63|RH:63|TF:0|LE:0|RE:0|MO:0|SH:0|WA:0|FT:59,3,"2026-04-27 10:49:22"
1477,"3cd3c2258a1132402204a26e8101342648fc6e68",LH:25|RH:25|TF:0|LE:0|RE:0|MO:110|SH:0|WA:0|FT:0,3,"2026-04-27 10:49:22"
1478,"48258ef7e544e25ecb4d284ee7c5415354d4927a",LH:63|RH:63|TF:0|LE:0|RE:0|MO:110|SH:0|WA:0|FT:0,3,"2026-04-27 10:49:22"
1479,"814a3a6acde0ae8d906d345c67498d204b12a9cc",LH:63|RH:92|TF:0|LE:0|RE:0|MO:0|SH:0|WA:0|FT:0,2,"2026-04-27 10:49:22"
1480,"0bf5284a96265f19f05466bb98c91846e0750fb4",LH:59|RH:59|TF:0|LE:0|RE:0|MO:0|SH:0|WA:73|FT:0,3,"2026-04-27 10:49:22"
1481,"272e9b5054c1d74bc922e31771000228de0ea897",LH:0|RH:0|TF:0|LE:0|RE:0|MO:0|SH:105|WA:105|FT:105,3,"2026-04-27 10:49:22"
1482,"53f4db4a9129156cf09712409a0c2321540415f2",LH:67|RH:57|TF:0|LE:0|RE:0|MO:0|SH:0|WA:63|FT:0,3,"2026-04-27 10:49:22"
1483,c22977a20112480987bd3ed3a69f9f4ef652576d,LH:56|RH:56|TF:0|LE:0|RE:0|MO:41|SH:0|WA:0|FT:0,3,"2026-04-27 10:49:22"
1484,"0de0a74cf4b948a144631455e110041d745e5b2c",LH:57|RH:57|TF:0|LE:0|RE:0|MO:63|SH:63|WA:0|FT:0,4,"2026-04-27 10:49:22"
1485,"5d35673b16519c3dbef6486641b0e4026c149392",LH:92|RH:63|TF:0|LE:0|RE:0|MO:0|SH:0|WA:0|FT:0,2,"2026-04-27 10:49:22"
1486,"5e49bec6a9ef013d4c895195f02f0c2ee8aab163",LH:60|RH:0|TF:0|LE:0|RE:0|MO:45|SH:0|WA:0|FT:0,2,"2026-04-27 10:49:22"
1487,"7e285f3380636e94fb19c15e154833a6be49e06c",LH:0|RH:67|TF:0|LE:0|RE:0|MO:0|SH:0|WA:73|FT:73,3,"2026-04-27 10:49:22"
1488,fbff1b7b31a0f2afedd24536fda5a830fafbe273,LH:57|RH:67|TF:0|LE:0|RE:0|MO:0|SH:0|WA:63|FT:0,3,"2026-04-27 10:49:22"
1489,"38a4b3bbb6ebe02d8e0ee653d86f5156406ea93c",LH:0|RH:67|TF:0|LE:0|RE:0|MO:73|SH:0|WA:0|FT:0,2,"2026-04-27 10:49:22"
1490,"7d4ca24bb42608ad8af7a31de4095bda7033c4a7",LH:63|RH:63|TF:0|LE:0|RE:0|MO:0|SH:0|WA:0|FT:45,3,"2026-04-27 10:49:22"
1491,"1371b3500f48c3b182831b33a47027a60cd38637",LH:63|RH:63|TF:0|LE:0|RE:0|MO:45|SH:0|WA:0|FT:0,3,"2026-04-27 10:49:22"
1492,"527c219c866efb5e7e8638e25e9afd62fc92716d",LH:67|RH:67|TF:0|LE:0|RE:0|MO:41|SH:0|WA:0|FT:41,4,"2026-04-27 10:49:22"
1493,"6b8190240a2bf7a4a990e47e18251d4b27e3f849",LH:0|RH:0|TF:0|LE:0|RE:0|MO:0|SH:63|WA:63|FT:41,3,"2026-04-27 10:49:22"
1494,"8d54626676423fa5ae24b75ed3639928b4f6732c",LH:68|RH:0|TF:0|LE:0|RE:0|MO:0|SH:0|WA:0|FT:0,1,"2026-04-27 10:49:22"
1495,"431d9bb6f24c2922190221b46f35f1cf3e8d5139",LH:63|RH:63|TF:0|LE:0|RE:0|MO:0|SH:0|WA:0|FT:64,3,"2026-04-27 10:49:22"
1496,"70efa3b591a4fe81b6f6d771ab1267aa2922805c",LH:73|RH:73|TF:0|LE:0|RE:0|MO:0|SH:0|WA:67|FT:67,4,"2026-04-27 10:49:22"
1497,"8da27cae29acdfb306aa2e81029b13f7fe0f4094",LH:0|RH:57|TF:0|LE:0|RE:0|MO:0|SH:0|WA:67|FT:0,2,"2026-04-27 10:49:22"
1498,"410ca12116b9872c37cec176965e979143793491",LH:16|RH:41|TF:0|LE:0|RE:0|MO:0|SH:0|WA:0|FT:0,2,"2026-04-27 10:49:22"
1499,"6e634925da044843d9b37c565ff6a05a0d2ed82d",LH:58|RH:58|TF:0|LE:0|RE:0|MO:0|SH:0|WA:0|FT:56,3,"2026-04-27 10:49:22"
1500,"794cf68b3182cfc8678424815bb647fcc08cc7ae",LH:58|RH:58|TF:0|LE:0|RE:0|MO:0|SH:0|WA:56|FT:0,3,"2026-04-27 10:49:22"
1501,edf129a093d57c7a03219deae9d4b3a6d1848c71,LH:0|RH:0|TF:92|LE:0|RE:0|MO:0|SH:0|WA:56|FT:0,2,"2026-04-27 10:49:22"
1502,"01179e0883dcebebe71acc88db9d5d5a6104ec4a",LH:60|RH:67|TF:0|LE:0|RE:0|MO:0|SH:0|WA:56|FT:0,3,"2026-04-27 10:49:22"
1503,"5888999a80606bc749873d124094b6b6f64ddee9",LH:55|RH:41|TF:0|LE:0|RE:0|MO:0|SH:0|WA:0|FT:0,2,"2026-04-27 10:49:22"
1504,"6274088560f7a9d2c087466ae835168b5076a83a",LH:63|RH:0|TF:92|LE:0|RE:0|MO:0|SH:0|WA:0|FT:0,2,"2026-04-27 10:49:22"
1505,a8893572ed57e81ac08a5216e95841f8f49de809,LH:73|RH:73|TF:0|LE:0|RE:0|MO:0|SH:0|WA:56|FT:56,4,"2026-04-27 10:49:22"
1506,"6220701f0e31f9c6490b021fb918ad07a09e12dc",LH:73|RH:0|TF:0|LE:0|RE:0|MO:0|SH:0|WA:0|FT:41,2,"2026-04-27 10:49:22"
1507,"026eeb7650b9f4623187b3372de1316c30fa56d8",LH:67|RH:0|TF:0|LE:0|RE:0|MO:0|SH:0|WA:57|FT:57,3,"2026-04-27 10:49:22"
1508,f6fa1aff5e66bb34921ff7a691f3867f9cd29610,LH:0|RH:0|TF:0|LE:63|RE:0|MO:0|SH:0|WA:63|FT:63,3,"2026-04-27 10:49:22"
1509,"6acf6fd29e5db5eca60e1220a73e1c8a1ff2bcf3",LH:57|RH:57|TF:0|LE:0|RE:0|MO:0|SH:0|WA:59|FT:0,3,"2026-04-27 10:49:22"
1510,"2f30a718fd1aac5917a72d8d82132131bf405164",LH:0|RH:0|TF:0|LE:0|RE:0|MO:90|SH:0|WA:0|FT:0,1,"2026-04-27 10:49:22"
1511,"292e7308e55814b1247e5ce2932dc8e88a388130",LH:2|RH:2|TF:0|LE:0|RE:0|MO:0|SH:0|WA:0|FT:67,3,"2026-04-27 10:49:22"
1512,d433f9dacf5ed574819042049439472fe3b67af7,LH:57|RH:73|TF:0|LE:0|RE:0|MO:0|SH:0|WA:0|FT:0,2,"2026-04-27 10:49:22"
1513,"995b1fc66c6bc3c13c77afbfe06400f0693462ff",LH:81|RH:0|TF:0|LE:0|RE:0|MO:0|SH:0|WA:0|FT:0,1,"2026-04-27 10:49:22"
1514,"295a8b418710b89be10beab6323078f8fe42e22d",LH:55|RH:55|TF:0|LE:0|RE:0|MO:55|SH:0|WA:0|FT:0,3,"2026-04-27 10:49:22"
1515,"86e595c1ca87db23c7b7a1f7efc0c0909db7eb41",LH:73|RH:40|TF:0|LE:0|RE:0|MO:0|SH:0|WA:0|FT:0,2,"2026-04-27 10:49:22"
1516,"943135d6ae1424b3530244b73fff0e5311e79e51",LH:58|RH:40|TF:0|LE:0|RE:0|MO:0|SH:0|WA:0|FT:0,2,"2026-04-27 10:49:22"
1517,"886267b5a9e04b741a06bf31ab204df836bbba90",LH:0|RH:0|TF:0|LE:73|RE:0|MO:0|SH:0|WA:73|FT:0,2,"2026-04-27 10:49:22"
1518,"7d5d2d220f3bafac339944754ed3e30ad58b7ee7",LH:56|RH:56|TF:0|LE:0|RE:0|MO:67|SH:0|WA:67|FT:0,4,"2026-04-27 10:49:22"
1519,"2d1b7693d2472ad8efb064054069f38d8aeab479",LH:0|RH:0|TF:0|LE:0|RE:0|MO:26|SH:0|WA:67|FT:0,2,"2026-04-27 10:49:22"
1520,"6f76c9c51e716ef475de0ca7ac4d5df29f22d7cb",LH:56|RH:0|TF:0|LE:0|RE:0|MO:67|SH:0|WA:0|FT:0,2,"2026-04-27 10:49:22"
1521,d5b88b37a79ca68b075a58fddf78f0c1ce846620,LH:56|RH:0|TF:0|LE:0|RE:0|MO:0|SH:0|WA:63|FT:63,3,"2026-04-27 10:49:22"
1522,"7d1d50780042b9a854d1b4cfbd3135fbd7e77e70",LH:63|RH:63|TF:0|LE:0|RE:0|MO:0|SH:63|WA:63|FT:63,5,"2026-04-27 10:49:22"
1523,a9190699b0ba7434fc278b0518dd1625e1d4c892,LH:56|RH:0|TF:0|LE:0|RE:0|MO:0|SH:0|WA:56|FT:0,2,"2026-04-27 10:49:22"
1524,d920c7c6b35ebbcf41017d8ff1dbb7af7bbbba59,LH:0|RH:0|TF:0|LE:0|RE:67|MO:27|SH:67|WA:0|FT:0,3,"2026-04-27 10:49:22"
1525,f18e9927f9be6763a0c36963da53739ed3ae3dbb,LH:63|RH:60|TF:0|LE:0|RE:0|MO:0|SH:0|WA:0|FT:41,3,"2026-04-27 10:49:22"
1526,c32ca8566ab3f2b65e0229531cc263fd2a32e17b,LH:73|RH:73|TF:0|LE:0|RE:0|MO:0|SH:0|WA:0|FT:45,3,"2026-04-27 10:49:22"
1527,"6b4940d7d901b6c329d636bc2542c7a5ced56002",LH:73|RH:73|TF:0|LE:0|RE:0|MO:0|SH:0|WA:0|FT:58,3,"2026-04-27 10:49:22"
1528,f6b225de7d4c16bb38932f4fccd83727f47fdbb4,LH:63|RH:63|TF:0|LE:0|RE:0|MO:0|SH:0|WA:0|FT:57,3,"2026-04-27 10:49:22"
1529,"4813c6fe27cd755f84715b7af67bd4c1457b270a",LH:41|RH:41|TF:0|LE:0|RE:0|MO:0|SH:0|WA:59|FT:0,3,"2026-04-27 10:49:22"
1530,b48172a78fc7982712eafbd8d53e6896660f3c38,LH:92|RH:67|TF:0|LE:67|RE:0|MO:0|SH:67|WA:0|FT:0,4,"2026-04-27 10:49:22"
1531,"5cac050b1f607283629a2c75e0298052254fa776",LH:58|RH:58|TF:0|LE:0|RE:0|MO:0|SH:63|WA:63|FT:63,5,"2026-04-27 10:49:22"
1532,"40f044342e307c25c7baf58acd03157fd6862ef9",LH:63|RH:0|TF:0|LE:0|RE:0|MO:0|SH:0|WA:63|FT:0,2,"2026-04-27 10:49:22"
1533,d7943ca59e397bdd0667ef875bb8e33ae56d13d5,LH:63|RH:60|TF:0|LE:0|RE:0|MO:41|SH:0|WA:0|FT:0,3,"2026-04-27 10:49:22"
1534,"975080cb51f3d8b7e314ee4a82dc90dbee0b3fe2",LH:0|RH:0|TF:0|LE:0|RE:0|MO:0|SH:0|WA:89|FT:0,1,"2026-04-27 10:49:22"
1535,ed26cfd83ca5a80c0ffd556a890d2aeff31faa28,LH:67|RH:0|TF:0|LE:0|RE:0|MO:26|SH:0|WA:26|FT:0,3,"2026-04-27 10:49:22"
1536,cb4caec958aeb10b83c26796f0f50295190ae78f,LH:0|RH:0|TF:0|LE:0|RE:0|MO:67|SH:27|WA:0|FT:0,2,"2026-04-27 10:49:22"
1537,"2dee34a514123e74e92fb740be5f485a51e62aaf",LH:56|RH:42|TF:0|LE:0|RE:0|MO:0|SH:0|WA:0|FT:0,2,"2026-04-27 10:49:22"
1538,"2ef0e44ff812c6628ffcccbaf0d84f1d1edc15b3",LH:0|RH:62|TF:0|LE:0|RE:0|MO:0|SH:27|WA:0|FT:0,2,"2026-04-27 10:49:22"
1539,"815b32f40c59066236d311d618152aab20ff0f25",LH:60|RH:60|TF:0|LE:0|RE:0|MO:0|SH:0|WA:0|FT:63,3,"2026-04-27 10:49:22"
1540,"352dc4f85bf17a6cf591854e524db4718bc4ba51",LH:63|RH:56|TF:0|LE:0|RE:0|MO:0|SH:27|WA:0|FT:0,3,"2026-04-27 10:49:22"
1541,"5e454e544a40d4924d5c10f37223b996578e5fd0",LH:45|RH:50|TF:0|LE:0|RE:0|MO:0|SH:0|WA:0|FT:0,2,"2026-04-27 10:49:22"
1542,"69e238c70b8b50c789fbabdaa5c7112d35322ae7",LH:0|RH:0|TF:0|LE:0|RE:0|MO:67|SH:0|WA:57|FT:0,2,"2026-04-27 10:49:22"
1543,ddb4aa75acbd70d9d74c9ac84cf21cc69f3584b3,LH:111|RH:0|TF:0|LE:0|RE:0|MO:0|SH:0|WA:0|FT:0,1,"2026-04-27 10:49:22"
1544,"5403348b94762a299211761f20844789c03bbff2",LH:59|RH:59|TF:111|LE:0|RE:0|MO:0|SH:0|WA:0|FT:0,3,"2026-04-27 10:49:22"
1545,"70436988d7a32da1c62c31427cb4aecabf27d41f",LH:57|RH:57|TF:111|LE:0|RE:0|MO:0|SH:0|WA:0|FT:0,3,"2026-04-27 10:49:22"
1546,a56ce147bcb5cd2b97a64d4757412397fca207e8,LH:67|RH:0|TF:92|LE:0|RE:0|MO:0|SH:0|WA:0|FT:0,2,"2026-04-27 10:49:22"
1547,a20205dc33b66dcfa43109fb183304a9b2a6c175,LH:74|RH:74|TF:0|LE:0|RE:0|MO:0|SH:0|WA:63|FT:0,3,"2026-04-27 10:49:22"
1548,ff12c5724a7b9ce1fbd9879a1f03e31e1800f8e0,LH:63|RH:63|TF:0|LE:0|RE:0|MO:0|SH:0|WA:0|FT:67,3,"2026-04-27 10:49:22"
1549,d961ecb3f421e7af67a0ebbee90bad92f5dc63c3,LH:0|RH:0|TF:0|LE:0|RE:0|MO:26|SH:26|WA:0|FT:0,2,"2026-04-27 10:49:22"
1550,e38437861808eef5c2bcdbc990c26921538e8c1b,LH:0|RH:0|TF:0|LE:0|RE:0|MO:26|SH:26|WA:26|FT:26,4,"2026-04-27 10:49:22"
1551,e5526ec31e7c88c99ecbc638fcb0597165d7c2cb,LH:41|RH:41|TF:0|LE:0|RE:0|MO:0|SH:0|WA:57|FT:57,4,"2026-04-27 10:49:22"
1552,"1fd66372d570c4a664da3fa1965df5836b53fcf6",LH:0|RH:0|TF:0|LE:0|RE:0|MO:26|SH:0|WA:67|FT:26,3,"2026-04-27 10:49:22"
1553,"5201d9520f1b53836a52bdf0982100e79f0f8b2d",LH:65|RH:63|TF:0|LE:0|RE:0|MO:0|SH:0|WA:0|FT:0,2,"2026-04-27 10:49:22"
1554,"0a3f6efaf6bc50bacc9ca18d100b7c53fdd8a2bc",LH:0|RH:0|TF:92|LE:0|RE:0|MO:67|SH:0|WA:67|FT:0,3,"2026-04-27 10:49:22"
1555,d10b377558403ac4cfa1667e56b796818eb1cef3,LH:60|RH:60|TF:92|LE:0|RE:0|MO:0|SH:0|WA:0|FT:0,3,"2026-04-27 10:49:22"
1556,"0562535afa70127e6670ecb6e7f244a96bd58913",LH:0|RH:0|TF:0|LE:0|RE:0|MO:67|SH:0|WA:67|FT:58,3,"2026-04-27 10:49:22"
1557,"8737afa4ee9cab5acdb34484fa9fe16397fdb605",LH:0|RH:90|TF:0|LE:0|RE:0|MO:0|SH:89|WA:0|FT:0,2,"2026-04-27 10:49:22"
1558,e8c0170335dda3600b2b401a2cc24ffb32c06c3a,LH:0|RH:0|TF:0|LE:0|RE:0|MO:26|SH:0|WA:63|FT:0,2,"2026-04-27 10:49:22"
1559,"140a61a21d4f053c8214c1a8e218bfee0dce507a",LH:44|RH:41|TF:0|LE:0|RE:0|MO:0|SH:0|WA:0|FT:0,2,"2026-04-27 10:49:22"
1560,c976742823ae3e10cdf0343179518445dc90bfea,LH:0|RH:0|TF:0|LE:0|RE:0|MO:0|SH:0|WA:83|FT:83,2,"2026-04-27 10:49:22"
1561,"7d6843fd688020d7d1c99906666ef7da9299fcc6",LH:0|RH:0|TF:0|LE:0|RE:0|MO:0|SH:0|WA:0|FT:83,1,"2026-04-27 10:49:22"
1562,"5df745be7060c45c9167e75887c54db5d8489705",LH:35|RH:35|TF:0|LE:0|RE:0|MO:0|SH:0|WA:0|FT:0,2,"2026-04-27 10:49:22"
1563,"61b5edeb020907e33ea758e060c12e9e29a5d3b6",LH:0|RH:0|TF:0|LE:0|RE:0|MO:41|SH:0|WA:60|FT:60,3,"2026-04-27 10:49:22"
1564,ba600aab7bd71f0e4e5acbe9c9ebed0b4aecb837,LH:0|RH:0|TF:0|LE:63|RE:0|MO:0|SH:63|WA:63|FT:0,3,"2026-04-27 10:49:22"
1565,fdb9ba679a0bab907b3d678b2f795046adf54d2d,LH:57|RH:57|TF:0|LE:0|RE:0|MO:0|SH:95|WA:95|FT:0,4,"2026-04-27 10:49:22"
1566,"646b42106152cab3e0f0a9e5d7e70b8fa75097e9",LH:0|RH:0|TF:0|LE:0|RE:0|MO:0|SH:0|WA:73|FT:26,2,"2026-04-27 10:49:22"
1567,e1ba3840693668f5cdaac691151fee1a8c9dee24,LH:57|RH:57|TF:0|LE:67|RE:0|MO:0|SH:67|WA:0|FT:0,4,"2026-04-27 10:49:22"
1568,df67024f6d96eec81ae565155726639b8516f9ce,LH:44|RH:39|TF:0|LE:0|RE:0|MO:0|SH:0|WA:0|FT:0,2,"2026-04-27 10:49:22"
1569,a0d49ea79213a7bd8ad2bd44851a0e9daf876f88,LH:0|RH:0|TF:92|LE:0|RE:0|MO:0|SH:27|WA:0|FT:0,2,"2026-04-27 10:49:22"
1570,"62d104a10bd47abe4741a7de7056a74e62e61a2f",LH:0|RH:0|TF:0|LE:0|RE:0|MO:0|SH:0|WA:0|FT:94,1,"2026-04-27 10:49:22"
1571,"6551999993ca58c876b8767619e536a3ad224300",LH:0|RH:67|TF:0|LE:0|RE:0|MO:0|SH:24|WA:24|FT:24,4,"2026-04-27 10:49:22"
1572,"94ab6f399dbe74533004f02dd7b5fb4242dfefdd",LH:26|RH:26|TF:0|LE:0|RE:0|MO:0|SH:0|WA:67|FT:67,4,"2026-04-27 10:49:22"
1573,"535319af22ed317aa34c29ebdffc6234f7132cea",LH:41|RH:41|TF:0|LE:0|RE:0|MO:67|SH:0|WA:0|FT:0,3,"2026-04-27 10:49:22"
1574,"0b3f1443d035781b9d0620247de5a2cb97dafcd5",LH:67|RH:41|TF:0|LE:0|RE:0|MO:0|SH:63|WA:63|FT:0,4,"2026-04-27 10:49:22"
1575,"0baa484ce2adc4209b03d52100f58d31ccd4ea16",LH:0|RH:0|TF:0|LE:0|RE:67|MO:0|SH:67|WA:0|FT:63,3,"2026-04-27 10:49:22"
1576,dac75889ac634d70e597c4d6130ef4856b677490,LH:3|RH:67|TF:0|LE:0|RE:0|MO:0|SH:0|WA:0|FT:0,2,"2026-04-27 10:49:22"
1577,d03605ec380a1445808ef4032ecc32d74bd8102b,LH:0|RH:0|TF:0|LE:0|RE:0|MO:67|SH:27|WA:67|FT:0,3,"2026-04-27 10:49:22"
1578,"5a161a02b2b8e2d8ca904bf404442bcd80a9b37e",LH:0|RH:0|TF:92|LE:0|RE:0|MO:67|SH:92|WA:67|FT:67,5,"2026-04-27 10:49:22"
1579,"44d7a5accb749b5f8e8d2bf5b7491aadca5ff1e0",LH:41|RH:67|TF:92|LE:0|RE:0|MO:0|SH:0|WA:0|FT:0,3,"2026-04-27 10:49:22"
1580,"847ae76b0bc94f65194fc3ccbfefbe9294ac5b38",LH:58|RH:58|TF:0|LE:0|RE:0|MO:0|SH:27|WA:0|FT:0,3,"2026-04-27 10:49:22"
1581,a2b99c987fd018d174b74af6b18b8975628f65c2,LH:76|RH:73|TF:0|LE:0|RE:0|MO:0|SH:0|WA:0|FT:0,2,"2026-04-27 10:49:22"
1582,f090b29c9e0829ae0d85483c881d580d9ca10fba,LH:0|RH:41|TF:0|LE:0|RE:0|MO:110|SH:0|WA:0|FT:0,2,"2026-04-27 10:49:22"
1583,"44a4078f18c1c5746981650de9895832e33a3e58",LH:84|RH:67|TF:0|LE:0|RE:0|MO:0|SH:0|WA:0|FT:0,2,"2026-04-27 10:49:22"
1584,"372fef61c5d62378ebf397055101df2974ef9d98",LH:67|RH:58|TF:0|LE:0|RE:0|MO:0|SH:0|WA:63|FT:0,3,"2026-04-27 10:49:22"
1585,"6ca9426505c18c0ec50ccb5d1efe8004a00bde03",LH:0|RH:0|TF:0|LE:0|RE:0|MO:0|SH:41|WA:63|FT:63,3,"2026-04-27 10:49:22"
1586,"4d812146682c950c9e01cb806ab3a927a7fea4b4",LH:0|RH:0|TF:0|LE:0|RE:0|MO:0|SH:0|WA:41|FT:0,1,"2026-04-27 10:49:22"
1587,"14f840ca7230a5e9fe7be4c6034a490dab84ac3c",LH:0|RH:60|TF:0|LE:0|RE:0|MO:0|SH:0|WA:63|FT:0,2,"2026-04-27 10:49:22"
1588,ca9e1c81504170ddb311b454614c3367d1d33fcd,LH:63|RH:63|TF:0|LE:0|RE:0|MO:41|SH:0|WA:41|FT:0,4,"2026-04-27 10:49:22"
1589,"5cd86b157ce5105ddb31ed2bd18703075020bd2d",LH:47|RH:47|TF:0|LE:0|RE:0|MO:0|SH:47|WA:0|FT:0,3,"2026-04-27 10:49:22"
1590,"8e1702c508f1406969febf1b2132889e1f837e6d",LH:0|RH:0|TF:0|LE:0|RE:0|MO:86|SH:0|WA:0|FT:86,2,"2026-04-27 10:49:22"
1591,"29a3fbd251d384e6bf056028c58b2911266beca8",LH:95|RH:95|TF:0|LE:0|RE:0|MO:0|SH:63|WA:63|FT:0,4,"2026-04-27 10:49:22"
1592,"72be502f051cc3a13672ef2cbb6b07e2d95720c0",LH:0|RH:41|TF:0|LE:0|RE:0|MO:0|SH:0|WA:26|FT:0,2,"2026-04-27 10:49:22"
1593,"4ab84987205ddf5bce313ff41221ec405f4946ce",LH:44|RH:60|TF:0|LE:0|RE:0|MO:0|SH:0|WA:0|FT:0,2,"2026-04-27 10:49:22"
1594,"58dcb278e465652ce5fd8799621db1c2c137aeac",LH:92|RH:92|TF:0|LE:0|RE:0|MO:0|SH:0|WA:26|FT:0,3,"2026-04-27 10:49:22"
1595,"1aa3b619e9cd7c4728f656c6c67d068622fa274e",LH:67|RH:67|TF:0|LE:0|RE:0|MO:24|SH:0|WA:24|FT:0,4,"2026-04-27 10:49:22"
1596,"1bcb759c63fd7583858578e37621def13f31efcf",LH:39|RH:67|TF:0|LE:0|RE:0|MO:0|SH:0|WA:0|FT:0,2,"2026-04-27 10:49:22"
1597,aef9eae6d9349023ae572f06f033087b2f4a600d,LH:92|RH:92|TF:0|LE:67|RE:0|MO:0|SH:67|WA:0|FT:0,4,"2026-04-27 10:49:22"
1598,f9d985f975b97c2af6395752e50e32ff717411c1,LH:0|RH:0|TF:92|LE:0|RE:0|MO:63|SH:0|WA:63|FT:0,3,"2026-04-27 10:49:22"
1599,c8ed511f4c2ee7bc80e764c089d133599b094273,LH:41|RH:41|TF:0|LE:0|RE:0|MO:0|SH:0|WA:26|FT:26,4,"2026-04-27 10:49:22"
1600,"90e01d40b0a6d736e59e583b5d907c792a1249ca",LH:0|RH:0|TF:0|LE:0|RE:0|MO:0|SH:41|WA:0|FT:41,2,"2026-04-27 10:49:22"
1601,"002bbd5b31b3ddfeaef4c6f476e9f26f66828f35",LH:0|RH:0|TF:0|LE:0|RE:0|MO:0|SH:0|WA:0|FT:30,1,"2026-04-27 10:49:22"
1602,e741bc9a11f3824d38ed4d0c4119b3ae783efd5f,LH:84|RH:0|TF:0|LE:0|RE:0|MO:0|SH:0|WA:0|FT:0,1,"2026-04-27 10:49:22"
1603,"6a1e9c327a52ee92aff4c303982ae50c7d547775",LH:0|RH:41|TF:0|LE:0|RE:0|MO:0|SH:0|WA:0|FT:26,2,"2026-04-27 10:49:22"
1604,"75c6655aafd10b25c914fdb2ca2f006ed64400de",LH:63|RH:26|TF:0|LE:0|RE:0|MO:0|SH:0|WA:0|FT:0,2,"2026-04-27 10:49:22"
1605,cbd275872ec3c3835b9f8f647d50dccc99ec28e9,LH:67|RH:26|TF:0|LE:0|RE:0|MO:0|SH:0|WA:26|FT:0,3,"2026-04-27 10:49:22"
1606,d18564a189b4789ef79c3b6e3504524393346d73,LH:0|RH:0|TF:0|LE:0|RE:0|MO:0|SH:101|WA:0|FT:0,1,"2026-04-27 10:49:22"
1607,c54f371d5068fd42b004e0f7f3d0ac3904e97ecb,LH:90|RH:90|TF:0|LE:0|RE:0|MO:0|SH:0|WA:63|FT:0,3,"2026-04-27 10:49:22"
1608,aa63fc6999cd28574c0c9cbd1d41d9f7217b1d6a,LH:63|RH:63|TF:0|LE:0|RE:0|MO:0|SH:89|WA:0|FT:0,3,"2026-04-27 10:49:22"
1609,f61b8991b91a3b6cef35ab83337eb71423de19e5,LH:67|RH:67|TF:0|LE:0|RE:0|MO:90|SH:0|WA:90|FT:0,4,"2026-04-27 10:49:22"
1610,"43c35996de6a35545fa2c0d5ee4a1bdc52e6d8bf",LH:0|RH:63|TF:92|LE:0|RE:0|MO:0|SH:0|WA:0|FT:0,2,"2026-04-27 10:49:22"
1611,"47cb34d2dbd3f160e45226ff4d2e88ecc772b591",LH:62|RH:63|TF:0|LE:0|RE:0|MO:0|SH:0|WA:0|FT:0,2,"2026-04-27 10:49:22"
1612,eb77b797f73c144d02255ddb0c726e1361d7a26f,LH:40|RH:39|TF:0|LE:0|RE:0|MO:0|SH:0|WA:0|FT:0,2,"2026-04-27 10:49:22"
1613,dad5e27d772b65b27058c5408a0e4094507bade7,LH:56|RH:67|TF:0|LE:0|RE:0|MO:0|SH:0|WA:56|FT:56,4,"2026-04-27 10:49:22"
1614,c4a7da0a2361dd410248d3ddf377186c45138b88,LH:0|RH:26|TF:0|LE:0|RE:0|MO:67|SH:0|WA:0|FT:0,2,"2026-04-27 10:49:22"
1615,f2361fca4d166060d912175b20f340eb7aee2fee,LH:60|RH:63|TF:0|LE:0|RE:0|MO:67|SH:0|WA:0|FT:0,3,"2026-04-27 10:49:22"
1616,"343aa098d7eb8e748a6adf690b01d5c846d8dc73",LH:6|RH:6|TF:0|LE:0|RE:0|MO:0|SH:0|WA:24|FT:0,3,"2026-04-27 10:49:22"
1617,"265070676ac7e079b436b4150463d376b01e9eb3",LH:0|RH:0|TF:0|LE:0|RE:0|MO:0|SH:0|WA:84|FT:84,2,"2026-04-27 10:49:22"
1618,d89829ef7ec65eed5566702580432e2e5dea6c59,LH:56|RH:58|TF:0|LE:0|RE:0|MO:0|SH:0|WA:0|FT:0,2,"2026-04-27 10:49:22"
1619,af27f7895c25c283e02481e683cf346dfc440f32,LH:0|RH:0|TF:0|LE:67|RE:0|MO:0|SH:67|WA:67|FT:67,4,"2026-04-27 10:49:22"
1620,"7e9cd27f93a08113b9ae00c751c0f27c2217914a",LH:0|RH:0|TF:0|LE:0|RE:0|MO:67|SH:0|WA:73|FT:0,2,"2026-04-27 10:49:22"
1621,"175776b0f22f159d175007f98b9784e9906dac26",LH:0|RH:0|TF:0|LE:0|RE:0|MO:92|SH:0|WA:63|FT:63,3,"2026-04-27 10:49:22"
1622,"68f32ec47f97bc1f8ed1f38a0bf6c1233508c2c9",LH:67|RH:0|TF:0|LE:0|RE:0|MO:0|SH:0|WA:26|FT:0,2,"2026-04-27 10:49:22"
1623,"23681daf2a19a3d31ec33713a1d34dcf5cf0c110",LH:73|RH:73|TF:0|LE:0|RE:0|MO:0|SH:67|WA:0|FT:0,3,"2026-04-27 10:49:22"
1624,d3bd3a38c444690b0cb256bd4a2c37bc33a9e963,LH:24|RH:24|TF:0|LE:0|RE:0|MO:0|SH:24|WA:24|FT:0,4,"2026-04-27 10:49:22"
1625,efdc97a8cc3c771c70f741c24ff8cb37d13819bf,LH:40|RH:63|TF:0|LE:0|RE:0|MO:0|SH:0|WA:0|FT:0,2,"2026-04-27 10:49:22"
1626,"8de20a0ba0c6b920769bbd0472267d5b9a0a7cfa",LH:67|RH:67|TF:0|LE:0|RE:0|MO:0|SH:0|WA:83|FT:83,4,"2026-04-27 10:49:22"
1627,"8c835af4c11ebadd958d6aa1d56c99ea149d4ed5",LH:0|RH:0|TF:0|LE:0|RE:0|MO:26|SH:0|WA:0|FT:26,2,"2026-04-27 10:49:22"
1628,"01105d64fdf55ecb5b14cd3c0fc771cb9196d011",LH:83|RH:0|TF:0|LE:0|RE:0|MO:0|SH:0|WA:0|FT:0,1,"2026-04-27 10:49:22"
1629,d1185d5f637033c58808bb687e215f0e3f52a725,LH:60|RH:60|TF:0|LE:0|RE:0|MO:48|SH:0|WA:0|FT:0,3,"2026-04-27 10:49:22"
1630,f37ee541ce13219dfc5ec715e6c1f9c1e1d201b4,LH:0|RH:57|TF:0|LE:0|RE:0|MO:0|SH:0|WA:63|FT:63,3,"2026-04-27 10:49:22"
1631,"827bc5b7e5c25b825df4421018d24228550545d4",LH:64|RH:63|TF:0|LE:0|RE:0|MO:0|SH:0|WA:0|FT:0,2,"2026-04-27 10:49:22"
1632,a32ad19ab845d2a3a4384dd597ebc4421a10cd07,LH:26|RH:26|TF:0|LE:0|RE:0|MO:0|SH:26|WA:26|FT:26,5,"2026-04-27 10:49:22"
1633,"11bef5931514a7a171b60107252232530422a676",LH:67|RH:41|TF:0|LE:0|RE:0|MO:0|SH:0|WA:60|FT:0,3,"2026-04-27 10:49:22"
1634,"3e034a7255e1a0bc1c377dc155634adaa2a2dd8c",LH:59|RH:59|TF:0|LE:0|RE:0|MO:0|SH:0|WA:0|FT:73,3,"2026-04-27 10:49:22"
1635,"73cb4200618d876da85713f208830ec0c3a8de2a",LH:57|RH:57|TF:0|LE:0|RE:0|MO:0|SH:0|WA:56|FT:0,3,"2026-04-27 10:49:22"
1636,"37ff671978ccb6ed73d7a06edd96cff12d359a6d",LH:90|RH:90|TF:0|LE:0|RE:0|MO:0|SH:89|WA:89|FT:0,4,"2026-04-27 10:49:22"
1637,"9ff088683708f2160b69fe996470893d5530c1ce",LH:0|RH:0|TF:0|LE:0|RE:0|MO:0|SH:90|WA:90|FT:90,3,"2026-04-27 10:49:22"
1638,a7cbb64b439aa1c6b03f28b1d614564904ce7e2d,LH:90|RH:90|TF:0|LE:0|RE:0|MO:0|SH:0|WA:56|FT:0,3,"2026-04-27 10:49:22"
1639,"1be62a0eda9f024946f22add7d78621968e9cc16",LH:0|RH:0|TF:0|LE:0|RE:0|MO:0|SH:27|WA:89|FT:89,3,"2026-04-27 10:49:22"
1640,"612873facdbe4d1d61b59a2b65f2523bd92b6533",LH:0|RH:0|TF:0|LE:0|RE:0|MO:0|SH:90|WA:0|FT:0,1,"2026-04-27 10:49:22"
1641,"7f4049011ae19b2f16d806505dda5405eb3f9cb0",LH:26|RH:39|TF:0|LE:0|RE:0|MO:0|SH:0|WA:0|FT:0,2,"2026-04-27 10:49:22"
1642,f4f7dec2125e3eb03f51991e70cf85ace4272278,LH:41|RH:63|TF:0|LE:0|RE:0|MO:0|SH:0|WA:0|FT:73,3,"2026-04-27 10:49:22"
1643,"15319e6a3efb6dd5c8daef70e10e6347011183b4",LH:0|RH:73|TF:0|LE:0|RE:0|MO:0|SH:0|WA:63|FT:0,2,"2026-04-27 10:49:22"
1644,"93c47656e71046ea54c2df32064899b859f6513d",LH:56|RH:56|TF:0|LE:0|RE:0|MO:0|SH:63|WA:63|FT:0,4,"2026-04-27 10:49:22"
1645,ab0a0d16a2c5a9a0c09f896fd5da9ec67bccf546,LH:67|RH:66|TF:0|LE:0|RE:0|MO:0|SH:0|WA:0|FT:0,2,"2026-04-27 10:49:22"
1646,"6f7093c7ee58cf1342e04d88fdb2d86d829b0410",LH:73|RH:73|TF:0|LE:0|RE:0|MO:0|SH:63|WA:63|FT:0,4,"2026-04-27 10:49:22"
1647,"8a98246525c0ae70a9ea3c632c449b627b8cc893",LH:66|RH:73|TF:0|LE:0|RE:0|MO:0|SH:0|WA:0|FT:0,2,"2026-04-27 10:49:22"
1648,f6e546208db7a22e8b005a1dd84f2517f502ce23,LH:0|RH:63|TF:0|LE:0|RE:0|MO:73|SH:0|WA:0|FT:0,2,"2026-04-27 10:49:22"
1649,e9fc67bcc5a009520e38228343cc453a1ca341ec,LH:63|RH:63|TF:0|LE:0|RE:0|MO:0|SH:0|WA:0|FT:60,3,"2026-04-27 10:49:22"
1650,"43bcf3e9c87e49c8d86b8ca15744548ad86cbff1",LH:41|RH:67|TF:0|LE:0|RE:0|MO:0|SH:0|WA:26|FT:26,4,"2026-04-27 10:49:22"
1651,"598732f05303be986032c02d663f8814280702bd",LH:0|RH:68|TF:0|LE:0|RE:0|MO:0|SH:0|WA:0|FT:0,1,"2026-04-27 10:49:22"
1652,"6909c61cd472fdd897e85a938f64dd143abd0f0c",LH:0|RH:0|TF:0|LE:67|RE:67|MO:67|SH:0|WA:0|FT:0,3,"2026-04-27 10:49:22"
1653,a5aa5527397dcbc7852e9272d472d933931e1871,LH:41|RH:41|TF:0|LE:0|RE:0|MO:0|SH:0|WA:67|FT:0,3,"2026-04-27 10:49:22"
1654,"2d2639dcc59824c931c2b1a03eb1daf621d2b3e7",LH:56|RH:56|TF:0|LE:0|RE:0|MO:67|SH:67|WA:0|FT:0,4,"2026-04-27 10:49:22"
1655,d2ecf78f62e4759c204902b64e8d999547c06bcc,LH:26|RH:67|TF:0|LE:0|RE:0|MO:0|SH:0|WA:26|FT:0,3,"2026-04-27 10:49:22"
1656,"9cd2c4153350d489a587db919dcc93ce593e5748",LH:67|RH:67|TF:0|LE:0|RE:0|MO:0|SH:26|WA:26|FT:26,5,"2026-04-27 10:49:22"
1657,"1f73d70bc48a3e829a66fd731257053896f940d2",LH:0|RH:63|TF:0|LE:0|RE:0|MO:0|SH:0|WA:0|FT:67,2,"2026-04-27 10:49:22"
1658,d15fdeef27a358b5b0c569b05c02c6a4d503a45f,LH:63|RH:63|TF:0|LE:0|RE:0|MO:0|SH:0|WA:67|FT:67,4,"2026-04-27 10:49:22"
1659,"760618ff6de521c167e5f4d2e3a866bb282a1838",LH:92|RH:92|TF:0|LE:0|RE:0|MO:0|SH:0|WA:56|FT:56,4,"2026-04-27 10:49:22"
1660,"893d6f9629ee2bbb8f41c1e2aa39a3f1100d4399",LH:83|RH:95|TF:0|LE:0|RE:0|MO:0|SH:0|WA:0|FT:0,2,"2026-04-27 10:49:22"
1661,e4d110f2ac60bb67019f81ce5a9db428934c84c7,LH:0|RH:0|TF:0|LE:0|RE:0|MO:83|SH:0|WA:83|FT:83,3,"2026-04-27 10:49:22"
1662,"0b1941cbfd3a7d70f84ae1ea870587eb4cf4d8b2",LH:0|RH:0|TF:0|LE:0|RE:0|MO:0|SH:0|WA:83|FT:0,1,"2026-04-27 10:49:22"
1663,"6bbb042e1fc17e4703b868f5d3728b36afd2a0ff",LH:95|RH:83|TF:0|LE:0|RE:0|MO:0|SH:0|WA:83|FT:0,3,"2026-04-27 10:49:22"
1664,"7774f6c7d6a11c01e54a449448487632a541bd3c",LH:0|RH:57|TF:0|LE:0|RE:0|MO:0|SH:0|WA:63|FT:0,2,"2026-04-27 10:49:22"
1665,"83db67488df56980db018766adb33f73deed9568",LH:25|RH:25|TF:0|LE:0|RE:0|MO:0|SH:0|WA:63|FT:0,3,"2026-04-27 10:49:22"
1666,d1cc08a8f09f6cfb4da630a9947c2b20675202c5,LH:44|RH:0|TF:0|LE:0|RE:0|MO:45|SH:0|WA:0|FT:0,2,"2026-04-27 10:49:22"
1667,d601ec0c0baea92434db2e84f3fc937cd28646a6,LH:58|RH:0|TF:0|LE:0|RE:0|MO:0|SH:0|WA:60|FT:0,2,"2026-04-27 10:49:22"
1668,d2be4e672e44c1428bcf56d4919800db59c267ba,LH:45|RH:44|TF:0|LE:0|RE:0|MO:0|SH:0|WA:56|FT:0,3,"2026-04-27 10:49:22"
1669,e36bf4b24028280fe8e452632a4a852c1c70368b,LH:57|RH:57|TF:0|LE:0|RE:73|MO:0|SH:0|WA:73|FT:0,4,"2026-04-27 10:49:22"
1670,d36fefa81f4a690ce6e27b7f59ac0b410ccda073,LH:0|RH:0|TF:0|LE:0|RE:0|MO:0|SH:0|WA:45|FT:0,1,"2026-04-27 10:49:22"
1671,b94cdf14fd1c3d74f13011a60cdac889ceee1fb7,LH:42|RH:44|TF:0|LE:0|RE:0|MO:0|SH:0|WA:0|FT:0,2,"2026-04-27 10:49:22"
1672,"2df6e593b7d6175d78610511bedea04a86c775d1",LH:0|RH:0|TF:0|LE:84|RE:0|MO:0|SH:84|WA:0|FT:0,2,"2026-04-27 10:49:22"
1673,c5635ad5cb54e039fe58dfc91428b1bdcad0f870,LH:0|RH:73|TF:0|LE:0|RE:0|MO:0|SH:0|WA:0|FT:56,2,"2026-04-27 10:49:22"
1674,"98696c8ab2116555da43dc6c7f7e4f06bfe47dd5",LH:63|RH:63|TF:0|LE:0|RE:0|MO:92|SH:92|WA:0|FT:0,4,"2026-04-27 10:49:22"
1675,"737b0a3c6be8bbf6685f9e5fa6ceb160f806c205",LH:57|RH:58|TF:0|LE:0|RE:0|MO:0|SH:0|WA:63|FT:0,3,"2026-04-27 10:49:22"
1676,"99b06bed8669ca2830d189ee1b1e2894f86becc4",LH:63|RH:63|TF:0|LE:0|RE:0|MO:90|SH:0|WA:90|FT:0,4,"2026-04-27 10:49:22"
1677,"1764ddf2dd81c3362585f041fb0312e08675f73f",LH:109|RH:0|TF:0|LE:0|RE:0|MO:0|SH:0|WA:0|FT:0,1,"2026-04-27 10:49:22"
1678,a014a3e68da70c0fed257e70126d64c82da5a5f0,LH:15|RH:57|TF:0|LE:0|RE:0|MO:0|SH:0|WA:0|FT:0,2,"2026-04-27 10:49:22"
1679,"042819c5282acecf56639c57fff033f541a1ef7a",LH:6|RH:6|TF:0|LE:0|RE:0|MO:0|SH:27|WA:0|FT:0,3,"2026-04-27 10:49:22"
1680,ff3ae45c331ce0e40f2e9ee82415325e57401802,LH:39|RH:0|TF:0|LE:0|RE:0|MO:0|SH:27|WA:0|FT:0,2,"2026-04-27 10:49:22"
1681,"23f07c89b994c21cf5a0ed7a2c2effd649379e38",LH:63|RH:63|TF:0|LE:0|RE:0|MO:0|SH:26|WA:26|FT:0,4,"2026-04-27 10:49:22"
1682,b14412b70ad82e69fe901e70531608dbdf2b74ba,LH:92|RH:0|TF:0|LE:0|RE:0|MO:0|SH:0|WA:57|FT:57,3,"2026-04-27 10:49:22"
1683,f9075d9bcf54ff0a72cecd5d6cad90b01d1afae8,LH:59|RH:59|TF:0|LE:0|RE:0|MO:0|SH:63|WA:63|FT:63,5,"2026-04-27 10:49:22"
1684,"8fac4e720ff610e11b84e077d0ddf6e0c2f3a33a",LH:0|RH:0|TF:0|LE:82|RE:0|MO:0|SH:0|WA:0|FT:0,1,"2026-04-27 10:49:22"
1685,d1b19a647c70851901f78983095f7cc5730c497a,LH:82|RH:82|TF:0|LE:0|RE:0|MO:0|SH:0|WA:0|FT:0,2,"2026-04-27 10:49:22"
1686,"18bb09a63bfccf970b5987718d540c9a53e9a603",LH:60|RH:60|TF:0|LE:0|RE:0|MO:54|SH:0|WA:0|FT:0,3,"2026-04-27 10:49:22"
1687,e59d6165ad32aa65bd1881bca5ce621e8a548e12,LH:62|RH:56|TF:0|LE:0|RE:0|MO:0|SH:0|WA:0|FT:0,2,"2026-04-27 10:49:22"
1688,"287deb412b9e9ef05a38c50e3a5b4e287bcb7d7e",LH:57|RH:57|TF:0|LE:0|RE:0|MO:73|SH:73|WA:73|FT:0,5,"2026-04-27 10:49:22"
1689,"34738564623d278d1a45a5a5e8c890af3d1d2953",LH:55|RH:56|TF:0|LE:0|RE:0|MO:0|SH:0|WA:0|FT:0,2,"2026-04-27 10:49:22"
1690,"1e85019e3182f412036193c815aca37e748cff1c",LH:56|RH:26|TF:0|LE:0|RE:0|MO:0|SH:0|WA:0|FT:0,2,"2026-04-27 10:49:22"
1691,"92d0e55efbb0d6295c499fc6ab9b7008dbcb91f7",LH:60|RH:63|TF:0|LE:0|RE:0|MO:0|SH:0|WA:56|FT:56,4,"2026-04-27 10:49:22"
1692,"4bc2fd985c9ade536f7af4ed0caede6d82498404",LH:73|RH:59|TF:0|LE:0|RE:0|MO:0|SH:0|WA:0|FT:0,2,"2026-04-27 10:49:22"
1693,"8e58ea00a6d247660fa4fb9c716584da33435749",LH:0|RH:63|TF:0|LE:0|RE:0|MO:67|SH:0|WA:0|FT:0,2,"2026-04-27 10:49:22"
1694,a9190096767d6d01d4f014c20757597b2d84a815,LH:41|RH:63|TF:0|LE:0|RE:0|MO:0|SH:0|WA:56|FT:0,3,"2026-04-27 10:49:22"
1695,"8f44491a21490bc3059f32f8813bd01e0a3d7e76",LH:41|RH:0|TF:0|LE:0|RE:0|MO:0|SH:0|WA:56|FT:56,3,"2026-04-27 10:49:22"
1696,"4f528f29c7d0fc77b354fcd443af2e3854e981cc",LH:67|RH:56|TF:0|LE:0|RE:0|MO:0|SH:0|WA:63|FT:0,3,"2026-04-27 10:49:22"
1697,"02a1c0d540fcd2ac03f090298845d0d1da1c1887",LH:0|RH:0|TF:0|LE:79|RE:79|MO:79|SH:0|WA:0|FT:0,3,"2026-04-27 10:49:22"
1698,"926f015efcef22f2dec38b492dc714d9c316c7c0",LH:26|RH:25|TF:0|LE:0|RE:0|MO:0|SH:0|WA:0|FT:0,2,"2026-04-27 10:49:22"
1699,d4dabecfd8d86df93aee7a219bc19d21bf5b29e7,LH:24|RH:24|TF:0|LE:0|RE:0|MO:24|SH:0|WA:0|FT:0,3,"2026-04-27 10:49:22"
1700,"77e9731b3b045521f3ca0625caf2d433cf4416aa",LH:67|RH:67|TF:0|LE:0|RE:0|MO:110|SH:0|WA:0|FT:0,3,"2026-04-27 10:49:22"
1701,"94b4d9bd8ee76ba107f4b6c0e6f1ae2fa30c45b1",LH:0|RH:110|TF:0|LE:0|RE:0|MO:0|SH:27|WA:0|FT:0,2,"2026-04-27 10:49:22"
1702,"29296da28190873e6e8531a58ca5852a2f674bd6",LH:24|RH:24|TF:0|LE:0|RE:0|MO:110|SH:0|WA:0|FT:0,3,"2026-04-27 10:49:22"
1703,"75af00b89f87eaa665bff19e40a003d1f113fc4a",LH:0|RH:0|TF:0|LE:101|RE:101|MO:0|SH:0|WA:0|FT:0,2,"2026-04-27 10:49:22"
1704,c382811a797be4419ee97cedcac4be8206e2cb08,LH:0|RH:58|TF:0|LE:0|RE:0|MO:0|SH:27|WA:0|FT:0,2,"2026-04-27 10:49:22"
1705,"74dc3bd644ac526ad02945e8d98068b8af6ff5d2",LH:86|RH:86|TF:0|LE:0|RE:0|MO:0|SH:0|WA:32|FT:0,3,"2026-04-27 10:49:22"
1706,"8cea52a5985e844f4da4880b66dd2a08c68fbe22",LH:0|RH:0|TF:0|LE:0|RE:0|MO:0|SH:48|WA:0|FT:0,1,"2026-04-27 10:49:22"
1707,"174ccdccd0cc568bf394b2ba0b191874638107cd",LH:59|RH:59|TF:0|LE:0|RE:0|MO:73|SH:0|WA:73|FT:0,4,"2026-04-27 10:49:22"
1708,"119a5890b5b3c8f8ee5f70f82d307f5dcc0ad642",LH:45|RH:56|TF:0|LE:0|RE:0|MO:0|SH:0|WA:0|FT:0,2,"2026-04-27 10:49:22"
1709,"640325c3a1e32ddad6bd0bedbe34b905057c41ea",LH:45|RH:0|TF:0|LE:0|RE:0|MO:0|SH:0|WA:60|FT:0,2,"2026-04-27 10:49:22"
1710,"5b2faeecb0885409c173c99c661f3e8da99c1ccb",LH:58|RH:0|TF:0|LE:0|RE:0|MO:0|SH:0|WA:0|FT:63,2,"2026-04-27 10:49:22"
1711,"127b2df716b8cae5df61928f5fec9c90291bc8f9",LH:0|RH:0|TF:97|LE:0|RE:0|MO:0|SH:0|WA:0|FT:0,1,"2026-04-27 10:49:22"
1712,"4d1258d97c9593cfdf4cf76b1e815a8ba61b6f42",LH:63|RH:0|TF:0|LE:0|RE:0|MO:0|SH:0|WA:60|FT:0,2,"2026-04-27 10:49:22"
1713,"569ac1b763aa75bbe7e4c2e971dd913e68bc0e42",LH:0|RH:0|TF:0|LE:0|RE:0|MO:27|SH:0|WA:67|FT:63,3,"2026-04-27 10:49:22"
1714,ed5a0146cbc83bc51e7675617a9f357bb0760a44,LH:0|RH:0|TF:0|LE:0|RE:0|MO:110|SH:0|WA:26|FT:26,3,"2026-04-27 10:49:22"
1715,"10bb742788d7ffce1341c4ac0efce4b6093b8bbd",LH:41|RH:110|TF:0|LE:0|RE:0|MO:0|SH:0|WA:0|FT:0,2,"2026-04-27 10:49:22"
1716,"72b3b05d3794ef77e877e718f34117c04d7f3c8f",LH:41|RH:67|TF:0|LE:0|RE:0|MO:0|SH:0|WA:56|FT:0,3,"2026-04-27 10:49:22"
1717,fb4d6c122f1f0f86eac4773f713b03a94f6f2c52,LH:56|RH:56|TF:0|LE:0|RE:0|MO:0|SH:0|WA:26|FT:0,3,"2026-04-27 10:49:22"
1718,f12ee3a61a0490a270a02f443b243b9377b28664,LH:0|RH:0|TF:0|LE:0|RE:0|MO:90|SH:27|WA:90|FT:90,4,"2026-04-27 10:49:22"
1719,"789d321996d3f01e51d0f11695b0e6412f0ec725",LH:39|RH:39|TF:0|LE:0|RE:0|MO:0|SH:0|WA:60|FT:0,3,"2026-04-27 10:49:22"
1720,c73ca92776927b779d547a8be832fd6d0a5a3483,LH:59|RH:59|TF:0|LE:0|RE:0|MO:0|SH:0|WA:95|FT:0,3,"2026-04-27 10:49:22"
1721,"24ff8cc23a3a8ca1a2f3f619d847a72e7af7caa5",LH:59|RH:59|TF:0|LE:0|RE:0|MO:0|SH:67|WA:67|FT:0,4,"2026-04-27 10:49:22"
1722,"057b6b0717ef2c1bb6f9e9fba7a55b3b3dafd3df",LH:24|RH:41|TF:0|LE:0|RE:0|MO:0|SH:0|WA:0|FT:0,2,"2026-04-27 10:49:22"
1723,"3ffbde27f089d621a1fab3b577b192fa7fdfa342",LH:58|RH:58|TF:0|LE:0|RE:0|MO:0|SH:0|WA:73|FT:0,3,"2026-04-27 10:49:22"
1724,"036761b161071e2f248ebb4f06f8495b2e00ccd1",LH:0|RH:0|TF:0|LE:79|RE:0|MO:0|SH:0|WA:0|FT:0,1,"2026-04-27 10:49:22"
1725,cc4acb448b892334448eecffd59814a8e79bc457,LH:0|RH:92|TF:0|LE:0|RE:67|MO:0|SH:0|WA:0|FT:0,2,"2026-04-27 10:49:22"
1726,f6e58a6330223974fc659d211b4b0b8b4b14762c,LH:45|RH:67|TF:0|LE:0|RE:0|MO:0|SH:0|WA:0|FT:0,2,"2026-04-27 10:49:22"
1727,d87b303dd947e0b5824946522aa4271f0c537161,LH:60|RH:50|TF:0|LE:0|RE:0|MO:0|SH:0|WA:0|FT:0,2,"2026-04-27 10:49:22"
1728,"04922e4e4262939fa60ebb16b3ebdb78cee39b36",LH:0|RH:0|TF:0|LE:0|RE:0|MO:0|SH:44|WA:0|FT:0,1,"2026-04-27 10:49:22"
1729,"93b9317e89305cea2ded47c221326a5b2c71a494",LH:74|RH:95|TF:0|LE:0|RE:0|MO:0|SH:0|WA:0|FT:0,2,"2026-04-27 10:49:22"
1730,abaa4771b1d9f3db07d6c0fe6473c5e78711d666,LH:73|RH:73|TF:0|LE:0|RE:0|MO:0|SH:0|WA:0|FT:28,3,"2026-04-27 10:49:22"
1731,fb1ad1cb6be0e2fad6b1ca430d0fccdc8ea00bcc,LH:73|RH:73|TF:0|LE:0|RE:0|MO:0|SH:24|WA:24|FT:24,5,"2026-04-27 10:49:22"
1732,"81aac637c10ee58b75d0fbfc0242270c71bf5345",LH:0|RH:110|TF:0|LE:0|RE:0|MO:0|SH:0|WA:67|FT:0,2,"2026-04-27 10:49:22"
1733,"3cfa3b2423e33447193c6f5b56d6d90fd984eeca",LH:110|RH:110|TF:0|LE:0|RE:0|MO:0|SH:27|WA:0|FT:0,3,"2026-04-27 10:49:22"
1734,eb605490d0220bad409b0f3d9c803868b8af2de1,LH:110|RH:0|TF:0|LE:0|RE:0|MO:110|SH:0|WA:0|FT:0,2,"2026-04-27 10:49:22"
1735,a45022aea3e474f206c6da4e3920a349a1e8f27e,LH:73|RH:73|TF:0|LE:0|RE:0|MO:0|SH:63|WA:63|FT:63,5,"2026-04-27 10:49:22"
1736,dd45ad2753d69a7c68ef06f6f0798fb1e22a5f03,LH:0|RH:73|TF:0|LE:0|RE:0|MO:0|SH:63|WA:63|FT:63,4,"2026-04-27 10:49:22"
1737,"26c602a458dae66d6b97d000a79af5c060a96d0e",LH:60|RH:0|TF:0|LE:0|RE:0|MO:0|SH:0|WA:0|FT:56,2,"2026-04-27 10:49:22"
1738,"905e412b4e4255767c5281300fdcc732dfa204dc",LH:41|RH:63|TF:0|LE:0|RE:0|MO:0|SH:0|WA:0|FT:56,3,"2026-04-27 10:49:22"
1739,"786a6a4221d006fd23cafbff172da4c99e4393eb",LH:0|RH:92|TF:0|LE:0|RE:0|MO:41|SH:0|WA:0|FT:0,2,"2026-04-27 10:49:22"
1740,"5f7718d06610d0638cdba4e8e5921746b2f7a20b",LH:58|RH:75|TF:0|LE:0|RE:0|MO:0|SH:0|WA:0|FT:0,2,"2026-04-27 10:49:22"
1741,"4cb4b4c6b8ec996b06b72cd387af7212b605470c",LH:67|RH:67|TF:0|LE:0|RE:0|MO:0|SH:0|WA:57|FT:57,4,"2026-04-27 10:49:22"
1742,"68bd9e866e8ac14e9697b74779289d171158ea2c",LH:73|RH:42|TF:0|LE:0|RE:0|MO:0|SH:0|WA:0|FT:0,2,"2026-04-27 10:49:22"
1743,"29d0b595bdd6714dfc64c0d3ddc1da2d56a437b1",LH:45|RH:44|TF:0|LE:0|RE:0|MO:0|SH:0|WA:60|FT:0,3,"2026-04-27 10:49:22"
1744,b4c25bc1fa97e6fccaf175642921e5e0d09bba27,LH:0|RH:60|TF:0|LE:0|RE:0|MO:0|SH:0|WA:56|FT:0,2,"2026-04-27 10:49:22"
1745,"48c4be1ac67a99332cb0c4eae2f5f8e95143e049",LH:60|RH:60|TF:0|LE:0|RE:0|MO:0|SH:0|WA:0|FT:39,3,"2026-04-27 10:49:22"
1746,"991cf58c3291a85ce9d237c5b2891d156658a094",LH:0|RH:60|TF:0|LE:0|RE:0|MO:0|SH:0|WA:0|FT:41,2,"2026-04-27 10:49:22"
1747,bb1806926774c2bd759ab4c59ec654ee5c4178cb,LH:0|RH:60|TF:0|LE:0|RE:0|MO:41|SH:0|WA:0|FT:0,2,"2026-04-27 10:49:22"
1748,"9e891a5083b8663c05e612a02d86209254f24168",LH:0|RH:0|TF:0|LE:0|RE:0|MO:110|SH:0|WA:0|FT:63,2,"2026-04-27 10:49:22"
1749,c8e1cc3ef899b1c3d2cb4af6b262707f672af1ec,LH:58|RH:58|TF:0|LE:0|RE:0|MO:0|SH:0|WA:0|FT:63,3,"2026-04-27 10:49:22"
1750,fa87f62e8660e10cc5facfa932a43c198590388f,LH:58|RH:41|TF:0|LE:0|RE:0|MO:0|SH:0|WA:63|FT:0,3,"2026-04-27 10:49:22"
1751,"5a30e55b3a4fd3183acadd86a051fb9db8dd5071",LH:0|RH:0|TF:0|LE:0|RE:0|MO:0|SH:55|WA:0|FT:0,1,"2026-04-27 10:49:22"
1752,"4a4d57afd559b912fb61ec631dda88d584387117",LH:39|RH:39|TF:0|LE:0|RE:0|MO:0|SH:0|WA:26|FT:0,3,"2026-04-27 10:49:22"
1753,"6efb565bd78b3912e688f5c98efe237f42fb28a6",LH:92|RH:92|TF:0|LE:63|RE:63|MO:0|SH:63|WA:63|FT:63,7,"2026-04-27 10:49:22"
1754,e4a3f381b5c00405916cda399d3d3b63e4f66867,LH:57|RH:60|TF:0|LE:0|RE:0|MO:0|SH:0|WA:0|FT:0,2,"2026-04-27 10:49:22"
1755,"4f5e5553493d693fd74364178bfbd2ee81574c56",LH:0|RH:63|TF:0|LE:0|RE:0|MO:0|SH:0|WA:0|FT:56,2,"2026-04-27 10:49:22"
1756,"0633be437a28e4e7fab9976285f2cc49fcb28cc0",LH:63|RH:63|TF:0|LE:0|RE:0|MO:0|SH:0|WA:0|FT:63,3,"2026-04-27 10:49:22"
1757,"8afbddf6314b3fecf8735c8d5da52bb898b03640",LH:67|RH:67|TF:0|LE:0|RE:0|MO:0|SH:0|WA:60|FT:60,4,"2026-04-27 10:49:22"
1758,"91c07b25887ea405e85ef404c0889b984a804267",LH:73|RH:73|TF:0|LE:0|RE:0|MO:0|SH:0|WA:0|FT:57,3,"2026-04-27 10:49:22"
1759,ae57de34706a8e6c5fb0232ac9104cca2b9c2414,LH:26|RH:56|TF:0|LE:0|RE:0|MO:0|SH:0|WA:0|FT:0,2,"2026-04-27 10:49:22"
1760,ba714e52524e64abe13e7537b42a7f4dfd60d047,LH:47|RH:47|TF:0|LE:0|RE:0|MO:47|SH:0|WA:0|FT:0,3,"2026-04-27 10:49:22"
1761,"3aade80ef2ff0b5479818ff4b85771163a1e4505",LH:51|RH:51|TF:0|LE:0|RE:0|MO:0|SH:0|WA:0|FT:0,2,"2026-04-27 10:49:22"
1762,"694a4e55cff2204abc6b3e59172829681b3e304c",LH:0|RH:51|TF:0|LE:0|RE:0|MO:0|SH:0|WA:0|FT:0,1,"2026-04-27 10:49:22"
1763,e18f8b3d7cd56703751e3e737bf153827a5d07f4,LH:67|RH:0|TF:0|LE:0|RE:0|MO:0|SH:63|WA:63|FT:63,4,"2026-04-27 10:49:22"
1764,"4f407fecb720da9fa35d5733d3df576345dcfb26",LH:55|RH:57|TF:0|LE:0|RE:0|MO:0|SH:0|WA:0|FT:0,2,"2026-04-27 10:49:22"
1765,"99365fad387b048728857d8a97e0989d52801a1c",LH:57|RH:57|TF:0|LE:0|RE:0|MO:55|SH:0|WA:0|FT:0,3,"2026-04-27 10:49:22"
1766,"2c8259be136f12be2f750fdbf9c5172ca4b57477",LH:60|RH:55|TF:0|LE:0|RE:0|MO:0|SH:0|WA:0|FT:0,2,"2026-04-27 10:49:22"
1767,"202aae21badd627c5cce15ef33900bd6c2196847",LH:73|RH:24|TF:0|LE:0|RE:0|MO:0|SH:0|WA:0|FT:0,2,"2026-04-27 10:49:22"
1768,"327669b4b9ba197a296325a44e24c90ca6918ec7",LH:71|RH:0|TF:0|LE:0|RE:0|MO:0|SH:0|WA:0|FT:0,1,"2026-04-27 10:49:22"
1769,dd041498f8e6c6632fd8cca71a0174f420f76f46,LH:73|RH:73|TF:0|LE:0|RE:0|MO:73|SH:0|WA:0|FT:0,3,"2026-04-27 10:49:22"
1770,a15dd236aac82fd49b9498529d751ecb4d2d7237,LH:92|RH:0|TF:0|LE:0|RE:0|MO:0|SH:0|WA:67|FT:67,3,"2026-04-27 10:49:22"
1771,d73ff6728810fe1528516b79b6b1c2559bacf2b1,LH:0|RH:41|TF:0|LE:0|RE:0|MO:0|SH:0|WA:56|FT:0,2,"2026-04-27 10:49:22"
1772,"95eb2baf8e98d4adaad470b2d68409445ba76746",LH:56|RH:56|TF:0|LE:0|RE:0|MO:55|SH:0|WA:0|FT:0,3,"2026-04-27 10:49:22"
1773,"085d31f10804eb417199594ba59bf39903b82476",LH:47|RH:47|TF:0|LE:0|RE:0|MO:0|SH:0|WA:47|FT:0,3,"2026-04-27 10:49:22"
1774,"813a01ec9abaa421f155ad1a4c120edb549018a4",LH:60|RH:60|TF:0|LE:0|RE:0|MO:63|SH:0|WA:63|FT:0,4,"2026-04-27 10:49:22"
1775,"5009867b8da2a564e0235bc8b9f0d797fa6a6c6c",LH:59|RH:0|TF:0|LE:0|RE:0|MO:0|SH:0|WA:63|FT:63,3,"2026-04-27 10:49:22"
1776,"26976ab3573bd199a18fc8c4ce009d29f458d02d",LH:56|RH:56|TF:0|LE:0|RE:0|MO:0|SH:73|WA:73|FT:73,5,"2026-04-27 10:49:22"
1777,"024e1ef106def6e0f75392fc21ce55b3b93a0482",LH:45|RH:44|TF:0|LE:0|RE:0|MO:0|SH:0|WA:0|FT:45,3,"2026-04-27 10:49:22"
1778,"0fa34bfac52725b81243dbcbfd559a8491f7ace9",LH:0|RH:0|TF:0|LE:101|RE:101|MO:101|SH:101|WA:101|FT:0,5,"2026-04-27 10:49:22"
1779,e24207e115af882bb7d505d31e6e5087ba99bc5e,LH:41|RH:41|TF:0|LE:0|RE:0|MO:0|SH:63|WA:63|FT:63,5,"2026-04-27 10:49:22"
1780,a389c9f0e34fe0abbdf9c356d0d51ceead5c436c,LH:56|RH:56|TF:0|LE:0|RE:0|MO:0|SH:63|WA:63|FT:63,5,"2026-04-27 10:49:22"
1781,"8834e9304219223515803f5b9148621430e63f1e",LH:66|RH:66|TF:0|LE:0|RE:0|MO:0|SH:27|WA:0|FT:0,3,"2026-04-27 10:49:22"
1782,"2a50f0c47b30c1e640ebc14c4628ed6aeab24f31",LH:57|RH:63|TF:0|LE:0|RE:0|MO:0|SH:0|WA:0|FT:0,2,"2026-04-27 10:49:22"
1783,"9469c941f9c27962ee6e36006ddca9a0608453fd",LH:110|RH:110|TF:0|LE:0|RE:0|MO:0|SH:0|WA:67|FT:0,3,"2026-04-27 10:49:22"
1784,e3cfbc42d447186d4bf138ea2ea5ad2bacd37c7d,LH:57|RH:0|TF:0|LE:0|RE:0|MO:0|SH:0|WA:63|FT:63,3,"2026-04-27 10:49:22"
1785,"0c7800931746f5aa694713a0112f790656865bb9",LH:59|RH:0|TF:0|LE:0|RE:0|MO:0|SH:0|WA:63|FT:0,2,"2026-04-27 10:49:22"
1786,"131025d0033235ad2e9b0355872e2e3a75b2ec11",LH:0|RH:0|TF:0|LE:97|RE:0|MO:0|SH:0|WA:0|FT:0,1,"2026-04-27 10:49:22"
1787,f968689c224ad40ca98f5287f36cca35109f5d59,LH:2|RH:2|TF:0|LE:0|RE:0|MO:110|SH:0|WA:0|FT:0,3,"2026-04-27 10:49:22"
1788,"2fa8933ab2d2e0ed8004bc3c3f3b96fcc5ecbd70",LH:86|RH:86|TF:0|LE:0|RE:0|MO:0|SH:0|WA:0|FT:29,3,"2026-04-27 10:49:22"
1789,"797e9af38d84eba2026c7a62cd659b9f2c29a1ca",LH:47|RH:47|TF:0|LE:0|RE:0|MO:0|SH:0|WA:60|FT:0,3,"2026-04-27 10:49:22"
1790,"5e9920c4ce3499362e98103dbb4c340b96109edf",LH:56|RH:56|TF:0|LE:0|RE:0|MO:0|SH:0|WA:0|FT:58,3,"2026-04-27 10:49:22"
1791,"8493aefb9082ebcd04f8a66558af571aa0fbc960",LH:0|RH:0|TF:0|LE:0|RE:0|MO:0|SH:0|WA:80|FT:0,1,"2026-04-27 10:49:22"
1792,"8395d479ae4ce304295e1f88c9b971414ecaa295",LH:0|RH:0|TF:0|LE:0|RE:0|MO:110|SH:0|WA:26|FT:0,2,"2026-04-27 10:49:22"
1793,a9c3750862b4f88ced80c2f50aa0c35a9e97e4f8,LH:57|RH:57|TF:0|LE:0|RE:0|MO:110|SH:0|WA:0|FT:0,3,"2026-04-27 10:49:22"
1794,"9bc386a997099ade04dde99dc2d99d21bce52754",LH:67|RH:67|TF:92|LE:92|RE:92|MO:0|SH:0|WA:0|FT:0,5,"2026-04-27 10:49:22"
1795,dcae77637879424973db35eed822b815ea367fe1,LH:67|RH:92|TF:0|LE:67|RE:0|MO:0|SH:0|WA:0|FT:0,3,"2026-04-27 10:49:22"
1796,"98395a5f628ebf68748545b0940c6077c8f5e67c",LH:56|RH:56|TF:0|LE:0|RE:0|MO:0|SH:0|WA:0|FT:41,3,"2026-04-27 10:49:22"
1797,"9f1577b0e4316bfb382c206fd9110fa6e0d840aa",LH:41|RH:0|TF:0|LE:0|RE:0|MO:0|SH:0|WA:63|FT:63,3,"2026-04-27 10:49:22"
1798,"3029c9f1c1e96e8421199a7076a33ca56f468f26",LH:60|RH:67|TF:0|LE:0|RE:0|MO:0|SH:63|WA:63|FT:0,4,"2026-04-27 10:49:22"
1799,"9c2ddc07e7f89f4d69960c84a961bd1e4615d71c",LH:0|RH:0|TF:0|LE:0|RE:0|MO:110|SH:0|WA:67|FT:67,3,"2026-04-27 10:49:22"
1800,d47ca384376a28e1395f2febcf51117ae0afc26a,LH:67|RH:63|TF:0|LE:0|RE:0|MO:0|SH:0|WA:0|FT:56,3,"2026-04-27 10:49:22"
1801,"23725145251f26e5f5fdd376486c7582a190e3ad",LH:63|RH:0|TF:0|LE:0|RE:0|MO:0|SH:0|WA:73|FT:0,2,"2026-04-27 10:49:22"
1802,bd3e933980265d1b615027fd236d358277a71b03,LH:81|RH:81|TF:0|LE:0|RE:0|MO:0|SH:0|WA:0|FT:0,2,"2026-04-27 10:49:22"
1803,"977bc5511e5c8b0ae8280f0c9588f1feec4abdc3",LH:0|RH:4|TF:0|LE:0|RE:0|MO:0|SH:0|WA:0|FT:0,1,"2026-04-27 10:49:22"
1804,"6ff21a04b777cb4b908799d5b18af423d0ca373a",LH:98|RH:0|TF:0|LE:0|RE:0|MO:0|SH:0|WA:0|FT:0,1,"2026-04-27 10:49:22"
1805,"23bc2a9a06516da605a764d8d8871226195c385d",LH:31|RH:31|TF:0|LE:0|RE:0|MO:0|SH:0|WA:0|FT:0,2,"2026-04-27 10:49:22"
1806,f921e2cb9ec5209b373be16272607296769abfad,LH:31|RH:0|TF:0|LE:0|RE:0|MO:0|SH:0|WA:0|FT:0,1,"2026-04-27 10:49:22"
1807,dc5046de3219928498582b51cda978d0c2d46a17,LH:65|RH:57|TF:0|LE:0|RE:0|MO:0|SH:0|WA:0|FT:0,2,"2026-04-27 10:49:22"
1808,b281a4e7f110ba54f754739a75c14a23fcdb4851,LH:0|RH:0|TF:0|LE:0|RE:0|MO:73|SH:73|WA:73|FT:73,4,"2026-04-27 10:49:22"
1809,f52ca3df86b321ffb45544a3f1217712335fa698,LH:73|RH:0|TF:0|LE:0|RE:0|MO:73|SH:0|WA:0|FT:0,2,"2026-04-27 10:49:22"
1810,"79773b381090b4f789ab817cebef7c1574cf9bb5",LH:62|RH:73|TF:0|LE:0|RE:0|MO:0|SH:0|WA:0|FT:0,2,"2026-04-27 10:49:22"
1811,"5a01c29cd2a233cd976bd1c2998928a7b9bdf9e8",LH:73|RH:73|TF:0|LE:0|RE:0|MO:0|SH:24|WA:24|FT:0,4,"2026-04-27 10:49:22"
1812,"83c05b35c4d88b5526621db40d491839158a51e6",LH:67|RH:0|TF:0|LE:0|RE:0|MO:0|SH:0|WA:63|FT:0,2,"2026-04-27 10:49:22"
1813,"978c5ba509e1cb50dfc30afb2b519fdb95e8d010",LH:0|RH:0|TF:0|LE:0|RE:0|MO:49|SH:49|WA:0|FT:0,2,"2026-04-27 10:49:22"
1814,"4bf56a84f4a88b77580a09f96098a3d9df146551",LH:57|RH:57|TF:0|LE:0|RE:0|MO:0|SH:0|WA:41|FT:0,3,"2026-04-27 10:49:22"
1815,ce5a5fba4e00b9c190c9c1841e4d300a3a2ab722,LH:0|RH:0|TF:0|LE:0|RE:0|MO:27|SH:0|WA:90|FT:0,2,"2026-04-27 10:49:22"
1816,e3e8de3a2d77129fe611c7f9a5586288bbf611b5,LH:0|RH:0|TF:0|LE:0|RE:0|MO:90|SH:0|WA:90|FT:73,3,"2026-04-27 10:49:22"
1817,"0f71022ee32325bf5bca4b4a907ef7763823d7fa",LH:0|RH:0|TF:0|LE:90|RE:90|MO:0|SH:90|WA:90|FT:90,5,"2026-04-27 10:49:22"
1818,"759c5acf13be1fa703c78d3abcfa9f58fb739480",LH:39|RH:56|TF:0|LE:0|RE:0|MO:0|SH:0|WA:0|FT:0,2,"2026-04-27 10:49:22"
1819,a6e6a0cc48f6ddb6fb7b91c28ef38d664f681c38,LH:67|RH:76|TF:0|LE:0|RE:0|MO:0|SH:0|WA:0|FT:0,2,"2026-04-27 10:49:22"
1820,"1bfb19d0a0fb233268166b2d7c669af4fa44a6a7",LH:0|RH:90|TF:0|LE:0|RE:0|MO:0|SH:0|WA:89|FT:0,2,"2026-04-27 10:49:22"
1821,"7645ebfcdb16354791072104173ef78bde82d1d3",LH:0|RH:0|TF:0|LE:0|RE:0|MO:90|SH:0|WA:90|FT:63,3,"2026-04-27 10:49:22"
1822,"2abb34acf5a86ece3f93b91b0079285a364a9ea5",LH:57|RH:0|TF:92|LE:0|RE:0|MO:0|SH:0|WA:0|FT:0,2,"2026-04-27 10:49:22"
1823,"08d177b01d3d21c2c3243936f2a3f2431ff1f7d8",LH:0|RH:92|TF:0|LE:0|RE:0|MO:0|SH:0|WA:63|FT:0,2,"2026-04-27 10:49:22"
1824,b729899bf4a280a3eaccd14f401af9acaf1a9e86,LH:0|RH:0|TF:0|LE:0|RE:0|MO:63|SH:63|WA:63|FT:63,4,"2026-04-27 10:49:22"
1825,"794202d038935afd65736626406b2213a0ae008e",LH:0|RH:56|TF:0|LE:0|RE:0|MO:0|SH:0|WA:0|FT:63,2,"2026-04-27 10:49:22"
1826,"48f9db4cf317bbdf497dcb56dbf7d37b37211f31",LH:0|RH:0|TF:0|LE:0|RE:0|MO:90|SH:0|WA:63|FT:0,2,"2026-04-27 10:49:22"
1827,"3b2329d4d1ab35e388f49eb0a479a4cc5974a115",LH:73|RH:58|TF:0|LE:0|RE:0|MO:0|SH:0|WA:63|FT:0,3,"2026-04-27 10:49:22"
1828,"9f8fa5d5af3813b5f876b9cb71173cb7a50ec554",LH:63|RH:73|TF:0|LE:0|RE:0|MO:0|SH:27|WA:0|FT:0,3,"2026-04-27 10:49:22"
1829,"820ae3708fe5ed14a18e1a50655573690a2bf9be",LH:56|RH:0|TF:0|LE:0|RE:0|MO:0|SH:63|WA:63|FT:0,3,"2026-04-27 10:49:22"
1830,"65689805edb4ade6604a37357c11e6ee014e2611",LH:41|RH:0|TF:0|LE:0|RE:0|MO:0|SH:0|WA:0|FT:63,2,"2026-04-27 10:49:22"
1831,a098d1e12d12281b9262322a50ccaf3539ef3a6c,LH:88|RH:0|TF:0|LE:0|RE:0|MO:0|SH:0|WA:0|FT:0,1,"2026-04-27 10:49:22"
1832,"68c52d03d0c96118a081a6d252297233133a159c",LH:88|RH:88|TF:0|LE:0|RE:0|MO:50|SH:50|WA:0|FT:0,4,"2026-04-27 10:49:22"
1833,"66e9d55c5eeaffe1dd1c0410815da9b0e185ee57",LH:42|RH:45|TF:0|LE:0|RE:0|MO:0|SH:0|WA:0|FT:0,2,"2026-04-27 10:49:22"
1834,"0fdb22ab5c364dae720549c98903b96d4bf01739",LH:88|RH:88|TF:0|LE:0|RE:0|MO:47|SH:0|WA:0|FT:0,3,"2026-04-27 10:49:22"
1835,"4f03901daf94ed4b7c1c35e20784b4e683355c04",LH:59|RH:59|TF:92|LE:0|RE:0|MO:0|SH:0|WA:63|FT:0,4,"2026-04-27 10:49:22"
1836,"3f13fa8017a80332b5852263e13db631227e88ec",LH:59|RH:59|TF:0|LE:0|RE:73|MO:0|SH:0|WA:0|FT:0,3,"2026-04-27 10:49:22"
1837,b3aded7b3b845365c0a368e008da8be6c7d5d052,LH:67|RH:0|TF:0|LE:0|RE:0|MO:0|SH:0|WA:60|FT:0,2,"2026-04-27 10:49:22"
1838,"45b0e795170dd3e752ff432a71aed5ef94c35ed0",LH:92|RH:58|TF:0|LE:0|RE:0|MO:0|SH:0|WA:0|FT:0,2,"2026-04-27 10:49:22"
1839,"73b11db08513032007b1d330aff1fc39f76a030f",LH:80|RH:80|TF:0|LE:0|RE:0|MO:110|SH:0|WA:0|FT:0,3,"2026-04-27 10:49:22"
1840,ae33f3310571d3761ac5cc98abfde5fab416fa8c,LH:0|RH:24|TF:0|LE:0|RE:0|MO:0|SH:27|WA:0|FT:0,2,"2026-04-27 10:49:22"
1841,c71a86954fbbcd9cc31d0dc223ca935fe2c2e949,LH:40|RH:57|TF:0|LE:0|RE:0|MO:0|SH:0|WA:0|FT:0,2,"2026-04-27 10:49:22"
1842,"6ee9992ef14a0aaf60cfbdf737b430ea9bf8b923",LH:110|RH:63|TF:0|LE:0|RE:0|MO:0|SH:0|WA:0|FT:0,2,"2026-04-27 10:49:22"
1843,"2152044777f6970325e1731e3e0fd616f33ca442",LH:56|RH:73|TF:0|LE:0|RE:0|MO:0|SH:0|WA:0|FT:0,2,"2026-04-27 10:49:22"
1844,"3ca3e5d39577992b4d6d8608e76aa333b00525fa",LH:0|RH:73|TF:0|LE:73|RE:0|MO:0|SH:0|WA:0|FT:0,2,"2026-04-27 10:49:22"
1845,"2fb17a7a10e1580b77744a6538fe57e5680f011b",LH:57|RH:0|TF:0|LE:0|RE:0|MO:0|SH:0|WA:67|FT:0,2,"2026-04-27 10:49:22"
1846,"92649a549e82e92b96065c8e41f172afe0790fdf",LH:56|RH:58|TF:0|LE:0|RE:0|MO:0|SH:0|WA:63|FT:0,3,"2026-04-27 10:49:22"
1847,"88da365d20ea62331b846c5e19706ff8cda3b6f9",LH:41|RH:0|TF:0|LE:0|RE:0|MO:0|SH:0|WA:26|FT:0,2,"2026-04-27 10:49:22"
1848,abf9aae84764a1ac8ae683e68f1fc13c03dcd695,LH:110|RH:110|TF:0|LE:0|RE:0|MO:0|SH:0|WA:63|FT:63,4,"2026-04-27 10:49:22"
1849,d83d894706d27d6d796d3c6353904aec38f9edb8,LH:0|RH:60|TF:0|LE:0|RE:0|MO:0|SH:27|WA:0|FT:0,2,"2026-04-27 10:49:22"
1850,"3390478e897aee02976109a7b3a144f5ef401d4e",LH:0|RH:0|TF:92|LE:0|RE:0|MO:0|SH:0|WA:59|FT:0,2,"2026-04-27 10:49:22"
1851,"11de34e4615e1d5348540b2d2fb340760094cd2d",LH:57|RH:57|TF:0|LE:0|RE:0|MO:73|SH:73|WA:0|FT:0,4,"2026-04-27 10:49:22"
1852,"446afbcc4f00fb89a52c5b7c49b72494fc955f4d",LH:0|RH:0|TF:0|LE:0|RE:0|MO:45|SH:0|WA:63|FT:63,3,"2026-04-27 10:49:22"
1853,f34191959b6d0eaab5a7b33d26c4e3aefbda4625,LH:26|RH:26|TF:0|LE:0|RE:0|MO:0|SH:0|WA:56|FT:56,4,"2026-04-27 10:49:22"
1854,e00b2128cbf5c114ae67bdd51cc435d7f711a3ff,LH:95|RH:58|TF:0|LE:0|RE:0|MO:0|SH:0|WA:0|FT:0,2,"2026-04-27 10:49:22"
1855,"7b178ac2f9528ed81ad095d1e2d0de7039ca89eb",LH:0|RH:0|TF:0|LE:0|RE:39|MO:0|SH:39|WA:0|FT:0,2,"2026-04-27 10:49:22"
1856,"1a18a6aad7253429de11f1e0ed357761dd1a5e7d",LH:63|RH:65|TF:0|LE:0|RE:0|MO:0|SH:0|WA:0|FT:0,2,"2026-04-27 10:49:22"
1857,f235a8fe2734538cc4246e26293c2e2ba00d3c67,LH:0|RH:0|TF:0|LE:0|RE:73|MO:0|SH:0|WA:0|FT:0,1,"2026-04-27 10:49:22"
1858,bfb0a0ccbd65d9800f3900cfb5e941d1ebb7e3a0,LH:56|RH:56|TF:0|LE:0|RE:0|MO:0|SH:73|WA:73|FT:0,4,"2026-04-27 10:49:22"
1859,e3f584b2be4d51796ea7ffdf9c28923c5dd59e72,LH:0|RH:90|TF:0|LE:0|RE:0|MO:0|SH:0|WA:89|FT:89,3,"2026-04-27 10:49:22"
1860,"7ae5dbb269c866ef662cbacfd865f822d38b6faa",LH:63|RH:63|TF:0|LE:0|RE:0|MO:0|SH:73|WA:0|FT:0,3,"2026-04-27 10:49:22"
1861,dff84a7caa687625b0e4b9986e90033bedc2ae0f,LH:69|RH:0|TF:0|LE:0|RE:0|MO:0|SH:0|WA:0|FT:0,1,"2026-04-27 10:49:22"
1862,"938077611d94d8c91490808f3f4107ed6f4f036a",LH:60|RH:42|TF:0|LE:0|RE:0|MO:45|SH:0|WA:0|FT:0,3,"2026-04-27 10:49:22"
1863,"23a9a91610426b0649665dc7c4955cdb1b197b81",LH:0|RH:41|TF:0|LE:0|RE:0|MO:0|SH:0|WA:0|FT:63,2,"2026-04-27 10:49:22"
1864,"3e42c630789b0a58658d35203b8ba97e144d630f",LH:63|RH:63|TF:0|LE:0|RE:0|MO:0|SH:0|WA:59|FT:59,4,"2026-04-27 10:49:22"
1865,e196b43d17c64f44fecf2ca81201b56ea1d7f3d0,LH:16|RH:16|TF:0|LE:0|RE:0|MO:0|SH:0|WA:56|FT:0,3,"2026-04-27 10:49:22"
1866,"95da31d2fa0624e116039e59dd514ccba6e20fad",LH:0|RH:0|TF:0|LE:0|RE:0|MO:65|SH:0|WA:0|FT:65,2,"2026-04-27 10:49:22"
1867,a6f3dcea525ffd63ca59e51513509de9a058437c,LH:59|RH:59|TF:0|LE:0|RE:0|MO:110|SH:0|WA:0|FT:0,3,"2026-04-27 10:49:22"
1868,dc6c13355170dac7e2c48222f6f326fdff8ac86c,LH:42|RH:43|TF:0|LE:0|RE:0|MO:0|SH:0|WA:0|FT:0,2,"2026-04-27 10:49:22"
1869,"430d66bcea6f7c0d54ecc1b1d0086f6889853e53",LH:0|RH:73|TF:0|LE:0|RE:0|MO:0|SH:0|WA:63|FT:63,3,"2026-04-27 10:49:22"
1870,"393adac58028763757ac5c537913efd01adeddbd",LH:95|RH:67|TF:0|LE:0|RE:0|MO:0|SH:0|WA:56|FT:0,3,"2026-04-27 10:49:22"
1871,"6315f3044f0bd08bd1a7d6d132f64b34f70e4ed9",LH:60|RH:41|TF:0|LE:0|RE:0|MO:0|SH:0|WA:56|FT:56,4,"2026-04-27 10:49:22"
1872,"15a26b6ef501c0bfd5d5d0eefd34fb2145e03d33",LH:56|RH:56|TF:92|LE:0|RE:0|MO:0|SH:0|WA:0|FT:0,3,"2026-04-27 10:49:22"
1873,"1110fdee001d2be3a156d1c0642d3d1a6e685410",LH:41|RH:95|TF:0|LE:0|RE:0|MO:0|SH:0|WA:0|FT:0,2,"2026-04-27 10:49:22"
1874,"6f3a84e60ff10589e5cb7cef1ceefffc2e345b43",LH:0|RH:67|TF:0|LE:0|RE:0|MO:0|SH:0|WA:63|FT:0,2,"2026-04-27 10:49:22"
1875,aa2597033f3078a13371c6d2500eeaa9ebb6f6ee,LH:63|RH:67|TF:0|LE:0|RE:0|MO:0|SH:0|WA:56|FT:0,3,"2026-04-27 10:49:22"
1876,a9edff685f7dd164cb3a3a6e6a3bd37ebad453ea,LH:0|RH:73|TF:0|LE:0|RE:0|MO:0|SH:0|WA:56|FT:0,2,"2026-04-27 10:49:22"
1877,"231ed2072c30d1e6214cb1edae7479de72513598",LH:67|RH:63|TF:0|LE:0|RE:0|MO:0|SH:0|WA:60|FT:0,3,"2026-04-27 10:49:22"
1878,"448f398168166d5b09c0a006bba8c4309c4a481b",LH:63|RH:63|TF:0|LE:0|RE:0|MO:0|SH:63|WA:63|FT:0,4,"2026-04-27 10:49:22"
1879,"14f56359fbc729f2795d56dbbe21e697f086b0a3",LH:0|RH:41|TF:0|LE:0|RE:0|MO:0|SH:0|WA:56|FT:56,3,"2026-04-27 10:49:22"
1880,"800f41009e5fdd55bddcc602f0165cbf1efef9d1",LH:0|RH:109|TF:0|LE:0|RE:0|MO:0|SH:0|WA:0|FT:0,1,"2026-04-27 10:49:22"
1881,"8391c779b484ce6f065e8b20a390a3f847d42ff9",LH:0|RH:0|TF:0|LE:105|RE:105|MO:0|SH:105|WA:105|FT:105,5,"2026-04-27 10:49:22"
1882,cf312d35fe22df807390dccb2ee0cf07813b66b3,LH:0|RH:0|TF:0|LE:0|RE:0|MO:0|SH:0|WA:102|FT:102,2,"2026-04-27 10:49:22"
1883,fbe6a00274558b0cf67c2e304a58422e044f810e,LH:0|RH:0|TF:0|LE:0|RE:0|MO:27|SH:0|WA:73|FT:0,2,"2026-04-27 10:49:22"
1884,ecf4002897dddf09fb0da347a39f86fb1201d41d,LH:67|RH:67|TF:0|LE:0|RE:0|MO:0|SH:0|WA:0|FT:66,3,"2026-04-27 10:49:22"
1885,"48ceaab3e8572f2a1e2d3ff6c7b394b8b6518149",LH:0|RH:0|TF:0|LE:0|RE:0|MO:0|SH:0|WA:84|FT:0,1,"2026-04-27 10:49:22"
1886,"90e00a93b507e0f2c51b47e2d12cc8d8e2d655b6",LH:63|RH:95|TF:0|LE:0|RE:0|MO:0|SH:0|WA:60|FT:0,3,"2026-04-27 10:49:22"
1887,ca69805e07ca062468bd223bfa02acfc4ee59c20,LH:92|RH:92|TF:0|LE:0|RE:0|MO:0|SH:0|WA:73|FT:0,3,"2026-04-27 10:49:22"
1888,"01cc178d553b4df2c0c82778b72cea965cb8da9d",LH:92|RH:92|TF:0|LE:0|RE:0|MO:41|SH:0|WA:0|FT:0,3,"2026-04-27 10:49:22"
1889,"6ac160366ce27a74a59db214c05a654a1cf1e265",LH:59|RH:59|TF:0|LE:0|RE:0|MO:0|SH:0|WA:56|FT:0,3,"2026-04-27 10:49:22"
1890,da3147a8ed0ebdbc1138ed186527760d24603aef,LH:0|RH:63|TF:0|LE:0|RE:0|MO:0|SH:0|WA:57|FT:0,2,"2026-04-27 10:49:22"
1891,"21de0cf499f5ea64e06df1d863fdda168af656d7",LH:73|RH:73|TF:0|LE:0|RE:0|MO:0|SH:63|WA:0|FT:0,3,"2026-04-27 10:49:22"
1892,"51afedcd4854e902cff46ce62a55135a7a990a25",LH:0|RH:0|TF:0|LE:103|RE:103|MO:0|SH:103|WA:103|FT:103,5,"2026-04-27 10:49:22"
1893,dada53ef0c0584214025df17239b4be9360e1e20,LH:110|RH:39|TF:0|LE:0|RE:0|MO:0|SH:0|WA:0|FT:0,2,"2026-04-27 10:49:22"
1894,d3ec423f52fcc138be3a80ec574897107d9b8e76,LH:58|RH:58|TF:0|LE:0|RE:0|MO:0|SH:0|WA:101|FT:0,3,"2026-04-27 10:49:22"
1895,ad92781594459e0fe7177a2fac68567ea90b75ef,LH:0|RH:0|TF:0|LE:0|RE:0|MO:0|SH:0|WA:102|FT:0,1,"2026-04-27 10:49:22"
1896,"049a7603fd1bde260b0be603190ebfef219892f3",LH:0|RH:0|TF:0|LE:0|RE:0|MO:0|SH:0|WA:98|FT:0,1,"2026-04-27 10:49:22"
1897,d6bfac356d3c97aafcf44da51c7e089d7b257be3,LH:0|RH:0|TF:0|LE:0|RE:0|MO:0|SH:27|WA:60|FT:0,2,"2026-04-27 10:49:22"
1898,"7a778c3feb949fb5ff4b7224e1cc4797866741b6",LH:102|RH:102|TF:0|LE:0|RE:0|MO:0|SH:0|WA:0|FT:0,2,"2026-04-27 10:49:22"
1899,"8c20ba3ff225f983c8eb638cf20366b297f7b9c4",LH:0|RH:26|TF:0|LE:0|RE:0|MO:110|SH:0|WA:0|FT:0,2,"2026-04-27 10:49:22"
1900,"28c14b71ff5759aae5e469636ee928ef7556f122",LH:92|RH:92|TF:0|LE:0|RE:0|MO:0|SH:0|WA:63|FT:63,4,"2026-04-27 10:49:22"
1901,"0b0ca29a610731fe5a92f7b4b93cb0b1cc479fb1",LH:0|RH:0|TF:0|LE:0|RE:0|MO:0|SH:0|WA:106|FT:0,1,"2026-04-27 10:49:22"
1902,a55abb82e8136bfaea51380f19658bcbe468337d,LH:67|RH:0|TF:0|LE:0|RE:0|MO:0|SH:0|WA:73|FT:0,2,"2026-04-27 10:49:22"
1903,"2f3e6f52ac041882ce2c69a5878bfc889354e467",LH:58|RH:0|TF:0|LE:0|RE:0|MO:0|SH:0|WA:56|FT:0,2,"2026-04-27 10:49:22"
1904,"8b79a5f73e1cf2c761df53885806078f4c66fdad",LH:58|RH:0|TF:0|LE:0|RE:0|MO:0|SH:0|WA:0|FT:56,2,"2026-04-27 10:49:22"
1905,"28fa77dd8ca0aee4a608af2e8f7ade39bf97ce59",LH:56|RH:0|TF:0|LE:0|RE:0|MO:0|SH:0|WA:0|FT:63,2,"2026-04-27 10:49:22"
1906,"0e4ee8639e24465a95f6c68819d743133462a68c",LH:0|RH:0|TF:0|LE:0|RE:0|MO:0|SH:0|WA:73|FT:63,2,"2026-04-27 10:49:22"
1907,"0de283dc5c240cd9af12636deaf16f849d5dfcf3",LH:0|RH:0|TF:0|LE:67|RE:0|MO:0|SH:0|WA:63|FT:63,3,"2026-04-27 10:49:22"
1908,"8e2ca1514778debfed8a842f78a774365590ab3b",LH:92|RH:0|TF:0|LE:0|RE:0|MO:0|SH:0|WA:0|FT:63,2,"2026-04-27 10:49:22"
1909,"462c1d5722c27e1c7ec3128ff6bad90091b46ef8",LH:0|RH:0|TF:0|LE:0|RE:0|MO:45|SH:45|WA:0|FT:0,2,"2026-04-27 10:49:22"
1910,"1d89ce8130d70fa0c986a56af4f4024ebd2dd8bc",LH:57|RH:57|TF:92|LE:0|RE:0|MO:0|SH:0|WA:67|FT:0,4,"2026-04-27 10:49:22"
1911,"5fba385d2bb71d903c67e0ee856015acb7f50ad1",LH:57|RH:65|TF:0|LE:0|RE:0|MO:0|SH:0|WA:0|FT:0,2,"2026-04-27 10:49:22"
1912,f78da8615613bf6bd286ac6671b763100a4b6c2e,LH:58|RH:92|TF:0|LE:0|RE:0|MO:0|SH:0|WA:0|FT:0,2,"2026-04-27 10:49:22"
1913,a1df5721bf8cb0cfb73108848b28888252980794,LH:0|RH:59|TF:0|LE:0|RE:0|MO:0|SH:0|WA:67|FT:0,2,"2026-04-27 10:49:22"
1914,"28b5b7e8d029160fea73b5390ce675a8aa5206c8",LH:59|RH:59|TF:0|LE:0|RE:0|MO:67|SH:0|WA:63|FT:0,4,"2026-04-27 10:49:22"
1915,c0791ad55f6ad6a916fa60bb77f1b5f21d374f25,LH:73|RH:74|TF:0|LE:0|RE:0|MO:0|SH:0|WA:0|FT:0,2,"2026-04-27 10:49:22"
1916,"12dff67ba5f0c6247ba36de42d30b8b37228ea5d",LH:0|RH:56|TF:0|LE:0|RE:0|MO:0|SH:0|WA:0|FT:56,2,"2026-04-27 10:49:22"
1917,"87a7a3262c918429e81ffc3bcefaa5b4ffe0ab5c",LH:0|RH:67|TF:0|LE:0|RE:0|MO:0|SH:0|WA:59|FT:59,3,"2026-04-27 10:49:22"
1918,f1fe9897d5303c76a1cbb06de188a12ececb6a98,LH:0|RH:58|TF:0|LE:0|RE:0|MO:0|SH:0|WA:60|FT:0,2,"2026-04-27 10:49:22"
1919,"9e5885b2b2ed036d7e486101440255042710a77f",LH:0|RH:79|TF:0|LE:0|RE:0|MO:110|SH:0|WA:0|FT:0,2,"2026-04-27 10:49:22"
1920,"46b954aa1c74ae6526ceb0ce701dfc7cd2cd1d07",LH:39|RH:39|TF:0|LE:0|RE:0|MO:110|SH:0|WA:0|FT:0,3,"2026-04-27 10:49:22"
1921,"12186e991f03d53df45c344b6073c8bf8ad60efc",LH:41|RH:41|TF:0|LE:0|RE:0|MO:0|SH:0|WA:0|FT:73,3,"2026-04-27 10:49:22"
1922,"92e51de5691aedc2a5376e02475991aadd1ebbab",LH:0|RH:0|TF:0|LE:0|RE:0|MO:0|SH:0|WA:81|FT:81,2,"2026-04-27 10:49:22"
1923,"0663511ee040424c68355a83eb5a74af1fafc396",LH:57|RH:57|TF:92|LE:0|RE:0|MO:0|SH:92|WA:0|FT:0,4,"2026-04-27 10:49:22"
1924,"97a5e169adf772c511c9a2a59680db21e4741845",LH:57|RH:57|TF:92|LE:0|RE:0|MO:67|SH:0|WA:0|FT:0,4,"2026-04-27 10:49:22"
1925,"98fc7b59684b33ae2b0115cfb8fb0bdd6ea0a243",LH:0|RH:0|TF:112|LE:0|RE:0|MO:0|SH:0|WA:0|FT:0,1,"2026-04-27 10:49:22"
1926,"144b12a388b640f41bafa1e3227355e99f4eb0cd",LH:57|RH:57|TF:0|LE:0|RE:73|MO:0|SH:0|WA:0|FT:0,3,"2026-04-27 10:49:22"
1927,"98c436115c69716536a35beecd868b33b12e8f3b",LH:66|RH:64|TF:0|LE:0|RE:0|MO:0|SH:0|WA:0|FT:0,2,"2026-04-27 10:49:22"
1928,c06c2dba98cf52fe30d2eb03527dd9f325efa33d,LH:1|RH:1|TF:0|LE:0|RE:0|MO:0|SH:0|WA:67|FT:0,3,"2026-04-27 10:49:22"
1929,"29ebe19f64bca3cd9931a99f2c9f805ce15b03e8",LH:41|RH:67|TF:0|LE:0|RE:0|MO:0|SH:0|WA:0|FT:26,3,"2026-04-27 10:49:22"
1930,"94dd3c53090f64ceb9a707ae6369fda412a6c6f1",LH:57|RH:57|TF:0|LE:73|RE:0|MO:0|SH:0|WA:0|FT:0,3,"2026-04-27 10:49:22"
1931,"11ff135936ce224992740ffc2b5978e71b255be1",LH:0|RH:67|TF:0|LE:0|RE:0|MO:110|SH:0|WA:0|FT:0,2,"2026-04-27 10:49:22"
1932,"199576be86a10613118fc539f958f26fb4a62fdf",LH:56|RH:56|TF:0|LE:0|RE:0|MO:0|SH:0|WA:0|FT:60,3,"2026-04-27 10:49:22"
1933,"60f6217493cab9552caca1f434ceb747154b6243",LH:58|RH:60|TF:0|LE:0|RE:0|MO:0|SH:0|WA:0|FT:0,2,"2026-04-27 10:49:22"
1934,"0dd3b5b2d4935199184c12bc1ed57d649a5be35c",LH:59|RH:59|TF:0|LE:0|RE:0|MO:0|SH:95|WA:0|FT:0,3,"2026-04-27 10:49:22"
1935,"4d2ea9e7b630bd6c6e8df62c0423d0587ff8e0f2",LH:59|RH:59|TF:0|LE:0|RE:0|MO:0|SH:0|WA:59|FT:0,3,"2026-04-27 10:49:22"
1936,ae3b554d518567e07050e95181ad69597403fccd,LH:41|RH:41|TF:0|LE:0|RE:0|MO:0|SH:0|WA:59|FT:59,4,"2026-04-27 10:49:22"
1937,"884f18ce9e3177ce2dad1cb17a3c01b4cc9b740a",LH:41|RH:41|TF:0|LE:0|RE:0|MO:0|SH:63|WA:63|FT:0,4,"2026-04-27 10:49:22"
1938,"7e78a4f1e34a3852c960bbd87e1b5bde7a377ffa",LH:67|RH:0|TF:0|LE:0|RE:0|MO:0|SH:0|WA:83|FT:0,2,"2026-04-27 10:49:22"
1939,"049948b88d33cfb48deb4e961c9a94d6547ee3d8",LH:26|RH:0|TF:0|LE:0|RE:0|MO:0|SH:0|WA:83|FT:0,2,"2026-04-27 10:49:22"
1940,"984a34dcfbc3866a2d7743d2d905f26fed9f1cb9",LH:0|RH:95|TF:0|LE:0|RE:0|MO:0|SH:27|WA:0|FT:0,2,"2026-04-27 10:49:22"
1941,"6f9ba5cc242e618e0848ac0a117f4741daa8aee1",LH:73|RH:0|TF:92|LE:0|RE:0|MO:0|SH:0|WA:0|FT:0,2,"2026-04-27 10:49:22"
1942,d936ee9ba8f17772cd0b0f7c99565ff1fe4bbda4,LH:45|RH:59|TF:0|LE:0|RE:0|MO:0|SH:0|WA:0|FT:0,2,"2026-04-27 10:49:22"
1943,"8f77ba3db84bde23773ae8484d80233c72d3f9a0",LH:0|RH:56|TF:0|LE:0|RE:0|MO:0|SH:0|WA:60|FT:60,3,"2026-04-27 10:49:22"
1944,eeb0f243c6cd75fe8b278c3ba510e60665103e1c,LH:60|RH:79|TF:0|LE:0|RE:0|MO:0|SH:0|WA:0|FT:0,2,"2026-04-27 10:49:22"
1945,a52e806eba0b9663376dd517834f38f137ed9f42,LH:57|RH:57|TF:0|LE:0|RE:0|MO:0|SH:0|WA:0|FT:58,3,"2026-04-27 10:49:22"
1946,"8b0a55d837b07be56819fb009f81bff6caed52e1",LH:63|RH:63|TF:0|LE:0|RE:0|MO:0|SH:67|WA:0|FT:0,3,"2026-04-27 10:49:22"
1947,"144f4a50ad249b9da93da6dd592f7ef89580ce2e",LH:0|RH:0|TF:0|LE:0|RE:0|MO:110|SH:0|WA:63|FT:63,3,"2026-04-27 10:49:22"
1948,a860eac44a16dc29e6ea4ecc8d95625c4b265947,LH:59|RH:59|TF:0|LE:0|RE:0|MO:73|SH:0|WA:63|FT:0,4,"2026-04-27 10:49:22"
1949,"4ff60b202a4835c08d9066a51c872c119487b885",LH:63|RH:67|TF:0|LE:0|RE:0|MO:0|SH:0|WA:0|FT:41,3,"2026-04-27 10:49:22"
1950,"7764ddfc540c1e6a7bf3d8817f1191198368a8fd",LH:56|RH:0|TF:0|LE:0|RE:0|MO:110|SH:0|WA:0|FT:0,2,"2026-04-27 10:49:22"
1951,c171f5ba16dab49c3910b352ffd440b45d1a80ab,LH:73|RH:0|TF:0|LE:0|RE:0|MO:0|SH:0|WA:67|FT:0,2,"2026-04-27 10:49:22"
1952,"0b55718f605a529a1e9a6a6453c259c4af807200",LH:0|RH:0|TF:0|LE:0|RE:63|MO:0|SH:0|WA:63|FT:63,3,"2026-04-27 10:49:22"
1953,"5d644b2351be76aa6ffeca1aea3fb2834e0ae369",LH:58|RH:58|TF:0|LE:0|RE:0|MO:0|SH:0|WA:60|FT:60,4,"2026-04-27 10:49:22"
1954,"7e54571b67ca7edbf1314beed7a650362cbdf952",LH:0|RH:0|TF:0|LE:0|RE:0|MO:0|SH:0|WA:103|FT:0,1,"2026-04-27 10:49:22"
1955,"9e8f7d76a9b2d68450ebce21f654f9b5958a0de2",LH:58|RH:0|TF:0|LE:0|RE:0|MO:0|SH:0|WA:57|FT:57,3,"2026-04-27 10:49:22"
1956,"01ca749c5916dd8b8806c23789f91ba1115aad26",LH:63|RH:41|TF:0|LE:0|RE:0|MO:0|SH:27|WA:0|FT:0,3,"2026-04-27 10:49:22"
1957,"87ff2ff966ae0f147bb5fb3ecc0d8440f3f2b8a6",LH:59|RH:58|TF:0|LE:0|RE:0|MO:0|SH:0|WA:0|FT:0,2,"2026-04-27 10:49:22"
1958,"4ff42d0110da350d8a822b66c18effa0b4f28f98",LH:56|RH:63|TF:0|LE:0|RE:0|MO:0|SH:0|WA:60|FT:0,3,"2026-04-27 10:49:22"
1959,"75c0a7546ff7deb4fb2dc7a20581992da6e10e85",LH:41|RH:73|TF:0|LE:0|RE:0|MO:0|SH:0|WA:0|FT:0,2,"2026-04-27 10:49:22"
1960,affebfbe37102c18f2cd022f7caae8e70f8ba8f7,LH:0|RH:73|TF:0|LE:0|RE:0|MO:0|SH:0|WA:0|FT:41,2,"2026-04-27 10:49:22"
1961,ebdde72495a33e1e5ba86c52f6601619a2b0f050,LH:41|RH:67|TF:0|LE:0|RE:0|MO:0|SH:0|WA:63|FT:63,4,"2026-04-27 10:49:22"
1962,ac6ac2eacb5373a41e65861ca07596e484232778,LH:59|RH:59|TF:0|LE:0|RE:0|MO:45|SH:0|WA:0|FT:0,3,"2026-04-27 10:49:22"
1963,"241c274607e64fcbe493c2b664722a07fc05af33",LH:0|RH:0|TF:92|LE:0|RE:0|MO:0|SH:0|WA:57|FT:0,2,"2026-04-27 10:49:22"
1964,"2f60faa3516abb58335c53a305b180539e802489",LH:58|RH:58|TF:0|LE:0|RE:0|MO:0|SH:0|WA:73|FT:73,4,"2026-04-27 10:49:22"
1965,f41af56b8991671194f9c57add0b1032a59756ff,LH:0|RH:58|TF:92|LE:0|RE:0|MO:0|SH:0|WA:0|FT:0,2,"2026-04-27 10:49:22"
1966,"30cb613bd977bc0f42a1e3e350fa54e9f52e490f",LH:58|RH:60|TF:0|LE:0|RE:0|MO:0|SH:0|WA:63|FT:0,3,"2026-04-27 10:49:22"
1967,f0228c44207f5988ee3488becb122d0faf0b650f,LH:57|RH:57|TF:0|LE:0|RE:0|MO:41|SH:0|WA:67|FT:0,4,"2026-04-27 10:49:22"
1968,"72f58a45c81dca61c0f2884e1a5feac9505ad91d",LH:0|RH:0|TF:0|LE:0|RE:0|MO:0|SH:101|WA:101|FT:101,3,"2026-04-27 10:49:22"
1969,aefa7e2c44ef6ab6b11e144f69bdba8ebb58c9b6,LH:73|RH:73|TF:0|LE:73|RE:0|MO:0|SH:0|WA:0|FT:0,3,"2026-04-27 10:49:22"
1970,ddeadbeafd2aed461ecbe5448c5be579898da951,LH:0|RH:0|TF:0|LE:0|RE:0|MO:27|SH:0|WA:24|FT:24,3,"2026-04-27 10:49:22"
1971,db46c33c07308b398fb7046cb9e3a2347cbd4915,LH:0|RH:0|TF:0|LE:0|RE:0|MO:82|SH:0|WA:82|FT:0,2,"2026-04-27 10:49:22"
1972,"4d9700b50ac8dff7bf898f5926eb51e4f1c0232d",LH:0|RH:0|TF:0|LE:0|RE:0|MO:0|SH:0|WA:82|FT:82,2,"2026-04-27 10:49:22"
1973,"3c13b8273517dd8e2728f6a70236f7c4bb4cc4c3",LH:0|RH:0|TF:29|LE:0|RE:0|MO:0|SH:0|WA:0|FT:0,1,"2026-04-27 10:49:22"
1974,c8661c33a138a86fd9604015fddaf92a3fff8325,LH:57|RH:58|TF:0|LE:0|RE:0|MO:0|SH:0|WA:0|FT:0,2,"2026-04-27 10:49:22"
1975,"09d219edb3dad599d7d2598e57266edadd735dc2",LH:56|RH:0|TF:0|LE:0|RE:0|MO:0|SH:0|WA:0|FT:60,2,"2026-04-27 10:49:22"
1976,"34669df449c3fcbfb6c2c929eb36c44dee109028",LH:63|RH:63|TF:0|LE:0|RE:0|MO:27|SH:0|WA:0|FT:0,3,"2026-04-27 10:49:22"
1977,"1ba47e7ad3ae8d6c7486ffd85e892bdab40004f6",LH:55|RH:43|TF:0|LE:0|RE:0|MO:0|SH:0|WA:0|FT:0,2,"2026-04-27 10:49:22"
1978,b8ab6547fa41e7c42dee2dec058184c81873dc27,LH:0|RH:0|TF:0|LE:0|RE:0|MO:67|SH:27|WA:63|FT:0,3,"2026-04-27 10:49:22"
1979,a3bf1dbee68a07950dba7f6137e74743924cc707,LH:57|RH:15|TF:0|LE:0|RE:0|MO:0|SH:0|WA:0|FT:0,2,"2026-04-27 10:49:22"
1980,"116d26967437e616183bf2e7bac1664de50da705",LH:41|RH:66|TF:0|LE:0|RE:0|MO:0|SH:0|WA:0|FT:0,2,"2026-04-27 10:49:22"
1981,"1a9c1bc2d2640f79193a738204703d323ea57dbc",LH:0|RH:0|TF:0|LE:0|RE:0|MO:0|SH:0|WA:63|FT:66,2,"2026-04-27 10:49:22"
1982,"41072957291260b013d4c5d860e907bc58b8742f",LH:41|RH:41|TF:0|LE:0|RE:0|MO:0|SH:26|WA:26|FT:26,5,"2026-04-27 10:49:22"
1983,e66a051b691bde62aad200552c967c11d9743b99,LH:57|RH:57|TF:92|LE:0|RE:0|MO:0|SH:63|WA:63|FT:0,5,"2026-04-27 10:49:22"
1984,f5a526b63a30f1a49f6fda6a832573fc4e7c9a94,LH:66|RH:67|TF:0|LE:0|RE:0|MO:0|SH:0|WA:0|FT:0,2,"2026-04-27 10:49:22"
1985,"3ba4f049b2ceaeaf29d7dd6d3ceeebd14f800784",LH:41|RH:41|TF:0|LE:0|RE:0|MO:110|SH:0|WA:0|FT:0,3,"2026-04-27 10:49:22"
1986,d4a25ce3e9ce94044aa36f1fbe0af3b72d688b5f,LH:63|RH:0|TF:0|LE:0|RE:0|MO:0|SH:0|WA:56|FT:56,3,"2026-04-27 10:49:22"
1987,"2d31d99ad0a34ed9d5ac5cb770fd24b9046a371f",LH:63|RH:0|TF:0|LE:0|RE:0|MO:110|SH:0|WA:0|FT:0,2,"2026-04-27 10:49:22"
1988,"817a8af4bc32a2d2ee2b4abf47db9b896cc7693a",LH:56|RH:56|TF:0|LE:0|RE:0|MO:73|SH:0|WA:0|FT:0,3,"2026-04-27 10:49:22"
1989,a33c1251da70b965cc5d6078256f26bb7000436d,LH:60|RH:60|TF:0|LE:0|RE:0|MO:55|SH:55|WA:0|FT:0,4,"2026-04-27 10:49:22"
1990,"76d8f0c222b9251f83371732d2821f070d420423",LH:67|RH:0|TF:0|LE:0|RE:0|MO:0|SH:0|WA:0|FT:58,2,"2026-04-27 10:49:22"
1991,"9cd28815a6c7c9ef8c6e66b5f31fbfbaeba007f0",LH:95|RH:60|TF:0|LE:0|RE:0|MO:0|SH:0|WA:0|FT:0,2,"2026-04-27 10:49:22"
1992,"32f355194d525b17b0ae9b61fa39e13190956333",LH:59|RH:59|TF:0|LE:0|RE:0|MO:41|SH:41|WA:0|FT:0,4,"2026-04-27 10:49:22"
1993,"7bce3559b9893f9589b20846076b5adc7b90ca02",LH:60|RH:0|TF:0|LE:0|RE:0|MO:0|SH:0|WA:0|FT:45,2,"2026-04-27 10:49:22"
1994,c6ecda78a4658d0c667d314e50e0d3b179b399b8,LH:95|RH:41|TF:0|LE:0|RE:0|MO:0|SH:0|WA:0|FT:0,2,"2026-04-27 10:49:22"
1995,b5755d83bd3df9408da927293e483a1541864904,LH:0|RH:0|TF:0|LE:0|RE:0|MO:63|SH:27|WA:63|FT:0,3,"2026-04-27 10:49:22"
1996,"0576b6b1c321f290b0c532de600337ba52a69e21",LH:57|RH:57|TF:0|LE:0|RE:0|MO:0|SH:27|WA:0|FT:0,3,"2026-04-27 10:49:22"
1997,"14372bce87b9bb2a488969fae2d190e5554efd7e",LH:0|RH:0|TF:0|LE:0|RE:0|MO:76|SH:0|WA:0|FT:76,2,"2026-04-27 10:49:22"
1998,c4e288b25490d558a2469165946cc220e968bc9f,LH:63|RH:60|TF:0|LE:0|RE:0|MO:0|SH:0|WA:56|FT:0,3,"2026-04-27 10:49:22"
1999,cdf67a2841011d149477f090d17114b888dbafc6,LH:63|RH:63|TF:92|LE:0|RE:0|MO:0|SH:0|WA:56|FT:0,4,"2026-04-27 10:49:22"
2000,"686c4406d50d18664f4dadfd8dc8b3676bce7dfb",LH:73|RH:73|TF:0|LE:0|RE:0|MO:0|SH:0|WA:26|FT:0,3,"2026-04-27 10:49:22"
2001,f5cde9e1b97ed099ad1b9a3d66819687a9db1b1d,LH:59|RH:59|TF:92|LE:0|RE:0|MO:67|SH:0|WA:0|FT:0,4,"2026-04-27 10:49:22"
2002,"3f97cc97fbbc4d4efcbcc86a64f2e0e3bb59a791",LH:45|RH:63|TF:0|LE:0|RE:0|MO:0|SH:0|WA:0|FT:0,2,"2026-04-27 10:49:22"
2003,"874c9e1cd0c3c582a7bfc9ce0ce32f490e319274",LH:2|RH:0|TF:0|LE:0|RE:0|MO:0|SH:0|WA:67|FT:0,2,"2026-04-27 10:49:22"
2004,"4bd05334637007c1e68edc0c686674b3d2ed766f",LH:0|RH:0|TF:0|LE:101|RE:0|MO:0|SH:0|WA:101|FT:0,2,"2026-04-27 10:49:22"
2005,bbcee3969b2307ae4af182d4a7eb5bd46ef64f67,LH:0|RH:0|TF:0|LE:0|RE:0|MO:110|SH:0|WA:56|FT:0,2,"2026-04-27 10:49:22"
2006,cca9eb68a8138822b7dd12fee4749828175b1b0e,LH:63|RH:63|TF:0|LE:0|RE:0|MO:0|SH:0|WA:57|FT:0,3,"2026-04-27 10:49:22"
2007,"35308bbb2f2e27b52b3bb22bed61e564e8d916e0",LH:92|RH:92|TF:0|LE:0|RE:0|MO:0|SH:0|WA:57|FT:57,4,"2026-04-27 10:49:22"
2008,efa428fb4818dd6e17ada86682c05237cdf35ee1,LH:0|RH:0|TF:0|LE:92|RE:0|MO:0|SH:0|WA:63|FT:63,3,"2026-04-27 10:49:22"
2009,"74e2eab1ba2ed83306230686e48f78c5312b59c0",LH:92|RH:92|TF:0|LE:0|RE:67|MO:0|SH:67|WA:0|FT:0,4,"2026-04-27 10:49:22"
2010,"7c81e44eb0447859b0822a4c9e22424eb3d2de61",LH:45|RH:45|TF:0|LE:0|RE:0|MO:44|SH:0|WA:0|FT:0,3,"2026-04-27 10:49:22"
2011,"7119faf8e9c018c0aac01ff5e4e00b6bffc8a6b9",LH:59|RH:41|TF:0|LE:0|RE:0|MO:0|SH:0|WA:63|FT:0,3,"2026-04-27 10:49:22"
2012,b1ec8768f74881eb1a3460ecf33f9ce2d7844546,LH:73|RH:73|TF:0|LE:0|RE:0|MO:110|SH:0|WA:0|FT:0,3,"2026-04-27 10:49:22"
2013,"5c1cd684d522648527b319a6456e1a62abc95e49",LH:41|RH:41|TF:0|LE:0|RE:0|MO:0|SH:0|WA:0|FT:45,3,"2026-04-27 10:49:22"
2014,"638de126e6915b9df7e5754c7e1ee0057a0172e8",LH:24|RH:73|TF:0|LE:0|RE:0|MO:0|SH:0|WA:0|FT:0,2,"2026-04-27 10:49:22"
2015,"895f0b653983aaa72494ab7a408ac679a59843b4",LH:59|RH:59|TF:0|LE:0|RE:67|MO:0|SH:0|WA:0|FT:0,3,"2026-04-27 10:49:22"
2016,"29c49ff85de05cd7758b4f3dc2c6636b39dcebbc",LH:90|RH:90|TF:0|LE:0|RE:0|MO:110|SH:0|WA:0|FT:0,3,"2026-04-27 10:49:22"
2017,"7aeec7c40b1b8b1cbfbac7757a6abd9e72193513",LH:63|RH:63|TF:0|LE:0|RE:0|MO:73|SH:0|WA:0|FT:0,3,"2026-04-27 10:49:22"
2018,"95a842866b77cfe7f37abf21192b24d60eca7881",LH:0|RH:92|TF:0|LE:0|RE:0|MO:0|SH:0|WA:0|FT:63,2,"2026-04-27 10:49:22"
2019,"36d6c43d9c7ad60b0f32be656348f503b967d303",LH:73|RH:73|TF:0|LE:0|RE:0|MO:0|SH:0|WA:0|FT:59,3,"2026-04-27 10:49:22"
2020,bb877c2b3e377603e9c4debc1b10ffd469d6d28b,LH:67|RH:110|TF:0|LE:0|RE:0|MO:0|SH:0|WA:0|FT:0,2,"2026-04-27 10:49:22"
2021,fb0ce72360fc19a200690c63cb1163224a3a46b2,LH:0|RH:0|TF:0|LE:67|RE:0|MO:0|SH:27|WA:0|FT:0,2,"2026-04-27 10:49:22"
2022,"630c9178874bdd827c1961b4e83eeeb6be0ecefc",LH:33|RH:0|TF:0|LE:0|RE:0|MO:0|SH:0|WA:0|FT:0,1,"2026-04-27 10:49:22"
2023,"293f15f6783d57e772659211f9ebcce23686bc3b",LH:0|RH:0|TF:0|LE:0|RE:0|MO:64|SH:0|WA:0|FT:64,2,"2026-04-27 10:49:22"
2024,"7faffe805bcb43857bf8c8eda39ea2b200340091",LH:30|RH:30|TF:0|LE:0|RE:0|MO:0|SH:0|WA:0|FT:0,2,"2026-04-27 10:49:22"
2025,e95066618407abfa71d9a424b8b76e440d1f4dbf,LH:41|RH:62|TF:0|LE:0|RE:0|MO:0|SH:0|WA:0|FT:0,2,"2026-04-27 10:49:22"
2026,"97f537f89cce8d5ae417c23a529475e1e5eb9990",LH:45|RH:44|TF:0|LE:0|RE:0|MO:0|SH:0|WA:60|FT:60,4,"2026-04-27 10:49:22"
2027,"8e5bdd5ff4e4c8c6a7b5d524fe5cc4e2cc969467",LH:45|RH:45|TF:0|LE:0|RE:0|MO:0|SH:0|WA:56|FT:56,4,"2026-04-27 10:49:22"
2028,"4b5715818bb6b78dd4d6a7eda05179a3fa47ac26",LH:73|RH:73|TF:0|LE:0|RE:0|MO:0|SH:0|WA:59|FT:59,4,"2026-04-27 10:49:22"
2029,"9ca1c241b5ad4ac777c4fca75c94d63098194aa1",LH:39|RH:39|TF:0|LE:0|RE:0|MO:0|SH:27|WA:0|FT:0,3,"2026-04-27 10:49:22"
2030,"190628198c5526748b449438fd60eaa76c2c6d2c",LH:56|RH:56|TF:0|LE:0|RE:0|MO:0|SH:73|WA:0|FT:0,3,"2026-04-27 10:49:22"
2031,"8435a2e1a81cd0c042464f586864530a1426449e",LH:26|RH:26|TF:0|LE:0|RE:0|MO:0|SH:0|WA:0|FT:26,3,"2026-04-27 10:49:22"
2032,cb4d6d1fa1c2efbd707f9d55462e460c45d15280,LH:67|RH:67|TF:0|LE:0|RE:0|MO:110|SH:0|WA:26|FT:0,4,"2026-04-27 10:49:22"
2033,e626c2d285a2a864e30b818692aacbf4957a8911,LH:110|RH:67|TF:0|LE:0|RE:0|MO:0|SH:0|WA:0|FT:0,2,"2026-04-27 10:49:22"
2034,dc151328ff608785fd7d494a3df846fd55e5c813,LH:92|RH:0|TF:0|LE:0|RE:0|MO:0|SH:0|WA:56|FT:0,2,"2026-04-27 10:49:22"
2035,"9986621e2338afad09d85e732e93840217403d42",LH:92|RH:92|TF:0|LE:0|RE:0|MO:0|SH:0|WA:56|FT:0,3,"2026-04-27 10:49:22"
2036,"589f3e41372a4b0e5008ae9de415178ca3045232",LH:78|RH:0|TF:0|LE:0|RE:0|MO:0|SH:0|WA:0|FT:0,1,"2026-04-27 10:49:22"
2037,"8244de2cfef0c28ccaf7d7be24485b27c1d533a9",LH:56|RH:56|TF:0|LE:0|RE:73|MO:0|SH:0|WA:0|FT:0,3,"2026-04-27 10:49:22"
2038,dd0b44686fccf1803db28ab30dec0a145f92a7f0,LH:2|RH:2|TF:0|LE:0|RE:0|MO:67|SH:67|WA:0|FT:0,4,"2026-04-27 10:49:22"
2039,"0fca7f4088532dbca46d54c7cf837baaf40b0f64",LH:36|RH:67|TF:0|LE:0|RE:0|MO:0|SH:0|WA:0|FT:0,2,"2026-04-27 10:49:22"
2040,"284347a3fd56c8bfa91f95cc44344e19fa12b11b",LH:26|RH:63|TF:0|LE:0|RE:0|MO:0|SH:0|WA:0|FT:0,2,"2026-04-27 10:49:22"
2041,"9ee2f318ad2ee7fcfc1349a425ddb1195ffdc084",LH:67|RH:67|TF:0|LE:0|RE:0|MO:0|SH:0|WA:0|FT:63,3,"2026-04-27 10:49:22"
2042,"793236adcb40ee7488864606742695bfff9a9d4e",LH:58|RH:73|TF:0|LE:0|RE:0|MO:0|SH:0|WA:0|FT:0,2,"2026-04-27 10:49:22"
2043,e112a4807ce75b075b7e8eeee398a671010cf2e1,LH:67|RH:0|TF:0|LE:0|RE:0|MO:0|SH:0|WA:0|FT:73,2,"2026-04-27 10:49:22"
2044,"473b8ac9287fdb8e0802d4081004e3abb41f1902",LH:56|RH:56|TF:0|LE:0|RE:0|MO:0|SH:0|WA:0|FT:26,3,"2026-04-27 10:49:22"
2045,f4e9416d81208434fc59b1f1c128d9d89f44bddc,LH:110|RH:56|TF:0|LE:0|RE:0|MO:0|SH:0|WA:0|FT:0,2,"2026-04-27 10:49:22"
2046,"4bf50607673d4d83a2ad85b1a275c5afdb70035e",LH:56|RH:110|TF:0|LE:0|RE:0|MO:0|SH:0|WA:0|FT:0,2,"2026-04-27 10:49:22"
2047,"5560cc238590110589fbadd893564e048a39037e",LH:56|RH:56|TF:0|LE:0|RE:0|MO:110|SH:0|WA:0|FT:0,3,"2026-04-27 10:49:22"
2048,"665f30399c42420c397824429039dbb752acb78b",LH:26|RH:110|TF:0|LE:0|RE:0|MO:0|SH:0|WA:0|FT:0,2,"2026-04-27 10:49:22"
2049,"9b4c4908b74d0bbc8534b683cabbb978dd7537be",LH:40|RH:73|TF:0|LE:0|RE:0|MO:0|SH:0|WA:0|FT:0,2,"2026-04-27 10:49:22"
2050,a97c5f2e85ab431ba41e415cd511aa750d3429db,LH:59|RH:59|TF:0|LE:63|RE:63|MO:0|SH:63|WA:63|FT:0,6,"2026-04-27 10:49:22"
2051,"35d11b482902f060e9d52fa3902ce89aca3d6954",LH:41|RH:41|TF:92|LE:0|RE:0|MO:0|SH:0|WA:0|FT:0,3,"2026-04-27 10:49:22"
2052,ed096fb1bc12e2015f9727752ac2f122763bd45a,LH:92|RH:57|TF:0|LE:0|RE:0|MO:0|SH:0|WA:0|FT:0,2,"2026-04-27 10:49:22"
2053,"53fa0fb240fa9edc9bda0bd371b32c1143245f83",LH:63|RH:59|TF:0|LE:0|RE:0|MO:0|SH:0|WA:0|FT:0,2,"2026-04-27 10:49:22"
2054,c0ba5bf4e2599884b64c1a667fbf99a3f2048fd6,LH:0|RH:0|TF:0|LE:0|RE:0|MO:101|SH:101|WA:101|FT:101,4,"2026-04-27 10:49:22"
2055,e52c5172db7d327eeae7bb7138fd0e57136c6992,LH:45|RH:45|TF:0|LE:0|RE:0|MO:45|SH:0|WA:0|FT:0,3,"2026-04-27 10:49:22"
2056,c092d0257784417dbda190613bdb9aa2b7b6b82a,LH:0|RH:0|TF:0|LE:0|RE:0|MO:0|SH:0|WA:107|FT:107,2,"2026-04-27 10:49:22"
2057,"7a34f5468425772c58a34dff7e47c130f9d63d5f",LH:0|RH:0|TF:0|LE:0|RE:0|MO:73|SH:0|WA:67|FT:0,2,"2026-04-27 10:49:22"
2058,bf0df69228e812e5203586ca2afcd64329c61b85,LH:66|RH:66|TF:92|LE:0|RE:0|MO:0|SH:0|WA:0|FT:0,3,"2026-04-27 10:49:22"
2059,"0e592af2cb8fbcdda1fa960323b036d1ea3343e7",LH:73|RH:73|TF:0|LE:0|RE:0|MO:0|SH:0|WA:26|FT:26,4,"2026-04-27 10:49:22"
2060,"2ead903a260664dd23df534ff5d2db46282ec932",LH:56|RH:63|TF:0|LE:0|RE:0|MO:0|SH:27|WA:0|FT:0,3,"2026-04-27 10:49:22"
2061,"2bcbede0c422deed19ffc51e9d28744e2e1c2a18",LH:0|RH:61|TF:0|LE:0|RE:0|MO:0|SH:0|WA:0|FT:0,1,"2026-04-27 10:49:22"
2062,"09066257dad9b9ea1e435ae9c93daadfc106969e",LH:24|RH:24|TF:0|LE:0|RE:0|MO:0|SH:27|WA:0|FT:0,3,"2026-04-27 10:49:22"
2063,"93d750c0a48e768fd1865fc6e2c798cdb0585c81",LH:0|RH:59|TF:0|LE:0|RE:0|MO:0|SH:0|WA:0|FT:63,2,"2026-04-27 10:49:22"
2064,daf986eac5e9839433bb745e30d0a4b7f9a29169,LH:56|RH:0|TF:0|LE:0|RE:0|MO:0|SH:0|WA:60|FT:0,2,"2026-04-27 10:49:22"
2065,"7c41ec9fa28aaaf4284d82d8b90f2463264c8b67",LH:26|RH:26|TF:0|LE:0|RE:0|MO:0|SH:0|WA:24|FT:0,3,"2026-04-27 10:49:22"
2066,f74dbb21444b8e97acb07f52f294a003f77b5566,LH:73|RH:0|TF:0|LE:0|RE:0|MO:0|SH:0|WA:26|FT:0,2,"2026-04-27 10:49:22"
2067,"38fc3ee6fe0d2196c7ee0fc9545c7c7e8fc420ad",LH:0|RH:83|TF:0|LE:0|RE:0|MO:0|SH:0|WA:0|FT:0,1,"2026-04-27 10:49:22"
2068,"552a6b78a3518d9186d3eebe8c67c2fe91df6b6c",LH:0|RH:63|TF:0|LE:0|RE:0|MO:0|SH:0|WA:26|FT:0,2,"2026-04-27 10:49:22"
2069,"5ea1347ecef33d04a4ec2085b490ebf88165da00",LH:26|RH:26|TF:0|LE:0|RE:0|MO:110|SH:0|WA:0|FT:0,3,"2026-04-27 10:49:22"
2070,a97a6345f3aa85be2ac9ce4b721e1a94f195c555,LH:0|RH:0|TF:0|LE:0|RE:0|MO:0|SH:0|WA:0|FT:103,1,"2026-04-27 10:49:22"
2071,"5bf471e917f26fce190dd421804cebd9a7bf4404",LH:110|RH:110|TF:0|LE:0|RE:0|MO:0|SH:0|WA:63|FT:0,3,"2026-04-27 10:49:22"
2072,"0ba6cca5295acebbd27fa2c4129d5396744a3682",LH:110|RH:110|TF:0|LE:0|RE:0|MO:0|SH:0|WA:56|FT:0,3,"2026-04-27 10:49:22"
2073,"5cc1f4128c7c7ac5cd135900cbff60de26f41277",LH:0|RH:0|TF:0|LE:41|RE:0|MO:0|SH:41|WA:0|FT:0,2,"2026-04-27 10:49:22"
2074,"8ac18098851332090f833ee95d7694418d0d895b",LH:0|RH:0|TF:0|LE:0|RE:0|MO:110|SH:0|WA:63|FT:0,2,"2026-04-27 10:49:22"
2075,c2ebb12d959ce929f87e7d1d6076d4888bca9e47,LH:0|RH:0|TF:0|LE:0|RE:63|MO:0|SH:63|WA:63|FT:0,3,"2026-04-27 10:49:22"
2076,"869524b80b2ec30c025fba85ccd0f9f73d9296d3",LH:56|RH:62|TF:0|LE:0|RE:0|MO:0|SH:0|WA:0|FT:0,2,"2026-04-27 10:49:22"
2077,c78c2da3a03588eb5b4d92a06ca833e922ec9ae0,LH:0|RH:0|TF:0|LE:0|RE:0|MO:110|SH:0|WA:0|FT:56,2,"2026-04-27 10:49:22"
2078,a49599d125a819cfb5690c9f7ae1aa7329c1e41e,LH:39|RH:39|TF:0|LE:0|RE:0|MO:0|SH:0|WA:24|FT:0,3,"2026-04-27 10:49:22"
2079,"921c82abd06ae824a79544d3438f216b8faab065",LH:57|RH:95|TF:0|LE:0|RE:0|MO:0|SH:0|WA:63|FT:0,3,"2026-04-27 10:49:22"
2080,d847cb6ed80ee7b000024e1770df41ec708d1337,LH:0|RH:0|TF:0|LE:0|RE:0|MO:66|SH:0|WA:0|FT:66,2,"2026-04-27 10:49:22"
2081,"2f2730cb462ec515d27cac39ccc9dd9a4afd0dda",LH:0|RH:73|TF:0|LE:0|RE:0|MO:67|SH:0|WA:0|FT:0,2,"2026-04-27 10:49:22"
2082,e6c97e7356f3ab80a3fac65a2ceaf4dad65da700,LH:63|RH:66|TF:0|LE:0|RE:0|MO:0|SH:0|WA:0|FT:0,2,"2026-04-27 10:49:22"
2083,"86788c539a4125e322e433dac0e53ab8d2dbd1d7",LH:0|RH:0|TF:0|LE:73|RE:73|MO:0|SH:0|WA:0|FT:0,2,"2026-04-27 10:49:22"
2084,"49309a82f79b9c63a1395d0d6e3c7adb698d11e9",LH:63|RH:63|TF:0|LE:0|RE:73|MO:0|SH:0|WA:73|FT:0,4,"2026-04-27 10:49:22"
2085,da0a8db206dc90e5f343f877a5971f79b9225782,LH:1|RH:1|TF:0|LE:0|RE:0|MO:110|SH:0|WA:0|FT:0,3,"2026-04-27 10:49:22"
2086,a1e5211703a1dabd1f66c58177a3861e04ea279e,LH:106|RH:106|TF:0|LE:0|RE:0|MO:0|SH:0|WA:0|FT:0,2,"2026-04-27 10:49:22"
2087,"821834b16d308b80c141a0acaf412f94d9387041",LH:0|RH:0|TF:0|LE:84|RE:0|MO:0|SH:84|WA:84|FT:0,3,"2026-04-27 10:49:22"
2088,eb15433cf7618127c406e0549dae8d2bedbd43ff,LH:81|RH:81|TF:0|LE:0|RE:0|MO:0|SH:81|WA:81|FT:0,4,"2026-04-27 10:49:22"
2089,c64a7e900fdbc064770c29fe9061d82a325b8be7,LH:92|RH:92|TF:0|LE:67|RE:0|MO:0|SH:0|WA:0|FT:0,3,"2026-04-27 10:49:22"
2090,"2add961197c6199ba97cc3228f32a4636abef3d3",LH:57|RH:16|TF:0|LE:0|RE:0|MO:0|SH:0|WA:0|FT:0,2,"2026-04-27 10:49:22"
2091,f1b48891097a51be8c65430779898ee9c65ddef4,LH:0|RH:0|TF:0|LE:0|RE:92|MO:0|SH:92|WA:0|FT:0,2,"2026-04-27 10:49:22"
2092,"2081e144a67611317098ebf8e87c1e1ac43fbdd9",LH:57|RH:57|TF:0|LE:0|RE:0|MO:0|SH:0|WA:26|FT:0,3,"2026-04-27 10:49:22"
2093,bb0f7d34595bc121dd922f42c3c6ec53952e18b9,LH:41|RH:56|TF:0|LE:0|RE:0|MO:0|SH:0|WA:63|FT:0,3,"2026-04-27 10:49:22"
2094,"4943612f01bf2049c0d109bb7b4849a35009cda4",LH:0|RH:0|TF:0|LE:101|RE:101|MO:0|SH:101|WA:0|FT:0,3,"2026-04-27 10:49:22"
2095,cb491607c5e0bca98d49d28d020a83aaa1d1a687,LH:63|RH:0|TF:0|LE:0|RE:0|MO:0|SH:0|WA:67|FT:0,2,"2026-04-27 10:49:22"
2096,"18b68c177ec17c40069461f0c2b7d7a1977d8843",LH:67|RH:86|TF:0|LE:0|RE:0|MO:0|SH:0|WA:0|FT:0,2,"2026-04-27 10:49:22"
2097,"18e5646be7a031da5b129f416a2553ffbd12ad8c",LH:45|RH:45|TF:0|LE:0|RE:0|MO:0|SH:0|WA:45|FT:0,3,"2026-04-27 10:49:22"
2098,"723c38f9317619be0b5bf8896cbb47e2f1b37556",LH:56|RH:86|TF:0|LE:0|RE:0|MO:0|SH:0|WA:0|FT:0,2,"2026-04-27 10:49:22"
2099,"6dc5811cccca309a04ea8aa6a64ef4bb612996b1",LH:0|RH:0|TF:0|LE:0|RE:0|MO:0|SH:42|WA:0|FT:0,1,"2026-04-27 10:49:22"
2100,"402fc0cd7b7ce59256f1da3124ab1ec73c0d9336",LH:67|RH:0|TF:0|LE:0|RE:0|MO:0|SH:0|WA:56|FT:0,2,"2026-04-27 10:49:22"
2101,"0d8a9a1eff9d112f129119367ae1c74d11c1a592",LH:110|RH:110|TF:0|LE:0|RE:0|MO:110|SH:0|WA:0|FT:0,3,"2026-04-27 10:49:22"
2102,"50fdcf7dd67f26da6fb52e34deee32d5f0f7acaa",LH:16|RH:59|TF:0|LE:0|RE:0|MO:0|SH:0|WA:0|FT:0,2,"2026-04-27 10:49:22"
2103,"667f307bf23d283ee8e28fe7f3463cd99deea3db",LH:59|RH:16|TF:0|LE:0|RE:0|MO:0|SH:0|WA:0|FT:0,2,"2026-04-27 10:49:22"
2104,"9aec3a6101ce122f47b05a71397b68fcd36ec59a",LH:0|RH:0|TF:0|LE:0|RE:101|MO:0|SH:101|WA:101|FT:0,3,"2026-04-27 10:49:22"
2105,d3ff3f475fa4e089d47aa7b0f2f7566de16d7eeb,LH:0|RH:73|TF:0|LE:0|RE:0|MO:110|SH:0|WA:0|FT:0,2,"2026-04-27 10:49:22"
2106,c9683ac7fb507b3a4438f992161693de4c6ceb9c,LH:73|RH:73|TF:0|LE:0|RE:0|MO:0|SH:0|WA:0|FT:26,3,"2026-04-27 10:49:22"
2107,"47efe4a023d53276839c32cf58ac38d6883ee57b",LH:67|RH:63|TF:0|LE:0|RE:0|MO:0|SH:0|WA:56|FT:0,3,"2026-04-27 10:49:22"
2108,ec0930a0abfeddac8141f17a064b158ec9f8d618,LH:65|RH:67|TF:0|LE:0|RE:0|MO:0|SH:0|WA:0|FT:0,2,"2026-04-27 10:49:22"
2109,e9176e895d171925f2233bd05c58ea575dfe8c0e,LH:29|RH:67|TF:0|LE:0|RE:0|MO:0|SH:0|WA:0|FT:0,2,"2026-04-27 10:49:22"
2110,"11fdad1a523628a96e8ebd2a1e0b7c06f3c7c3b2",LH:59|RH:59|TF:92|LE:0|RE:0|MO:0|SH:92|WA:0|FT:0,4,"2026-04-27 10:49:22"
2111,e3ed47b5776474b65d75e8af668851722d5d2cb1,LH:67|RH:0|TF:0|LE:0|RE:0|MO:110|SH:0|WA:0|FT:0,2,"2026-04-27 10:49:22"
2112,e026357cbb6dd84a67e851536802dfe416f522ef,LH:0|RH:0|TF:0|LE:0|RE:0|MO:67|SH:63|WA:63|FT:63,4,"2026-04-27 10:49:22"
2113,"84dd2fe7fd3450d8b0a90869d567609160a4324c",LH:24|RH:0|TF:0|LE:0|RE:0|MO:110|SH:0|WA:0|FT:0,2,"2026-04-27 10:49:22"
2114,"3e16927f75134e9662b50b5883e33daa371094f0",LH:60|RH:48|TF:0|LE:0|RE:0|MO:0|SH:0|WA:0|FT:0,2,"2026-04-27 10:49:22"
2115,da92b223d1f77fb86dc1c089ec9b384a24d450af,LH:0|RH:0|TF:0|LE:101|RE:101|MO:101|SH:101|WA:101|FT:101,6,"2026-04-27 10:49:22"
2116,"17f3ded3c875156542d2322ab4ecc44dc5806f45",LH:41|RH:41|TF:0|LE:0|RE:0|MO:0|SH:0|WA:0|FT:58,3,"2026-04-27 10:49:22"
2117,"4417bcf8bf100b3a6124e04ffef94269e89c91fd",LH:45|RH:48|TF:0|LE:0|RE:0|MO:0|SH:0|WA:0|FT:0,2,"2026-04-27 10:49:22"
2118,"84c8b86800ea0a84d93b525891a7ecad81df8095",LH:0|RH:67|TF:0|LE:0|RE:0|MO:0|SH:0|WA:0|FT:36,2,"2026-04-27 10:49:22"
2119,e0e215176e2d4aa57dca0f5e2959f1535ce316af,LH:0|RH:63|TF:0|LE:0|RE:0|MO:27|SH:0|WA:0|FT:0,2,"2026-04-27 10:49:22"
2120,"3e18511d1ea90e09f0ac758328fa9ce45f202aa1",LH:58|RH:26|TF:0|LE:0|RE:0|MO:0|SH:0|WA:0|FT:0,2,"2026-04-27 10:49:22"
2121,eb4560f5ae9fab2b1ff705971de5481fd3c0e5cc,LH:73|RH:73|TF:0|LE:0|RE:0|MO:0|SH:0|WA:63|FT:0,3,"2026-04-27 10:49:22"
2122,"0da7d3aac073d547d0094d63f6d5b0872b9b03ae",LH:1|RH:1|TF:0|LE:0|RE:0|MO:0|SH:26|WA:26|FT:26,5,"2026-04-27 10:49:22"
2123,"15bb3afae10ba77d49f9206b73a0b5db2de76ed2",LH:63|RH:39|TF:0|LE:0|RE:0|MO:0|SH:0|WA:0|FT:0,2,"2026-04-27 10:49:22"
2124,"73713fe0cdda491ca505fb6a6d35d2efafc37b55",LH:60|RH:58|TF:0|LE:0|RE:0|MO:0|SH:0|WA:63|FT:0,3,"2026-04-27 10:49:22"
2125,"3d91c6a8fa85d143c6e0ef450130a1cb0597e06b",LH:41|RH:58|TF:0|LE:0|RE:0|MO:0|SH:0|WA:63|FT:0,3,"2026-04-27 10:49:22"
2126,cec357873637090a2e6d3c79c929e9c75c45ee45,LH:0|RH:58|TF:0|LE:0|RE:0|MO:0|SH:0|WA:0|FT:56,2,"2026-04-27 10:49:22"
2127,"165cc6875adb104fe7ea3a9a2635853699d6bf44",LH:42|RH:60|TF:0|LE:0|RE:0|MO:0|SH:0|WA:0|FT:0,2,"2026-04-27 10:49:22"
2128,"0cd402c6a6540ab89c09ace07a2ff377fa348152",LH:0|RH:0|TF:0|LE:0|RE:97|MO:0|SH:97|WA:97|FT:0,3,"2026-04-27 10:49:22"
2129,fe4aad126c626fa64d6755ec6c64807b2a48b3ab,LH:0|RH:57|TF:0|LE:0|RE:0|MO:67|SH:0|WA:0|FT:0,2,"2026-04-27 10:49:22"
2130,c3b9f023181061f5f3af178e21b3b718a5eedcb8,LH:81|RH:81|TF:0|LE:73|RE:0|MO:0|SH:0|WA:0|FT:0,3,"2026-04-27 10:49:22"
2131,"1a9ce108fabcbd0f18787276f4725c307722e2e7",LH:45|RH:0|TF:0|LE:0|RE:0|MO:0|SH:0|WA:0|FT:45,2,"2026-04-27 10:49:22"
2132,"7ad167a803265b28eace7057860c79333d312942",LH:56|RH:56|TF:0|LE:0|RE:0|MO:0|SH:63|WA:0|FT:0,3,"2026-04-27 10:49:22"
2133,a25dfab0523a6d060444021ee85b11ade247f090,LH:0|RH:0|TF:0|LE:0|RE:0|MO:41|SH:27|WA:0|FT:0,2,"2026-04-27 10:49:22"
2134,"11171e5f12e9f9a19552d76c96609a082777c042",LH:41|RH:60|TF:0|LE:0|RE:0|MO:0|SH:27|WA:0|FT:0,3,"2026-04-27 10:49:22"
2135,"5edbfd4249f41a50d480cadcff20537ff7207a1d",LH:0|RH:0|TF:0|LE:0|RE:0|MO:48|SH:48|WA:0|FT:0,2,"2026-04-27 10:49:22"
2136,"0c1a87415a40571a1c5055e266e5a64390453496",LH:0|RH:0|TF:0|LE:0|RE:0|MO:86|SH:0|WA:0|FT:0,1,"2026-04-27 10:49:22"
2137,c0e1bb5474a0ab905704d36adbd6d77018b75227,LH:0|RH:0|TF:0|LE:0|RE:0|MO:92|SH:0|WA:92|FT:26,3,"2026-04-27 10:49:22"
2138,"5b7aa90f130f1c49462415c313007d743c5ff4b7",LH:0|RH:0|TF:0|LE:97|RE:97|MO:0|SH:97|WA:97|FT:0,4,"2026-04-27 10:49:22"
2139,a86a4aa311576053754839d885c467ce8c815e10,LH:56|RH:41|TF:0|LE:0|RE:0|MO:0|SH:0|WA:56|FT:0,3,"2026-04-27 10:49:22"
2140,"7b11cfdda1696113c5b4c9ad25313bfb14c3d033",LH:110|RH:110|TF:0|LE:0|RE:0|MO:0|SH:0|WA:26|FT:0,3,"2026-04-27 10:49:22"
2141,"6b2ba30287c0a30bcbf1269071eb5e703ce90c38",LH:74|RH:0|TF:0|LE:0|RE:0|MO:0|SH:27|WA:0|FT:0,2,"2026-04-27 10:49:22"
2142,"644da99907268f40e2f8b9eaea656ab6925540bd",LH:39|RH:44|TF:0|LE:0|RE:0|MO:0|SH:0|WA:0|FT:0,2,"2026-04-27 10:49:22"
2143,"3b931a79536cccc222f5dfcbb79f654685a43db1",LH:57|RH:39|TF:0|LE:0|RE:0|MO:0|SH:0|WA:0|FT:0,2,"2026-04-27 10:49:22"
2144,d1d6d50741f3e74ff099a655e876a5ea1a046315,LH:0|RH:83|TF:0|LE:0|RE:0|MO:0|SH:0|WA:0|FT:26,2,"2026-04-27 10:49:22"
2145,bb3d1d39f69f20c5763a72dc90a957211e27a2c2,LH:0|RH:0|TF:0|LE:26|RE:0|MO:0|SH:26|WA:26|FT:26,4,"2026-04-27 10:49:22"
2146,edeecfff1ea76b7204c45c25c7464e35a54f8c9d,LH:56|RH:67|TF:0|LE:0|RE:0|MO:0|SH:0|WA:56|FT:0,3,"2026-04-27 10:49:22"
2147,"7536deb9bde83438110a8c5421b598096bdd18e6",LH:0|RH:0|TF:0|LE:0|RE:0|MO:73|SH:73|WA:73|FT:0,3,"2026-04-27 10:49:22"
2148,"66648432bd463cf304f96bfffbbaf22a933073d0",LH:73|RH:41|TF:0|LE:0|RE:0|MO:0|SH:0|WA:63|FT:0,3,"2026-04-27 10:49:22"
2149,"43c75d3103484478729380bfca85de626b2a12ff",LH:0|RH:0|TF:0|LE:0|RE:0|MO:67|SH:67|WA:67|FT:67,4,"2026-04-27 10:49:22"
2150,d2e12c4e2bf120fa32164abd8b8ecf7bd1da3d7f,LH:0|RH:0|TF:0|LE:97|RE:0|MO:0|SH:0|WA:97|FT:97,3,"2026-04-27 10:49:22"
2151,de089afebb3014be42f1d14ae9c86267d9f64fc3,LH:95|RH:95|TF:0|LE:0|RE:0|MO:0|SH:0|WA:63|FT:0,3,"2026-04-27 10:49:22"
2152,"83eb92fdf10a2a94d50b26cd2ac409662d2aa6b4",LH:0|RH:0|TF:67|LE:67|RE:67|MO:0|SH:0|WA:0|FT:0,3,"2026-04-27 10:49:22"
2153,"2326b17ba32f3de85f140d461640945b8558ae68",LH:54|RH:54|TF:0|LE:0|RE:0|MO:54|SH:0|WA:0|FT:0,3,"2026-04-27 10:49:22"
2154,a71c2dfd60287dbc66e67bd958f26e32349b1b7d,LH:41|RH:41|TF:0|LE:0|RE:0|MO:45|SH:0|WA:0|FT:0,3,"2026-04-27 10:49:22"
2155,"385c6c5c5c4cb038ffd82a99cbae0c857104406b",LH:0|RH:0|TF:0|LE:0|RE:0|MO:0|SH:0|WA:0|FT:81,1,"2026-04-27 10:49:22"
2156,"9dfa755d288ed407cfcfcac49fe793d78eda6f24",LH:26|RH:81|TF:0|LE:0|RE:0|MO:0|SH:0|WA:0|FT:0,2,"2026-04-27 10:49:22"
2157,"7cd8f07938414ef9fbeab814d117bc6534bc8821",LH:110|RH:41|TF:0|LE:0|RE:0|MO:0|SH:0|WA:0|FT:0,2,"2026-04-27 10:49:22"
2158,cbbc00bada606cfad208884108f5930d6287d647,LH:0|RH:0|TF:0|LE:0|RE:0|MO:0|SH:27|WA:81|FT:0,2,"2026-04-27 10:49:22"
2159,f9ce515d7a76a51e10f66090e6ff66be032f0d04,LH:0|RH:0|TF:0|LE:0|RE:0|MO:0|SH:0|WA:81|FT:0,1,"2026-04-27 10:49:22"
2160,"2b7fb4cc25b38f0bf2d371b6d273a919409c3ff6",LH:0|RH:81|TF:0|LE:0|RE:0|MO:0|SH:0|WA:0|FT:0,1,"2026-04-27 10:49:22"
2161,f31e46ecd259d2fd5a3741b807893d9edf46df77,LH:110|RH:0|TF:0|LE:0|RE:0|MO:0|SH:27|WA:0|FT:0,2,"2026-04-27 10:49:22"
2162,dcf507f1350965396b60442f0a694f1517fee5b0,LH:42|RH:56|TF:0|LE:0|RE:0|MO:0|SH:0|WA:0|FT:0,2,"2026-04-27 10:49:22"
2163,"10cd9a160413486aa001336a800a4d4965a7eeb9",LH:0|RH:56|TF:0|LE:0|RE:0|MO:110|SH:0|WA:0|FT:0,2,"2026-04-27 10:49:22"
2164,"60db99311daec383498cdd91734c3b4ab60f9a71",LH:44|RH:42|TF:0|LE:0|RE:0|MO:0|SH:0|WA:0|FT:0,2,"2026-04-27 10:49:22"
2165,bf364bc6bb0a49df5d2b321069e2f0006584f489,LH:0|RH:0|TF:0|LE:0|RE:0|MO:0|SH:27|WA:24|FT:0,2,"2026-04-27 10:49:22"
2166,d96be353bc5e2cecff284b6d5227995b8971a80b,LH:0|RH:73|TF:0|LE:0|RE:73|MO:0|SH:0|WA:0|FT:0,2,"2026-04-27 10:49:22"
2167,daa4466e4d678e2c652c4850e9bd9e49be8b7c09,LH:0|RH:0|TF:0|LE:0|RE:73|MO:0|SH:0|WA:73|FT:0,2,"2026-04-27 10:49:22"
2168,"2cc769fdf0d7d395dbd87f8ef385f55c49aa7710",LH:0|RH:73|TF:0|LE:0|RE:0|MO:0|SH:0|WA:73|FT:73,3,"2026-04-27 10:49:22"
2169,e2f8fc7fde90781fda464a434d3d775ec90dab24,LH:60|RH:60|TF:0|LE:0|RE:0|MO:110|SH:0|WA:0|FT:0,3,"2026-04-27 10:49:22"
2170,"0d2af87a0d010b63526cf392dd21ea7fa84be721",LH:0|RH:0|TF:0|LE:0|RE:0|MO:55|SH:55|WA:0|FT:0,2,"2026-04-27 10:49:22"
2171,"8f48af9ab149a19484920655976a8ffa718a1f77",LH:57|RH:57|TF:0|LE:0|RE:0|MO:0|SH:0|WA:0|FT:67,3,"2026-04-27 10:49:22"
2172,"85d367e2d4ace9ae3008a2d2ec4f36342f3f9d15",LH:0|RH:110|TF:0|LE:0|RE:0|MO:110|SH:0|WA:0|FT:0,2,"2026-04-27 10:49:22"
2173,eb4e4618ec93b16257a0e178dffeea01cddfc6c4,LH:67|RH:90|TF:0|LE:0|RE:0|MO:0|SH:27|WA:0|FT:0,3,"2026-04-27 10:49:22"
2174,"64911dbd0081fd3e9160f25e2567fee8eafb693e",LH:25|RH:25|TF:0|LE:0|RE:0|MO:0|SH:0|WA:73|FT:0,3,"2026-04-27 10:49:22"
2175,"38286b03b8a9a4125530c11a219e634e4aafc237",LH:73|RH:0|TF:0|LE:0|RE:0|MO:0|SH:24|WA:24|FT:24,4,"2026-04-27 10:49:22"
2176,"8686bd6bbc4a8a091254ca2f88f66c995f8f11de",LH:0|RH:67|TF:0|LE:0|RE:0|MO:41|SH:0|WA:0|FT:41,3,"2026-04-27 10:49:22"
2177,"2ac7b9c4dc3c5c3a9f4d1651cb7ee80adb15b97a",LH:41|RH:67|TF:0|LE:0|RE:0|MO:0|SH:0|WA:56|FT:56,4,"2026-04-27 10:49:22"
2178,"56ca20f454484e060847e193075f9f1c704e2a7a",LH:67|RH:67|TF:0|LE:0|RE:0|MO:67|SH:0|WA:67|FT:0,4,"2026-04-27 10:49:22"
2179,"9892f86076b5cdae2fec9b275efcc7299cfd64ae",LH:0|RH:95|TF:0|LE:0|RE:0|MO:0|SH:0|WA:63|FT:0,2,"2026-04-27 10:49:22"
2180,"0c26b9e9b390e892e09702ab1f23029820a41010",LH:0|RH:0|TF:0|LE:0|RE:0|MO:26|SH:26|WA:26|FT:0,3,"2026-04-27 10:49:22"
2181,"78ed94e0431b37ebcbb02780f923104c96ba25cf",LH:0|RH:67|TF:0|LE:0|RE:0|MO:26|SH:0|WA:0|FT:0,2,"2026-04-27 10:49:22"
2182,ac2e3fa5fe40806cb21bcd4d86d5cf0c7fc7b0f9,LH:63|RH:110|TF:0|LE:0|RE:0|MO:0|SH:0|WA:0|FT:0,2,"2026-04-27 10:49:22"
2183,"3132be3e53833f76ccb380da645a78d6769c84e1",LH:90|RH:0|TF:0|LE:0|RE:0|MO:27|SH:0|WA:0|FT:0,2,"2026-04-27 10:49:22"
2184,"219f81e4cc845e15fb9bc0213b0474b3c22074d4",LH:0|RH:0|TF:0|LE:0|RE:0|MO:90|SH:27|WA:0|FT:0,2,"2026-04-27 10:49:22"
2185,e5e7638bbae5f85e927da8e0abb2c0184ebf21ff,LH:2|RH:2|TF:0|LE:0|RE:0|MO:0|SH:0|WA:73|FT:0,3,"2026-04-27 10:49:22"
2186,a1e92006727d0f53080d17bec4fa12c80919fc60,LH:67|RH:67|TF:0|LE:0|RE:0|MO:0|SH:0|WA:59|FT:0,3,"2026-04-27 10:49:22"
2187,bde9d4d1536fcf3ce5126bb79262659dab15f9f7,LH:45|RH:43|TF:0|LE:0|RE:0|MO:0|SH:0|WA:0|FT:0,2,"2026-04-27 10:49:22"
2188,"1c20feb31b82b5e7ecdf0bccccba906bb608fcb7",LH:59|RH:59|TF:0|LE:0|RE:0|MO:0|SH:73|WA:73|FT:0,4,"2026-04-27 10:49:22"
2189,"2c5270002d396e9dcd411a4e4415bdd1b13b1efb",LH:0|RH:0|TF:49|LE:0|RE:0|MO:0|SH:0|WA:0|FT:0,1,"2026-04-27 10:49:22"
2190,c4a1f0f1fea427f690886d3c2eaa7765fe9a63fe,LH:0|RH:0|TF:32|LE:0|RE:0|MO:0|SH:0|WA:0|FT:0,1,"2026-04-27 10:49:22"
2191,"3db212fc24f3f9455beffb16a2495267c09f5ec8",LH:63|RH:63|TF:0|LE:0|RE:0|MO:0|SH:27|WA:60|FT:0,4,"2026-04-27 10:49:22"
2192,b3fecdd11d3936db6eaa7f382c920af622df6a3a,LH:24|RH:39|TF:0|LE:0|RE:0|MO:0|SH:0|WA:0|FT:0,2,"2026-04-27 10:49:22"
2193,dfc18ec67ca63746a17d59d8e65fa5fddd31f51b,LH:60|RH:44|TF:0|LE:0|RE:0|MO:45|SH:0|WA:0|FT:0,3,"2026-04-27 10:49:22"
2194,"75fce64c8ea441f94b7a69a5559ef9641d9d9a44",LH:55|RH:0|TF:0|LE:0|RE:0|MO:0|SH:27|WA:0|FT:0,2,"2026-04-27 10:49:22"
2195,"06b8433f4319d8983393938964e146e0a9513bf1",LH:1|RH:86|TF:0|LE:0|RE:0|MO:0|SH:0|WA:0|FT:0,2,"2026-04-27 10:49:22"
2196,"0ffd7cee6d77cf75e2518fc995e1fd2732c8deda",LH:95|RH:56|TF:0|LE:0|RE:0|MO:0|SH:0|WA:0|FT:0,2,"2026-04-27 10:49:22"
2197,"71d3ab22bf2c31d219d6cb1322b618842e6c91fd",LH:16|RH:16|TF:0|LE:0|RE:0|MO:110|SH:0|WA:0|FT:0,3,"2026-04-27 10:49:22"
2198,"65e1f3afa80f562e0ff702c6ca1b8c957bbf12ab",LH:63|RH:63|TF:0|LE:0|RE:0|MO:64|SH:0|WA:0|FT:0,3,"2026-04-27 10:49:22"
2199,f3cb32e572287066ea3a72aaeb03c69a2f33b78d,LH:63|RH:73|TF:92|LE:0|RE:0|MO:0|SH:0|WA:0|FT:0,3,"2026-04-27 10:49:22"
2200,f68b60a5bac995e440e251a3e741535d46a03b8f,LH:63|RH:0|TF:0|LE:0|RE:0|MO:0|SH:0|WA:73|FT:73,3,"2026-04-27 10:49:22"
2201,"6eebe99545cb110c6c80534045ab8f4d8b09969d",LH:57|RH:57|TF:0|LE:0|RE:0|MO:0|SH:0|WA:73|FT:63,4,"2026-04-27 10:49:22"
2202,ac969d253427dfb859604e2848f286ce418c96aa,LH:60|RH:60|TF:0|LE:0|RE:0|MO:0|SH:0|WA:55|FT:0,3,"2026-04-27 10:49:22"
2203,ec784c46815e592aa9dd00519c19ed90b6d45873,LH:0|RH:90|TF:0|LE:0|RE:0|MO:0|SH:27|WA:0|FT:0,2,"2026-04-27 10:49:22"
2204,"330b8e51929e8fdf6f60640853d7a5ad8612aaa9",LH:0|RH:0|TF:0|LE:0|RE:0|MO:92|SH:0|WA:67|FT:0,2,"2026-04-27 10:49:22"
2205,e771f8479a1b9d89264a97b956fb77a5d8b096e2,LH:0|RH:0|TF:0|LE:0|RE:0|MO:27|SH:0|WA:0|FT:58,2,"2026-04-27 10:49:22"
2206,"36f402d9204f7cbfa951d789b3034ca0be0ef97a",LH:56|RH:56|TF:0|LE:0|RE:0|MO:27|SH:0|WA:0|FT:0,3,"2026-04-27 10:49:22"
2207,dd2a536d3551d0b732b52654863bce7ed7789e02,LH:57|RH:57|TF:0|LE:0|RE:0|MO:0|SH:0|WA:0|FT:45,3,"2026-04-27 10:49:22"
2208,"46106a60d1add084615677f7fbdd3dbbe9f39388",LH:0|RH:92|TF:0|LE:67|RE:0|MO:0|SH:0|WA:0|FT:0,2,"2026-04-27 10:49:22"
2209,bfd49b62abcc022b2164280bfeb1fa2b0cc5914c,LH:62|RH:67|TF:0|LE:0|RE:0|MO:0|SH:0|WA:0|FT:0,2,"2026-04-27 10:49:22"
2210,abcf9194bc754dc30d5257f46b12696d5c484a52,LH:2|RH:2|TF:0|LE:0|RE:67|MO:0|SH:0|WA:0|FT:0,3,"2026-04-27 10:49:22"
2211,"96e4a326d52978494744a24c5f7611aa2048220c",LH:0|RH:0|TF:0|LE:67|RE:0|MO:0|SH:67|WA:0|FT:63,3,"2026-04-27 10:49:22"
2212,"23320e47704bb94ac08b677cf79bf0dcf0022a25",LH:63|RH:63|TF:0|LE:0|RE:0|MO:41|SH:0|WA:0|FT:41,4,"2026-04-27 10:49:22"
2213,"4912e3b3f89199e4dd27ef5143573eebe59c441f",LH:56|RH:73|TF:0|LE:0|RE:0|MO:0|SH:0|WA:63|FT:0,3,"2026-04-27 10:49:22"
2214,"50b205dfa1542395d5e12fd1eb3aa6cfe55f35f0",LH:63|RH:63|TF:0|LE:0|RE:0|MO:0|SH:0|WA:73|FT:73,4,"2026-04-27 10:49:22"
2215,"525ad066bd75d229c50afdbc2608059cb493c7a5",LH:83|RH:67|TF:0|LE:0|RE:0|MO:0|SH:0|WA:0|FT:0,2,"2026-04-27 10:49:22"
2216,dc39c53358e76acca98ba98f5757682188ef9b52,LH:73|RH:73|TF:0|LE:0|RE:0|MO:0|SH:0|WA:60|FT:60,4,"2026-04-27 10:49:22"
2217,c22a5cb302216d9418caa7becc335eb3c7b51aed,LH:47|RH:67|TF:0|LE:0|RE:0|MO:0|SH:0|WA:0|FT:0,2,"2026-04-27 10:49:22"
2218,"29ad2325df957598ceaa35dae629f433c9d04154",LH:58|RH:58|TF:0|LE:0|RE:0|MO:0|SH:63|WA:63|FT:0,4,"2026-04-27 10:49:22"
2219,af2da606b8f8b5318fd79e8f7581cfcd83603ccc,LH:55|RH:55|TF:0|LE:0|RE:0|MO:0|SH:0|WA:60|FT:0,3,"2026-04-27 10:49:22"
2220,cb0862d4ef62b12618bbe20c3e84e87e8659ab70,LH:73|RH:0|TF:0|LE:0|RE:0|MO:67|SH:0|WA:0|FT:0,2,"2026-04-27 10:49:22"
2221,"88ada440dacef9cbcf11c3f12f4f5724da0773b9",LH:67|RH:67|TF:0|LE:0|RE:0|MO:0|SH:0|WA:56|FT:41,4,"2026-04-27 10:49:22"
2222,dfc225f59e0f71f367ed8b5e396b69d9fea37fd9,LH:73|RH:0|TF:0|LE:0|RE:0|MO:110|SH:0|WA:0|FT:0,2,"2026-04-27 10:49:22"
2223,fea41e625e9b5f2794e14f567f9ac3c3f0dac6fc,LH:0|RH:0|TF:0|LE:105|RE:0|MO:0|SH:0|WA:0|FT:0,1,"2026-04-27 10:49:22"
2224,f533fdd6896c45c2f156b1e511321d1a6b69289d,LH:0|RH:92|TF:0|LE:67|RE:0|MO:0|SH:67|WA:0|FT:0,3,"2026-04-27 10:49:22"
2225,"8ce96cb0c4c6c16e028fd9f99835c1e2e136ecd6",LH:67|RH:0|TF:0|LE:0|RE:0|MO:67|SH:0|WA:0|FT:0,2,"2026-04-27 10:49:22"
2226,"4373f355ccab46bc03de8189581ce57e263e6dbd",LH:0|RH:0|TF:92|LE:0|RE:0|MO:0|SH:92|WA:0|FT:63,3,"2026-04-27 10:49:22"
2227,"497537d41af30d7c7d758440870969b2a7125bc6",LH:0|RH:73|TF:0|LE:0|RE:0|MO:0|SH:27|WA:0|FT:0,2,"2026-04-27 10:49:22"
2228,"94b3e7fcd234a878b0d106e41b3eca22a86143ae",LH:56|RH:57|TF:0|LE:0|RE:0|MO:0|SH:0|WA:0|FT:0,2,"2026-04-27 10:49:22"
2229,"6f02bfb370e463c581c859011383ed1158df016a",LH:0|RH:0|TF:0|LE:0|RE:0|MO:94|SH:0|WA:94|FT:0,2,"2026-04-27 10:49:22"
2230,"98927c72f0ad6b68b013cd85b8d5e2f483edefe4",LH:94|RH:94|TF:0|LE:0|RE:0|MO:0|SH:0|WA:0|FT:0,2,"2026-04-27 10:49:22"
2231,"5381a6567d97b90893ceeb3a4973ac54bb17449d",LH:56|RH:66|TF:0|LE:0|RE:0|MO:0|SH:0|WA:0|FT:0,2,"2026-04-27 10:49:22"
2232,ce514fce498137e77b2b3a16013dae530ee66b36,LH:73|RH:73|TF:0|LE:0|RE:0|MO:0|SH:26|WA:26|FT:26,5,"2026-04-27 10:49:22"
2233,"345cd17174bc503fe5b030f3ed2248882c1b36d0",LH:60|RH:44|TF:0|LE:0|RE:0|MO:45|SH:45|WA:0|FT:0,4,"2026-04-27 10:49:22"
2234,e68327e6923e27dcbe6a0482b17b96a6c12d64ea,LH:39|RH:60|TF:0|LE:0|RE:0|MO:0|SH:0|WA:0|FT:0,2,"2026-04-27 10:49:22"
2235,"701d1bc61b1b63c273d447cf1432a23c712cdf6d",LH:58|RH:58|TF:0|LE:0|RE:0|MO:0|SH:0|WA:0|FT:60,3,"2026-04-27 10:49:22"
2236,ea715bd88a947fc8dbf89325ea955301425ad403,LH:0|RH:0|TF:0|LE:0|RE:0|MO:27|SH:0|WA:89|FT:89,3,"2026-04-27 10:49:22"
2237,"5887ba7685bc2ed8578c6f2e4aee29a602949bb1",LH:2|RH:2|TF:0|LE:0|RE:0|MO:26|SH:0|WA:0|FT:0,3,"2026-04-27 10:49:22"
2238,"557e89400604a7f05a49479a8d043e535f3d2cf8",LH:62|RH:0|TF:0|LE:0|RE:0|MO:0|SH:0|WA:63|FT:0,2,"2026-04-27 10:49:22"
2239,"2839fa5d55b209623cf4714a4de3887eaf6e638a",LH:73|RH:0|TF:0|LE:0|RE:0|MO:0|SH:0|WA:73|FT:73,3,"2026-04-27 10:49:22"
2240,bbeee1373a948c913ab05887fc35ad5729dc9b72,LH:0|RH:0|TF:0|LE:0|RE:0|MO:0|SH:67|WA:67|FT:67,3,"2026-04-27 10:49:22"
2241,bd7ee650d1c94d137f2dde49dc93fb9d686dacce,LH:39|RH:39|TF:0|LE:0|RE:0|MO:0|SH:0|WA:0|FT:41,3,"2026-04-27 10:49:22"
2242,c1031c21a7fc87814d217d554c835e3507027ff4,LH:92|RH:92|TF:0|LE:0|RE:0|MO:0|SH:0|WA:67|FT:67,4,"2026-04-27 10:49:22"
2243,"0ff73f743622962dfeed1dd666840489dc8ba811",LH:47|RH:46|TF:0|LE:0|RE:0|MO:0|SH:0|WA:0|FT:0,2,"2026-04-27 10:49:22"
2244,"1623d2a909a885d9c133203a200ffb198c1e9ca7",LH:63|RH:67|TF:0|LE:0|RE:0|MO:0|SH:0|WA:63|FT:0,3,"2026-04-27 10:49:22"
2245,"701d771353221a4523a7b23887241b2d8e4dff3c",LH:73|RH:0|TF:0|LE:0|RE:0|MO:0|SH:0|WA:60|FT:0,2,"2026-04-27 10:49:22"
2246,"0a63d218e15eaa306019de3001fca07cc8f7d055",LH:66|RH:66|TF:0|LE:0|RE:0|MO:0|SH:0|WA:56|FT:0,3,"2026-04-27 10:49:22"
2247,"9ac3f72ba957b68a39bce2039aed620aaff745a5",LH:41|RH:0|TF:0|LE:0|RE:0|MO:0|SH:0|WA:63|FT:0,2,"2026-04-27 10:49:22"
2248,"493bd3d325cdec827623c937c5a8e3360690bb3e",LH:56|RH:41|TF:0|LE:0|RE:0|MO:0|SH:27|WA:0|FT:0,3,"2026-04-27 10:49:22"
2249,"9c9290c4b8d19febcf74d5cb94e612c4aedd6996",LH:0|RH:0|TF:67|LE:67|RE:67|MO:0|SH:67|WA:0|FT:0,4,"2026-04-27 10:49:22"
2250,"5d1fa8f3b1ee8785ae76ec48021bac0c21edba6b",LH:60|RH:41|TF:0|LE:0|RE:0|MO:67|SH:0|WA:0|FT:0,3,"2026-04-27 10:49:22"
2251,c190deffcb24e36d89625a10d57a94b166454557,LH:47|RH:47|TF:0|LE:0|RE:0|MO:0|SH:27|WA:0|FT:0,3,"2026-04-27 10:49:22"
2252,b43de9454b58451403ba7a2ca4bde3097f2f989a,LH:2|RH:2|TF:0|LE:0|RE:0|MO:0|SH:67|WA:67|FT:0,4,"2026-04-27 10:49:22"
2253,a21362b368bca9824a40d5ff5b5261ff7427fa28,LH:67|RH:36|TF:0|LE:0|RE:0|MO:0|SH:0|WA:0|FT:0,2,"2026-04-27 10:49:22"
2254,"5ac41e5e7e6d8e5e485a1d0f7aff4680a32a3b00",LH:0|RH:45|TF:0|LE:0|RE:0|MO:0|SH:27|WA:0|FT:0,2,"2026-04-27 10:49:22"
2255,"5ae5163917a5e8a16d34a4065db726db27faac97",LH:0|RH:0|TF:0|LE:0|RE:0|MO:63|SH:63|WA:0|FT:0,2,"2026-04-27 10:49:22"
2256,e10980929ef66f0675478c1c94cd9e3e8c7c3c69,LH:0|RH:0|TF:0|LE:0|RE:0|MO:41|SH:0|WA:41|FT:0,2,"2026-04-27 10:49:22"
2257,"971718e672addf9885ca9c8988ad45271839fec1",LH:67|RH:67|TF:0|LE:0|RE:0|MO:0|SH:0|WA:67|FT:0,3,"2026-04-27 10:49:22"
2258,"07e08f816a683979c52fac133a431c44445e9f15",LH:73|RH:63|TF:0|LE:0|RE:0|MO:0|SH:27|WA:0|FT:0,3,"2026-04-27 10:49:22"
2259,"355c8d98cecee5772d7bc84cea8d0be2f38d99ed",LH:41|RH:41|TF:0|LE:0|RE:0|MO:0|SH:27|WA:63|FT:0,4,"2026-04-27 10:49:22"
2260,"545ec5937ac01fef83f211c41cbc4e107aec9e81",LH:16|RH:16|TF:0|LE:0|RE:0|MO:0|SH:0|WA:60|FT:0,3,"2026-04-27 10:49:22"
2261,eba84e5e30b364a2fab269ed95b06049959a2abf,LH:67|RH:0|TF:0|LE:0|RE:0|MO:73|SH:0|WA:0|FT:0,2,"2026-04-27 10:49:22"
2262,d9b96f801465c784eb7bf93d810853cead630072,LH:41|RH:41|TF:0|LE:0|RE:0|MO:0|SH:0|WA:0|FT:26,3,"2026-04-27 10:49:22"
2263,"5e52e5690cb5005fc8245575bce73906d6b0b42a",LH:82|RH:0|TF:0|LE:0|RE:0|MO:0|SH:0|WA:0|FT:0,1,"2026-04-27 10:49:22"
2264,"85f840221ab984e6b042bdd02c3d4fdec7a76236",LH:57|RH:57|TF:0|LE:0|RE:0|MO:0|SH:41|WA:0|FT:0,3,"2026-04-27 10:49:22"
2265,"2b08223e5dab7b883479fb5ce960fc7150e3a079",LH:57|RH:57|TF:0|LE:0|RE:0|MO:0|SH:67|WA:67|FT:0,4,"2026-04-27 10:49:22"
2266,c62e6a8959167b0af350b57337798e32fd48b7be,LH:67|RH:67|TF:0|LE:0|RE:0|MO:0|SH:0|WA:0|FT:73,3,"2026-04-27 10:49:22"
2267,c7ef6de407ced970d31ccac5893934a552a59b3d,LH:66|RH:62|TF:0|LE:0|RE:0|MO:0|SH:0|WA:0|FT:0,2,"2026-04-27 10:49:22"
2268,"43b46ebf5e95b5d988a72aa542874d87c4c5c026",LH:40|RH:67|TF:0|LE:0|RE:0|MO:0|SH:0|WA:0|FT:0,2,"2026-04-27 10:49:22"
2269,"32828512e066266c5cc7b8100273d28f646c6d51",LH:39|RH:40|TF:0|LE:0|RE:0|MO:0|SH:0|WA:0|FT:0,2,"2026-04-27 10:49:22"
2270,"1bcaa526c2a00656a1f995e3eac55b4b74473e32",LH:0|RH:86|TF:0|LE:0|RE:0|MO:0|SH:0|WA:0|FT:86,2,"2026-04-27 10:49:22"
2271,"303065ff9bebacdb6fdf88ec242aee0a60cbe616",LH:0|RH:63|TF:0|LE:0|RE:0|MO:110|SH:0|WA:0|FT:0,2,"2026-04-27 10:49:22"
2272,"178f0d1e6e79588afc948f7046cf1eb04a34d40e",LH:79|RH:110|TF:0|LE:0|RE:0|MO:0|SH:0|WA:0|FT:0,2,"2026-04-27 10:49:22"
2273,cf59c5c3ed475240aa9e6fa6ad864f7f1a2dade3,LH:60|RH:57|TF:0|LE:0|RE:0|MO:0|SH:0|WA:0|FT:0,2,"2026-04-27 10:49:22"
2274,af713aa38b860cebf45d43eff85bbbb891edb212,LH:86|RH:86|TF:0|LE:0|RE:0|MO:0|SH:0|WA:0|FT:86,3,"2026-04-27 10:49:22"
2275,"4ef16559adcfef7729a58658a9101a8d12c21b7c",LH:0|RH:63|TF:0|LE:0|RE:0|MO:0|SH:0|WA:63|FT:0,2,"2026-04-27 10:49:22"
2276,"13863d9f8dc019ced1f19ecd57c2f0ce7aee77d8",LH:0|RH:0|TF:0|LE:0|RE:0|MO:67|SH:0|WA:67|FT:73,3,"2026-04-27 10:49:22"
2277,"69f8795210fa047f8eebffd4fc39c1124c97cb76",LH:73|RH:63|TF:0|LE:0|RE:0|MO:0|SH:0|WA:73|FT:73,4,"2026-04-27 10:49:22"
2278,"95e83dce77eca4d868ca2c46f1a514fbd338d5df",LH:41|RH:41|TF:0|LE:0|RE:0|MO:0|SH:0|WA:0|FT:56,3,"2026-04-27 10:49:22"
2279,ee7412b92f7a3e79482b258ffbd7c2f3b1c013ba,LH:0|RH:90|TF:0|LE:0|RE:0|MO:27|SH:0|WA:0|FT:0,2,"2026-04-27 10:49:22"
2280,"7a94bbce108a9185df8446ac697926c197cbbb70",LH:0|RH:0|TF:0|LE:100|RE:100|MO:0|SH:100|WA:100|FT:100,5,"2026-04-27 10:49:22"
2281,"857c9f60469a5356e15e49d043e8f3f19d6e2d12",LH:67|RH:73|TF:0|LE:0|RE:0|MO:0|SH:27|WA:0|FT:0,3,"2026-04-27 10:49:22"
2282,fa81b86b8497969ba2445dd0d5502e5f57e61aec,LH:40|RH:0|TF:0|LE:0|RE:0|MO:0|SH:27|WA:0|FT:0,2,"2026-04-27 10:49:22"
2283,"2cf49b6cda9f8807423d50b3a89be4fc1e7487d3",LH:56|RH:56|TF:0|LE:0|RE:0|MO:0|SH:27|WA:63|FT:0,4,"2026-04-27 10:49:22"
2284,"04324932ff6d5b5348b1875cda78e6066ddda0f0",LH:0|RH:0|TF:0|LE:0|RE:0|MO:0|SH:27|WA:0|FT:41,2,"2026-04-27 10:49:22"
2285,"67c869b7d9ae1067f08fa3b751560b02d909457b",LH:0|RH:57|TF:0|LE:0|RE:0|MO:0|SH:0|WA:0|FT:63,2,"2026-04-27 10:49:22"
2286,e3239d896b3a1b126c59a0f503b6471b23f2774e,LH:63|RH:60|TF:0|LE:0|RE:0|MO:0|SH:27|WA:0|FT:0,3,"2026-04-27 10:49:22"
2287,"661722f079cadef416a5da69c764b19a86fac531",LH:73|RH:95|TF:0|LE:0|RE:0|MO:0|SH:0|WA:0|FT:0,2,"2026-04-27 10:49:22"
2288,"0c550dfd453858feea4737c6b1fc8d757a0db1aa",LH:57|RH:57|TF:0|LE:0|RE:0|MO:73|SH:0|WA:0|FT:73,4,"2026-04-27 10:49:22"
2289,c1717e9d5c9ba2e2725a43eee8c9c8214367c1f7,LH:57|RH:45|TF:0|LE:0|RE:0|MO:0|SH:0|WA:0|FT:0,2,"2026-04-27 10:49:22"
2290,"986d334112c7e4da200317c8cc0681e01c793d7d",LH:0|RH:0|TF:0|LE:0|RE:0|MO:0|SH:0|WA:92|FT:0,1,"2026-04-27 10:49:22"
2291,"3abcb684ec3847fa9bfd4d16fafd06064b5723fa",LH:86|RH:29|TF:0|LE:0|RE:0|MO:0|SH:0|WA:0|FT:0,2,"2026-04-27 10:49:22"
2292,"55931b2b46f4f06eb7e40e27fcea2976e19bb21c",LH:57|RH:57|TF:92|LE:92|RE:92|MO:0|SH:63|WA:63|FT:63,8,"2026-04-27 10:49:22"
2293,afb239077eff8691345dc38bfa4bce18ca2b3fd0,LH:0|RH:63|TF:0|LE:0|RE:0|MO:0|SH:0|WA:73|FT:0,2,"2026-04-27 10:49:22"
2294,"4e6991e89b61740cf92c4a6970406508fb1d620f",LH:27|RH:27|TF:0|LE:0|RE:0|MO:0|SH:0|WA:0|FT:0,2,"2026-04-27 10:49:22"
2295,"09bf6e4727223d130ea52cdc9a66aec298ddedb2",LH:60|RH:60|TF:0|LE:0|RE:0|MO:73|SH:0|WA:63|FT:0,4,"2026-04-27 10:49:22"
2296,"77aebe0bed30141348602e73d69a5e8a8c01074e",LH:0|RH:0|TF:0|LE:101|RE:0|MO:0|SH:0|WA:101|FT:101,3,"2026-04-27 10:49:22"
2297,"39ba16117d5bbf712bd0d091e64e1b3323d8d760",LH:43|RH:43|TF:0|LE:0|RE:0|MO:51|SH:0|WA:0|FT:0,3,"2026-04-27 10:49:22"
2298,"93e65ebade6f4e9c52866e21211d3c0b6c98cad5",LH:0|RH:67|TF:0|LE:0|RE:0|MO:90|SH:0|WA:90|FT:0,3,"2026-04-27 10:49:22"
2299,c614d67ff547a38e915ca3054c9124fe04dde4ac,LH:90|RH:0|TF:0|LE:0|RE:0|MO:27|SH:0|WA:89|FT:0,3,"2026-04-27 10:49:22"
2300,"8770bad51492a4c7f1472ac65fffb97d38744d40",LH:56|RH:95|TF:0|LE:0|RE:0|MO:0|SH:0|WA:0|FT:0,2,"2026-04-27 10:49:22"
2301,"1cf541c3df30915dee09cef8dda65c2ce3edddb6",LH:63|RH:0|TF:0|LE:0|RE:67|MO:0|SH:67|WA:0|FT:0,3,"2026-04-27 10:49:22"
2302,"72136a8f664f8886559d4125e63fabe3fae411d0",LH:63|RH:27|TF:0|LE:0|RE:0|MO:0|SH:0|WA:0|FT:0,2,"2026-04-27 10:49:22"
2303,"8bde669c104149a829695d0554511f931a6662ff",LH:73|RH:0|TF:0|LE:0|RE:0|MO:0|SH:0|WA:63|FT:0,2,"2026-04-27 10:49:22"
2304,"0ba790cb0f9fd6faf03379f0ddf5aba97d3c258c",LH:79|RH:79|TF:0|LE:0|RE:0|MO:79|SH:0|WA:0|FT:0,3,"2026-04-27 10:49:22"
2305,f4730317c3d0f22a19a2f8dc9fe91dbe6293337c,LH:16|RH:16|TF:0|LE:0|RE:0|MO:0|SH:0|WA:57|FT:57,4,"2026-04-27 10:49:22"
2306,b828466f3fe06a36ef6ce2a1061a222883a76b6d,LH:63|RH:63|TF:0|LE:0|RE:0|MO:0|SH:0|WA:57|FT:57,4,"2026-04-27 10:49:22"
2307,df5be8787ec3e8b7d7d58c2c20f011966b6818c5,LH:0|RH:0|TF:0|LE:0|RE:0|MO:0|SH:0|WA:90|FT:90,2,"2026-04-27 10:49:22"
2308,"989bbecdc1e1cd66adb960b2907192078a65117e",LH:28|RH:28|TF:0|LE:0|RE:0|MO:0|SH:0|WA:28|FT:0,3,"2026-04-27 10:49:22"
2309,a1e9fba37ce393e1ab7375e325b127d30029bb01,LH:41|RH:0|TF:0|LE:0|RE:0|MO:0|SH:0|WA:0|FT:41,2,"2026-04-27 10:49:22"
2310,"6dca3c2c3586160d01c4297d48c2dd314ef87a93",LH:100|RH:0|TF:0|LE:0|RE:0|MO:0|SH:0|WA:0|FT:0,1,"2026-04-27 10:49:22"
2311,c4c021fe7a7d3249b9bb9b9dccdc277dbf98a10c,LH:58|RH:44|TF:0|LE:0|RE:0|MO:0|SH:0|WA:0|FT:0,2,"2026-04-27 10:49:22"
2312,"8d69339dec8d614305ae466b4a6f2e05804bcd29",LH:73|RH:73|TF:0|LE:0|RE:0|MO:0|SH:0|WA:0|FT:41,3,"2026-04-27 10:49:22"
2313,"0a59ef9edf42476ff06e1fdc1244491384451abe",LH:0|RH:73|TF:0|LE:0|RE:0|MO:0|SH:0|WA:26|FT:0,2,"2026-04-27 10:49:22"
2314,"8d61d89c31d8f94cefb31056dc998c068e82ff10",LH:56|RH:81|TF:0|LE:0|RE:0|MO:0|SH:0|WA:0|FT:0,2,"2026-04-27 10:49:22"
2315,"8abcc71cd1d2b101a0e62fb0f24dfb7c6ebbd148",LH:57|RH:57|TF:0|LE:0|RE:0|MO:79|SH:0|WA:0|FT:0,3,"2026-04-27 10:49:22"
2316,e3ebabdcd4605210221cc422221400ac6c048947,LH:63|RH:63|TF:0|LE:0|RE:0|MO:0|SH:0|WA:95|FT:0,3,"2026-04-27 10:49:22"
2317,"8bddb084fd39437bebdc046c9ab2292fc892c337",LH:89|RH:90|TF:0|LE:0|RE:0|MO:0|SH:0|WA:0|FT:0,2,"2026-04-27 10:49:22"
2318,"54f178c54ddf11eeed7e831971e394cda458b0c5",LH:0|RH:0|TF:0|LE:97|RE:97|MO:97|SH:97|WA:97|FT:97,6,"2026-04-27 10:49:22"
2319,"80d9ecc32e3b5b8a857a968d0d2ec24044846e97",LH:0|RH:0|TF:0|LE:116|RE:116|MO:0|SH:0|WA:0|FT:0,2,"2026-04-27 10:49:22"
2320,"3a4f9c19e23d362d4877e080b655f9fc4f717d54",LH:0|RH:0|TF:0|LE:0|RE:0|MO:27|SH:0|WA:0|FT:66,2,"2026-04-27 10:49:22"
2321,d7d60d06a714119ad0599372bd82cf8f6f28a853,LH:67|RH:67|TF:0|LE:0|RE:0|MO:0|SH:0|WA:0|FT:59,3,"2026-04-27 10:49:22"
2322,c684a1decf7e6c22c596ca8bf648ca4dad5e9bed,LH:0|RH:42|TF:0|LE:0|RE:0|MO:45|SH:0|WA:0|FT:0,2,"2026-04-27 10:49:22"
2323,"2dc19ea836ab570995f2b33c9ba6bca3bfacd94f",LH:0|RH:67|TF:0|LE:0|RE:0|MO:0|SH:0|WA:57|FT:0,2,"2026-04-27 10:49:22"
2324,"35ee1e0f1e259ccd38c1fa608b5fecbeeb9c5501",LH:60|RH:60|TF:0|LE:0|RE:0|MO:0|SH:0|WA:0|FT:67,3,"2026-04-27 10:49:22"
2325,c019caece9317567d852720276bd1fcc7537a106,LH:92|RH:92|TF:0|LE:0|RE:0|MO:0|SH:63|WA:63|FT:0,4,"2026-04-27 10:49:22"
2326,cd346c7f4581c64bb5fe7dd15b4f45c53177b3ee,LH:73|RH:73|TF:0|LE:0|RE:0|MO:67|SH:67|WA:0|FT:0,4,"2026-04-27 10:49:22"
2327,c0b8baf2711da5e8fb73d0910c568349bc65b9da,LH:0|RH:0|TF:0|LE:63|RE:0|MO:0|SH:0|WA:63|FT:0,2,"2026-04-27 10:49:22"
2328,"721d49e5eb4e5a96d88c43d1e7d4cae3d22f0e55",LH:73|RH:0|TF:0|LE:0|RE:0|MO:0|SH:0|WA:56|FT:0,2,"2026-04-27 10:49:22"
2329,"81e9ca0a10d641eac9e1f447ba0df5fb05c985e8",LH:63|RH:0|TF:0|LE:0|RE:0|MO:0|SH:0|WA:67|FT:67,3,"2026-04-27 10:49:22"
2330,"7ba75b683806396146368cf285401551fb62507a",LH:73|RH:57|TF:0|LE:0|RE:0|MO:0|SH:0|WA:0|FT:0,2,"2026-04-27 10:49:22"
2331,e8e87c62bba4d32dc371872ec1fe829cae7e720d,LH:73|RH:63|TF:92|LE:0|RE:0|MO:0|SH:0|WA:0|FT:0,3,"2026-04-27 10:49:22"
2332,"691f6d35b68e6e50743d147f083f7d8308191e92",LH:67|RH:63|TF:0|LE:0|RE:0|MO:41|SH:0|WA:0|FT:0,3,"2026-04-27 10:49:22"
2333,"89761bf6f00ecd5c79e5b33f784d85ed2c28da4f",LH:73|RH:73|TF:0|LE:0|RE:0|MO:92|SH:0|WA:0|FT:0,3,"2026-04-27 10:49:22"
2334,b560345572fd24bffcb5ad84d23f1198167807ad,LH:57|RH:56|TF:0|LE:0|RE:0|MO:0|SH:0|WA:0|FT:0,2,"2026-04-27 10:49:22"
2335,d365344245cb0c0697d28ae01eacddc368288116,LH:57|RH:57|TF:0|LE:0|RE:0|MO:73|SH:0|WA:63|FT:0,4,"2026-04-27 10:49:22"
2336,c35401f9040e315ad5da5283d95773f338f68f99,LH:67|RH:74|TF:0|LE:0|RE:0|MO:0|SH:0|WA:0|FT:0,2,"2026-04-27 10:49:22"
2337,"10dfd9568f2975f709f85e46480f539a4dd00782",LH:90|RH:67|TF:0|LE:0|RE:0|MO:0|SH:0|WA:0|FT:0,2,"2026-04-27 10:49:22"
2338,ac8bad4ad195f9602e6e337cf3e2c9ee063367fe,LH:16|RH:16|TF:0|LE:0|RE:0|MO:0|SH:0|WA:59|FT:59,4,"2026-04-27 10:49:22"
2339,"67cda2c26184fff30053d2e3940aed2f2dffdcd7",LH:63|RH:0|TF:0|LE:0|RE:0|MO:67|SH:0|WA:0|FT:0,2,"2026-04-27 10:49:22"
2340,"606169560f53b9f5b04af8de22966bd46dbe327a",LH:0|RH:0|TF:0|LE:0|RE:0|MO:97|SH:97|WA:97|FT:0,3,"2026-04-27 10:49:22"
2341,"6958400e6b8ba3d6b9a32c562676dec71c1a4fbc",LH:0|RH:82|TF:0|LE:0|RE:0|MO:0|SH:0|WA:0|FT:0,1,"2026-04-27 10:49:22"
2342,d4e97f01a8376c187bf7749ded36143d1384cc8b,LH:0|RH:0|TF:0|LE:0|RE:0|MO:27|SH:0|WA:90|FT:90,3,"2026-04-27 10:49:22"
2343,f62632ffdd371d1105ff8d854b71a3f6b3e0bd78,LH:92|RH:92|TF:0|LE:0|RE:67|MO:0|SH:0|WA:0|FT:0,3,"2026-04-27 10:49:22"
2344,b4b7059eaa12d8c25747a0334e4e5ea0c3cde4f5,LH:41|RH:49|TF:0|LE:0|RE:0|MO:0|SH:0|WA:0|FT:0,2,"2026-04-27 10:49:22"
2345,ebf3dd7c1ddc3cfaf2f601b867a13795fe98d329,LH:0|RH:0|TF:114|LE:114|RE:114|MO:0|SH:0|WA:0|FT:0,3,"2026-04-27 10:49:22"
2346,"2f4db3aae2ad2148c2005bac69adc28b1ae75456",LH:0|RH:39|TF:0|LE:0|RE:0|MO:110|SH:0|WA:0|FT:0,2,"2026-04-27 10:49:22"
2347,"43374a7d853ab502536dfcd0c19caec4cfdcff4d",LH:67|RH:0|TF:0|LE:0|RE:0|MO:0|SH:0|WA:60|FT:60,3,"2026-04-27 10:49:22"
2348,"8acd6df14959ecee2f988cca77a94ba06352eff3",LH:56|RH:41|TF:0|LE:0|RE:0|MO:0|SH:0|WA:63|FT:0,3,"2026-04-27 10:49:22"
2349,ad5e447558c3475ba87d4dce25aa076cbb675920,LH:41|RH:41|TF:0|LE:0|RE:0|MO:55|SH:0|WA:0|FT:0,3,"2026-04-27 10:49:22"
2350,f2158664b681e3a1ac61c6bbd3a02982f922080e,LH:63|RH:63|TF:0|LE:0|RE:0|MO:0|SH:0|WA:0|FT:95,3,"2026-04-27 10:49:22"
2351,"6b8d13633be194c8dc266ddad72e1a974b1d227c",LH:60|RH:95|TF:0|LE:0|RE:0|MO:0|SH:0|WA:0|FT:0,2,"2026-04-27 10:49:22"
2352,"6822a6822ab6f34762a1efd006fd289b60e7f2f9",LH:45|RH:45|TF:0|LE:0|RE:0|MO:50|SH:0|WA:0|FT:0,3,"2026-04-27 10:49:22"
2353,"20d9704db33e9104640e1021d4ab1129d9337690",LH:0|RH:26|TF:0|LE:0|RE:0|MO:0|SH:0|WA:0|FT:26,2,"2026-04-27 10:49:22"
2354,"71c24bc59f19f4506303fbb2962b9e301b4311a1",LH:45|RH:45|TF:0|LE:0|RE:0|MO:0|SH:0|WA:56|FT:0,3,"2026-04-27 10:49:22"
2355,"2d9713318c54ed45a73726de86eee94da510dd5f",LH:2|RH:2|TF:0|LE:0|RE:0|MO:0|SH:0|WA:0|FT:26,3,"2026-04-27 10:49:22"
2356,"1ea8f1241acd76205464ba56250e05b7ecde5881",LH:26|RH:26|TF:0|LE:0|RE:0|MO:0|SH:0|WA:83|FT:0,3,"2026-04-27 10:49:22"
2357,c720daa436878540d6a5967affeb3f7032173b37,LH:67|RH:67|TF:0|LE:0|RE:0|MO:0|SH:0|WA:60|FT:41,4,"2026-04-27 10:49:22"
2358,"21e0c6f87102d0a4dbadfb1f70c45df25720afbe",LH:40|RH:40|TF:0|LE:0|RE:0|MO:0|SH:0|WA:56|FT:0,3,"2026-04-27 10:49:22"
2359,"83b13a0aad9543cc7355acf7c59dc1af82bd398a",LH:46|RH:67|TF:0|LE:0|RE:0|MO:0|SH:0|WA:0|FT:0,2,"2026-04-27 10:49:22"
2360,dc379ef7c17a3be46654cb2889ec2934a0b2255f,LH:26|RH:67|TF:0|LE:0|RE:0|MO:0|SH:27|WA:0|FT:0,3,"2026-04-27 10:49:22"
2361,"898e16742fbaa05c670c8a6fedcbce1ce3cc89c8",LH:63|RH:63|TF:0|LE:0|RE:0|MO:67|SH:0|WA:0|FT:67,4,"2026-04-27 10:49:22"
2362,c49ab9a13b125feb759db3476d6ddb38404057a1,LH:0|RH:41|TF:0|LE:0|RE:0|MO:0|SH:63|WA:63|FT:0,3,"2026-04-27 10:49:22"
2363,c4a238c0039a3867faa3e60c40db2184c1d368f7,LH:48|RH:45|TF:0|LE:0|RE:0|MO:0|SH:0|WA:0|FT:0,2,"2026-04-27 10:49:22"
2364,f9c8950be0b741fa218bb831a119eff0d69271dc,LH:0|RH:0|TF:0|LE:0|RE:41|MO:0|SH:0|WA:0|FT:0,1,"2026-04-27 10:49:22"
2365,dd8af67fd5a2235ed697bda4eedd1d4a9894a24d,LH:47|RH:45|TF:0|LE:0|RE:0|MO:0|SH:0|WA:0|FT:0,2,"2026-04-27 10:49:22"
2366,e18c21e53bd0af9d70ee9fa6b7156e38ad0b3c1f,LH:0|RH:41|TF:0|LE:0|RE:0|MO:0|SH:0|WA:0|FT:58,2,"2026-04-27 10:49:22"
2367,d53123792b654077fdd88bec6b942dad82704f0b,LH:63|RH:67|TF:0|LE:0|RE:0|MO:0|SH:0|WA:56|FT:56,4,"2026-04-27 10:49:22"
2368,"72f38d3ed6ab8e77e64af324f8dc942cb1515f24",LH:16|RH:16|TF:0|LE:0|RE:0|MO:0|SH:0|WA:56|FT:56,4,"2026-04-27 10:49:22"
2369,"92d57fa0ba16944f6a75d2d0606950963f8f74d0",LH:59|RH:59|TF:0|LE:0|RE:0|MO:79|SH:0|WA:0|FT:0,3,"2026-04-27 10:49:22"
2370,fb735d9edb6401bff151e4ea6c2584d15491aec6,LH:57|RH:57|TF:0|LE:0|RE:0|MO:0|SH:0|WA:56|FT:56,4,"2026-04-27 10:49:22"
2371,"45d66eea1fcf311a46297e2597304513e3cd86cc",LH:58|RH:74|TF:0|LE:0|RE:0|MO:0|SH:0|WA:0|FT:0,2,"2026-04-27 10:49:22"
2372,"1d8140de6b51793af89e555aa38d1e342857d336",LH:57|RH:57|TF:0|LE:0|RE:0|MO:92|SH:0|WA:0|FT:0,3,"2026-04-27 10:49:22"
2373,e94e947157ee882ad33b4f7a820ca7c8869c6656,LH:0|RH:67|TF:0|LE:0|RE:0|MO:0|SH:26|WA:26|FT:26,4,"2026-04-27 10:49:22"
2374,"817e9f1c91ce8b8e8fcfb274384276178e623685",LH:0|RH:0|TF:92|LE:92|RE:92|MO:0|SH:92|WA:0|FT:63,5,"2026-04-27 10:49:22"
2375,"1b94bf8850b582dc2905fc57f3dc99c6301aeb09",LH:41|RH:0|TF:0|LE:0|RE:0|MO:0|SH:63|WA:63|FT:0,3,"2026-04-27 10:49:22"
2376,d53c577f95528cebd526904dec262de6b8fa0acc,LH:41|RH:63|TF:0|LE:0|RE:0|MO:0|SH:0|WA:56|FT:56,4,"2026-04-27 10:49:22"
2377,"4fb8a9e8f17a5aa1e2149b19743025107e5d092a",LH:56|RH:60|TF:0|LE:0|RE:0|MO:41|SH:0|WA:0|FT:0,3,"2026-04-27 10:49:22"
2378,c6f0183295a3035c4b7f8e2205e139f21e83b9ee,LH:39|RH:43|TF:0|LE:0|RE:0|MO:0|SH:0|WA:0|FT:0,2,"2026-04-27 10:49:22"
2379,"69d86d7b551b3985155fa176aa194de3eb755a8b",LH:0|RH:0|TF:0|LE:0|RE:0|MO:0|SH:101|WA:101|FT:0,2,"2026-04-27 10:49:22"
2380,e49f2255308803553f2c8b605dbbe791a69e0043,LH:60|RH:63|TF:0|LE:0|RE:0|MO:0|SH:0|WA:0|FT:41,3,"2026-04-27 10:49:22"
2381,"907ecebcc98c90faa55e5f069fdf9b0df3292817",LH:63|RH:41|TF:0|LE:0|RE:0|MO:67|SH:0|WA:0|FT:0,3,"2026-04-27 10:49:22"
2382,dee7f2177322e8668fb77aedf5801bcb3a77a3bb,LH:56|RH:56|TF:0|LE:0|RE:0|MO:0|SH:0|WA:0|FT:73,3,"2026-04-27 10:49:22"
2383,"2102e9ecb72942879b76b77b979cf7b20668ad6b",LH:86|RH:86|TF:0|LE:0|RE:0|MO:0|SH:0|WA:86|FT:0,3,"2026-04-27 10:49:22"
2384,"51a699bc7661af046f07202b8619b757eb0dde01",LH:48|RH:67|TF:0|LE:0|RE:0|MO:0|SH:0|WA:0|FT:0,2,"2026-04-27 10:49:22"
2385,de234e0e662accb39ff2100cc8fbbab4bb7fb16a,LH:92|RH:92|TF:0|LE:0|RE:0|MO:0|SH:0|WA:57|FT:0,3,"2026-04-27 10:49:22"
2386,"79862366423adeebbb540573f2d6d9649c069bf6",LH:67|RH:63|TF:0|LE:0|RE:0|MO:0|SH:0|WA:63|FT:0,3,"2026-04-27 10:49:22"
2387,"2d3142676c73485c4ac3a1764e08a0de30702e3a",LH:57|RH:57|TF:0|LE:0|RE:0|MO:0|SH:0|WA:67|FT:63,4,"2026-04-27 10:49:22"
2388,"78967f13d8f0e3c83c8b436a7f7e06c4474ef8ec",LH:0|RH:92|TF:0|LE:0|RE:0|MO:27|SH:0|WA:0|FT:0,2,"2026-04-27 10:49:22"
2389,"5812e4db6df6ca4a5fbdeca52f01965f9d37e4e8",LH:57|RH:92|TF:0|LE:0|RE:0|MO:0|SH:0|WA:0|FT:0,2,"2026-04-27 10:49:22"
2390,"6cbd222ea8f1fe3f3384d4d77001f86a2c9e15d1",LH:0|RH:92|TF:0|LE:0|RE:0|MO:0|SH:0|WA:57|FT:57,3,"2026-04-27 10:49:22"
2391,e79154e5ad47e2a26ea722e5e222e91cb9a4bcee,LH:0|RH:0|TF:0|LE:0|RE:0|MO:0|SH:0|WA:107|FT:0,1,"2026-04-27 10:49:22"
2392,"5b9e44e0662000426f990964e99d1379fc3b5e5d",LH:47|RH:47|TF:0|LE:0|RE:0|MO:47|SH:47|WA:0|FT:0,4,"2026-04-27 10:49:22"
2393,bdfbacdd50d0543b7ba0adabd0cc3d130ef740dd,LH:0|RH:0|TF:0|LE:0|RE:0|MO:0|SH:0|WA:89|FT:89,2,"2026-04-27 10:49:22"
2394,"5902452900cfd5580548cc770d8a5cba97ff0e71",LH:0|RH:0|TF:0|LE:0|RE:0|MO:0|SH:90|WA:90|FT:0,2,"2026-04-27 10:49:22"
2395,"77996b3be5b2e07d56ecfc5a7e2500af0bfd3cf1",LH:0|RH:0|TF:0|LE:0|RE:0|MO:90|SH:0|WA:89|FT:90,3,"2026-04-27 10:49:22"
2396,"531e0984c7f0c2bcf5aee270068cc07f65d60abd",LH:73|RH:67|TF:0|LE:0|RE:0|MO:0|SH:0|WA:56|FT:0,3,"2026-04-27 10:49:22"
2397,"13a02445af14040344c100b740a43454d46a72cd",LH:0|RH:60|TF:0|LE:0|RE:0|MO:0|SH:0|WA:0|FT:56,2,"2026-04-27 10:49:22"
2398,c33c2dce576bb3d8d9db5b0ddd224882a973d4bd,LH:60|RH:49|TF:0|LE:0|RE:0|MO:0|SH:0|WA:0|FT:0,2,"2026-04-27 10:49:22"
2399,"9e004b3fe77c4c11f8ccf5703e8b4fb02019a305",LH:60|RH:47|TF:0|LE:0|RE:0|MO:0|SH:0|WA:0|FT:0,2,"2026-04-27 10:49:22"
2400,f4135a65aedc7abcfc45bd1b6a6f8f8d1d6fb407,LH:0|RH:0|TF:0|LE:0|RE:0|MO:89|SH:0|WA:0|FT:0,1,"2026-04-27 10:49:22"
2401,"8a073f2eb2936f485d81e105f5ad4b6627ae9836",LH:63|RH:67|TF:0|LE:0|RE:0|MO:41|SH:0|WA:0|FT:0,3,"2026-04-27 10:49:22"
2402,"23334efa218fb0f40f1ebc33d8d5789111ab62ca",LH:50|RH:47|TF:0|LE:0|RE:0|MO:0|SH:0|WA:0|FT:0,2,"2026-04-27 10:49:22"
2403,a8a0e96e0327082c7334a56d4007629b21d01a17,LH:60|RH:41|TF:0|LE:0|RE:0|MO:0|SH:63|WA:63|FT:63,5,"2026-04-27 10:49:22"
2404,d139ce23a5c95c31a7e1233aacf4facc96b995b3,LH:0|RH:0|TF:0|LE:0|RE:0|MO:90|SH:0|WA:89|FT:89,3,"2026-04-27 10:49:22"
2405,e4fb1da900dbe288f20eb0f1db1c7ae769f61907,LH:73|RH:73|TF:0|LE:0|RE:0|MO:0|SH:0|WA:0|FT:73,3,"2026-04-27 10:49:22"
2406,"1f4d0ef35373fd91c32964a1633b49e177ff6f1e",LH:0|RH:63|TF:0|LE:67|RE:0|MO:0|SH:0|WA:0|FT:0,2,"2026-04-27 10:49:22"
2407,"4c105eff9fcb27dea3c0d34c030442eb927a0661",LH:65|RH:41|TF:0|LE:0|RE:0|MO:0|SH:0|WA:0|FT:0,2,"2026-04-27 10:49:22"
2408,f5150d64aab706dc5b7b866a82fef9e27dd65052,LH:0|RH:0|TF:0|LE:0|RE:0|MO:90|SH:0|WA:89|FT:0,2,"2026-04-27 10:49:22"
2409,dbfd28ad03780950b3fab0a31085020491a8d28b,LH:67|RH:47|TF:0|LE:0|RE:0|MO:0|SH:0|WA:0|FT:0,2,"2026-04-27 10:49:22"
2410,a8f55014fd24674c5008e020edcd93d896241fc7,LH:0|RH:0|TF:92|LE:92|RE:92|MO:0|SH:92|WA:67|FT:67,6,"2026-04-27 10:49:22"
2411,"49d6bb101a85f22a25c63682138b5bd0250e4805",LH:63|RH:44|TF:0|LE:0|RE:0|MO:0|SH:0|WA:0|FT:0,2,"2026-04-27 10:49:22"
2412,"7b402aa52a15731f0b16c902bd3a73d73f267e39",LH:67|RH:27|TF:0|LE:0|RE:0|MO:0|SH:0|WA:0|FT:0,2,"2026-04-27 10:49:22"
2413,"6a41c48a3c6c0d7f89ef8feb08d30607569405f2",LH:60|RH:60|TF:0|LE:0|RE:0|MO:0|SH:0|WA:73|FT:0,3,"2026-04-27 10:49:22"
2414,b9afb1ce664033829ca7c66501319a9d3ce0209c,LH:73|RH:73|TF:0|LE:0|RE:0|MO:73|SH:73|WA:73|FT:73,6,"2026-04-27 10:49:22"
2415,"052f289772ff3b9ac2e8e61ffbdaf4d52ceb9625",LH:73|RH:67|TF:0|LE:0|RE:0|MO:0|SH:0|WA:26|FT:0,3,"2026-04-27 10:49:22"
2416,"7563c4e682ffe880bef48c229a23e5565e62e274",LH:0|RH:56|TF:0|LE:0|RE:0|MO:0|SH:0|WA:0|FT:60,2,"2026-04-27 10:49:22"
2417,bce8766550c90d1927f2f170f21a6b2901d42731,LH:95|RH:63|TF:0|LE:0|RE:0|MO:67|SH:0|WA:0|FT:0,3,"2026-04-27 10:49:22"
2418,"6dcdcc37f88fd6d24fb1766b7ea7e56bad974ac4",LH:26|RH:26|TF:0|LE:0|RE:0|MO:67|SH:0|WA:67|FT:0,4,"2026-04-27 10:49:22"
2419,f23e5a943143c341d7a57073bc3c68c0f9891845,LH:63|RH:73|TF:0|LE:0|RE:0|MO:0|SH:0|WA:56|FT:56,4,"2026-04-27 10:49:22"
2420,"6bc3474e5cc367ecf89e68eb29bed06fcd647ddf",LH:63|RH:63|TF:0|LE:0|RE:0|MO:66|SH:0|WA:0|FT:0,3,"2026-04-27 10:49:22"
2421,f404d92f2e0e3720eaf8bd28204796e1e46f9a24,LH:80|RH:80|TF:0|LE:0|RE:0|MO:0|SH:0|WA:26|FT:0,3,"2026-04-27 10:49:22"
2422,fbb022d6d62a91efb9f9bfbccdc021f116a6d09a,LH:69|RH:44|TF:0|LE:0|RE:0|MO:0|SH:0|WA:0|FT:0,2,"2026-04-27 10:49:22"
2423,"5bf33605f54a26df48ca512e0d94bb39ed8de034",LH:60|RH:60|TF:0|LE:0|RE:0|MO:41|SH:0|WA:56|FT:0,4,"2026-04-27 10:49:22"
2424,"77d4f1a21a2c25e250e5ddef9d5d0928a2556342",LH:56|RH:63|TF:0|LE:0|RE:0|MO:0|SH:0|WA:56|FT:0,3,"2026-04-27 10:49:22"
2425,"97feab8f9158f0cc67cdf5454e58c925a4f1949f",LH:40|RH:40|TF:0|LE:0|RE:0|MO:0|SH:0|WA:60|FT:60,4,"2026-04-27 10:49:22"
2426,d2074aed4f3b0365d735e821b18b40791de7212d,LH:73|RH:63|TF:0|LE:0|RE:0|MO:0|SH:0|WA:56|FT:56,4,"2026-04-27 10:49:22"
2427,"4db758bec07ecb1e69106d0b97075b141eac45ec",LH:57|RH:57|TF:0|LE:0|RE:0|MO:0|SH:0|WA:0|FT:56,3,"2026-04-27 10:49:22"
2428,"7cf10e3a0d82ea76396a761a320c98733fc09f8c",LH:0|RH:104|TF:0|LE:0|RE:0|MO:0|SH:0|WA:104|FT:0,2,"2026-04-27 10:49:22"
2429,e3008d21a9d92929b78f53720a9c12a380a37f02,LH:104|RH:0|TF:0|LE:0|RE:0|MO:0|SH:0|WA:104|FT:0,2,"2026-04-27 10:49:22"
2430,"8605681d954cad51dc0a73bc1c92a851bdfb356c",LH:0|RH:0|TF:0|LE:0|RE:0|MO:0|SH:0|WA:0|FT:104,1,"2026-04-27 10:49:22"
2431,"9041b6fc55fedd6c211f5acf76da6b7e3ad0ce9c",LH:0|RH:0|TF:0|LE:0|RE:82|MO:0|SH:0|WA:0|FT:0,1,"2026-04-27 10:49:22"
2432,d288ce75dedd73590a234dee4597be55c8f60de2,LH:0|RH:0|TF:0|LE:0|RE:0|MO:0|SH:0|WA:82|FT:0,1,"2026-04-27 10:49:22"
2433,a696232196a47f9da413ab4dff249d4c6204bd83,LH:26|RH:26|TF:0|LE:0|RE:0|MO:0|SH:0|WA:73|FT:0,3,"2026-04-27 10:49:22"
2434,"99b62ed3cebc6c9a30793adc227194cc4bd90740",LH:59|RH:59|TF:0|LE:0|RE:0|MO:41|SH:0|WA:63|FT:0,4,"2026-04-27 10:49:22"
2435,"4756b22ff563b6a02ed5ae3d3908bf522647a1ac",LH:58|RH:95|TF:0|LE:0|RE:0|MO:0|SH:0|WA:0|FT:0,2,"2026-04-27 10:49:22"
2436,b0721418530a9940bcce9e99317dd93ea6d3b577,LH:0|RH:0|TF:0|LE:0|RE:0|MO:27|SH:0|WA:0|FT:32,2,"2026-04-27 10:49:22"
2437,b60c3f84644a3e8e65b83d03efb7515eec75e1e7,LH:32|RH:0|TF:0|LE:0|RE:0|MO:0|SH:27|WA:0|FT:0,2,"2026-04-27 10:49:22"
2438,"65dd566064ba6019e8d2485d78274935a69366f2",LH:0|RH:32|TF:0|LE:0|RE:0|MO:0|SH:27|WA:0|FT:0,2,"2026-04-27 10:49:22"
2439,"0e0485e0c8f503edc70c97bedbd4d7575823ebbf",LH:73|RH:0|TF:0|LE:0|RE:0|MO:0|SH:0|WA:24|FT:0,2,"2026-04-27 10:49:22"
2440,"3a7f7653004addeb01ae252ddce13644848e912f",LH:86|RH:39|TF:0|LE:0|RE:0|MO:0|SH:0|WA:0|FT:0,2,"2026-04-27 10:49:22"
2441,"2f1da1652b06d946e5da61b7cc53f3b5fc592d87",LH:8|RH:0|TF:0|LE:0|RE:0|MO:0|SH:27|WA:0|FT:0,2,"2026-04-27 10:49:22"
2442,"3febfc928074e260be3487ce9633e627735cb861",LH:57|RH:57|TF:0|LE:0|RE:0|MO:65|SH:0|WA:0|FT:65,4,"2026-04-27 10:49:22"
2443,b062e1b5d7f8bb6244e470dc5c348683ac72b3a9,LH:0|RH:0|TF:0|LE:0|RE:0|MO:0|SH:27|WA:26|FT:0,2,"2026-04-27 10:49:22"
2444,eae5dc0f4dab571e37ade961c4ed0e8da5aa3d9a,LH:45|RH:79|TF:0|LE:0|RE:0|MO:0|SH:0|WA:0|FT:0,2,"2026-04-27 10:49:22"
2445,"44bbd05edbce6aaa49cdc1ec56daf3f14e4acf3f",LH:63|RH:90|TF:0|LE:0|RE:0|MO:0|SH:89|WA:0|FT:0,3,"2026-04-27 10:49:22"
2446,"66204397155c22bf27b0124103b5e0106554ba34",LH:45|RH:74|TF:0|LE:0|RE:0|MO:0|SH:0|WA:0|FT:0,2,"2026-04-27 10:49:22"
2447,"040cfa9b53e7adcbb4cbf4c62c14e88505475366",LH:0|RH:0|TF:0|LE:97|RE:97|MO:0|SH:97|WA:97|FT:97,5,"2026-04-27 10:49:22"
2448,ccb0f32f961f64abf99b6573cd0383ebf57251cd,LH:32|RH:73|TF:0|LE:0|RE:0|MO:0|SH:0|WA:0|FT:0,2,"2026-04-27 10:49:22"
2449,"746cc3faa9cfd6c601ec1210f19e0229788fcfc6",LH:56|RH:56|TF:0|LE:0|RE:0|MO:73|SH:0|WA:73|FT:0,4,"2026-04-27 10:49:22"
2450,d1f80bbaef24f77bc60a6f1de60b95e546d77ef7,LH:0|RH:0|TF:0|LE:0|RE:0|MO:27|SH:0|WA:57|FT:57,3,"2026-04-27 10:49:22"
2451,e186fef52c8c935adc90b3ac849a80d12a4005e3,LH:41|RH:41|TF:0|LE:0|RE:0|MO:0|SH:0|WA:73|FT:0,3,"2026-04-27 10:49:22"
2452,bc78a3db04bd9b59b2790e7cba2f7535a037bddd,LH:26|RH:26|TF:0|LE:0|RE:0|MO:0|SH:0|WA:63|FT:0,3,"2026-04-27 10:49:22"
2453,ed3e5d99e5ec67cc3065e295afbe9cc682d6a739,LH:63|RH:63|TF:0|LE:0|RE:0|MO:73|SH:0|WA:56|FT:0,4,"2026-04-27 10:49:22"
2454,"6d1eb117040428c3c0d6300215722549951f9e22",LH:0|RH:63|TF:0|LE:0|RE:0|MO:0|SH:0|WA:73|FT:73,3,"2026-04-27 10:49:22"
2455,bf93accf4d4b9b325fb64ace77d362a3e0dfd3d4,LH:63|RH:63|TF:0|LE:0|RE:0|MO:0|SH:0|WA:81|FT:0,3,"2026-04-27 10:49:22"
2456,"131e2aa985072ebed83d591d868cb119ec6859bd",LH:73|RH:58|TF:0|LE:0|RE:0|MO:0|SH:0|WA:0|FT:0,2,"2026-04-27 10:49:22"
2457,"88f675cafc2361a7396146446384474badc21faf",LH:63|RH:63|TF:0|LE:0|RE:0|MO:0|SH:0|WA:56|FT:67,4,"2026-04-27 10:49:22"
2458,da40fb6afb876be2307f00f8bf9e84e030e62356,LH:55|RH:44|TF:0|LE:0|RE:0|MO:0|SH:0|WA:0|FT:0,2,"2026-04-27 10:49:22"
2459,"43801a0a51605b6529d467ffcf11b80aec72873b",LH:86|RH:86|TF:0|LE:0|RE:0|MO:0|SH:0|WA:57|FT:57,4,"2026-04-27 10:49:22"
2460,"9c376e1b9136826761245e9d3b6a1413d3632970",LH:40|RH:56|TF:0|LE:0|RE:0|MO:0|SH:0|WA:0|FT:0,2,"2026-04-27 10:49:22"
2461,"33abfc8a019f46226d85874e290731d9faee5546",LH:0|RH:60|TF:0|LE:0|RE:0|MO:67|SH:0|WA:0|FT:0,2,"2026-04-27 10:49:22"
2462,"1fccfb1a1dc185eff6c485673bc212e8c2fef834",LH:63|RH:63|TF:0|LE:0|RE:0|MO:0|SH:0|WA:63|FT:63,4,"2026-04-27 10:49:22"
2463,"5cb14e57d8135cc39babcd1703dec7831c56a638",LH:63|RH:63|TF:0|LE:0|RE:0|MO:0|SH:63|WA:0|FT:0,3,"2026-04-27 10:49:22"
2464,"1e8c7408317c5ee4772ca5d4bf76b0d0770042c5",LH:0|RH:24|TF:0|LE:0|RE:0|MO:0|SH:0|WA:24|FT:0,2,"2026-04-27 10:49:22"
2465,"74acb28a54b8b9569cf7cdf985dfdd436274828c",LH:0|RH:73|TF:0|LE:0|RE:0|MO:0|SH:0|WA:67|FT:0,2,"2026-04-27 10:49:22"
2466,"1315ef6fa5ecb93498f73a6a42dadccbfe9612d6",LH:95|RH:67|TF:0|LE:0|RE:0|MO:0|SH:27|WA:0|FT:0,3,"2026-04-27 10:49:22"
2467,"54563e5c0f78ea0bc97d01d2877f2e8de79c7bed",LH:45|RH:55|TF:0|LE:0|RE:0|MO:0|SH:0|WA:0|FT:0,2,"2026-04-27 10:49:22"
2468,"38c79fde8c50f80afee4fb4c6b71b72b08456f3f",LH:55|RH:55|TF:0|LE:0|RE:0|MO:55|SH:55|WA:0|FT:0,4,"2026-04-27 10:49:22"
2469,d985df24edf67139740102cbc69971d0f15c2ac4,LH:0|RH:0|TF:0|LE:67|RE:67|MO:0|SH:67|WA:67|FT:0,4,"2026-04-27 10:49:22"
2470,"3c05e16860c5ff103c95c9f76171d3b735dd7cff",LH:37|RH:67|TF:0|LE:0|RE:0|MO:0|SH:0|WA:0|FT:0,2,"2026-04-27 10:49:22"
2471,b76c9ceae1368987a7bcf589d24c903fd63a69d6,LH:67|RH:81|TF:0|LE:0|RE:0|MO:0|SH:0|WA:0|FT:0,2,"2026-04-27 10:49:22"
2472,"71c2d0e21d2bfc510761f33c7b62805ba6312a70",LH:0|RH:0|TF:0|LE:0|RE:0|MO:81|SH:0|WA:81|FT:0,2,"2026-04-27 10:49:22"
2473,ce2204c1a6a226f2050b24500de38ef4989a0c11,LH:83|RH:83|TF:0|LE:0|RE:0|MO:0|SH:0|WA:26|FT:0,3,"2026-04-27 10:49:22"
2474,"2b3bffec3c0f3d60da6b85670179f41ad49fc872",LH:58|RH:63|TF:0|LE:0|RE:0|MO:0|SH:0|WA:56|FT:0,3,"2026-04-27 10:49:22"
2475,"1faf5b726046acb52e40a7d4e14b9a5c49ae7203",LH:67|RH:56|TF:0|LE:0|RE:0|MO:0|SH:0|WA:60|FT:0,3,"2026-04-27 10:49:22"
2476,a8e8ba0c9aeb64b00d758d34ee6b6a7b2450a3d0,LH:0|RH:0|TF:0|LE:0|RE:0|MO:104|SH:0|WA:104|FT:0,2,"2026-04-27 10:49:22"
2477,"8081a429a5832011ee0869bb124129c652098632",LH:60|RH:54|TF:0|LE:0|RE:0|MO:0|SH:0|WA:0|FT:0,2,"2026-04-27 10:49:22"
2478,a2d5c47f96228a2b58e5031eba58a387e78f834b,LH:90|RH:90|TF:0|LE:0|RE:0|MO:0|SH:0|WA:89|FT:0,3,"2026-04-27 10:49:22"
2479,"37fde5cfc7ea414b47ae0e9740ab2aaf95109574",LH:73|RH:66|TF:0|LE:0|RE:0|MO:0|SH:0|WA:0|FT:0,2,"2026-04-27 10:49:22"
2480,"267bd7558f6c180b62b5c04c3cf7c02f1005f70b",LH:59|RH:59|TF:0|LE:73|RE:0|MO:0|SH:0|WA:73|FT:0,4,"2026-04-27 10:49:22"
2481,"7ecbe6d1a936e616871872bed49a9d2aa7f871dd",LH:73|RH:77|TF:0|LE:0|RE:0|MO:0|SH:0|WA:0|FT:0,2,"2026-04-27 10:49:22"
2482,a5f47ee95975db14fc2bbd39d7842ee2b91cf248,LH:60|RH:60|TF:0|LE:0|RE:0|MO:0|SH:0|WA:57|FT:0,3,"2026-04-27 10:49:22"
2483,"6ce61e0ff65320b41610bd20b0742a31353071b9",LH:63|RH:45|TF:0|LE:0|RE:0|MO:0|SH:0|WA:0|FT:0,2,"2026-04-27 10:49:22"
2484,"90c9f540f732e87b13e4a557e5634fc3f2425d7c",LH:61|RH:61|TF:0|LE:0|RE:0|MO:0|SH:0|WA:0|FT:0,2,"2026-04-27 10:49:22"
2485,"74c726e99d7fcb727c45c86b6bed87597fcb0d4f",LH:67|RH:73|TF:0|LE:0|RE:0|MO:0|SH:0|WA:63|FT:0,3,"2026-04-27 10:49:22"
2486,"92361ea816015e6abe1f39d6d15d7d1566b67896",LH:86|RH:86|TF:0|LE:0|RE:0|MO:0|SH:0|WA:57|FT:0,3,"2026-04-27 10:49:22"
2487,f9b4e7932b66ef6fea925da85d56b4a3d90943cc,LH:86|RH:86|TF:0|LE:0|RE:0|MO:0|SH:0|WA:0|FT:57,3,"2026-04-27 10:49:22"
2488,"7230cd491c01518dc5d03b431118d9ff0c79fa6e",LH:90|RH:0|TF:0|LE:0|RE:0|MO:0|SH:89|WA:0|FT:0,2,"2026-04-27 10:49:22"
2489,cbbd3e917904e14c3709f6e53d5ec215ebf96ecd,LH:0|RH:0|TF:0|LE:0|RE:0|MO:83|SH:0|WA:0|FT:0,1,"2026-04-27 10:49:22"
2490,"1252419fc52b96fbc4201361ea2435a47d17e3ea",LH:90|RH:63|TF:0|LE:0|RE:0|MO:0|SH:89|WA:0|FT:0,3,"2026-04-27 10:49:22"
2491,ac35f1cbc719b41b5477e1dec14d0d0a22cc059b,LH:57|RH:57|TF:0|LE:0|RE:0|MO:0|SH:0|WA:95|FT:0,3,"2026-04-27 10:49:22"
2492,"253105473b1585b5f6d8c263b8000a8f226edeb3",LH:57|RH:57|TF:0|LE:0|RE:0|MO:0|SH:95|WA:0|FT:0,3,"2026-04-27 10:49:22"
2493,"33318cf4b170639ee832ec943cd9d7d2a5f7d40e",LH:95|RH:57|TF:0|LE:0|RE:0|MO:0|SH:0|WA:0|FT:0,2,"2026-04-27 10:49:22"
2494,"7b3956b4cb54d2c9cf57cde24f0a455e9038b58a",LH:2|RH:2|TF:0|LE:67|RE:0|MO:0|SH:0|WA:0|FT:0,3,"2026-04-27 10:49:22"
2495,"09e84a1eecb7c23c5b1a1312f9fcce8a35cd6c8b",LH:67|RH:95|TF:0|LE:0|RE:0|MO:0|SH:0|WA:56|FT:0,3,"2026-04-27 10:49:22"
2496,ed4c33a5f38a9e2c00af90bbd46852cf09591087,LH:67|RH:60|TF:0|LE:0|RE:0|MO:0|SH:63|WA:63|FT:0,4,"2026-04-27 10:49:22"
2497,"4a4eda0cf9638ca2de83a12881b59fde33a35f86",LH:57|RH:57|TF:0|LE:0|RE:0|MO:0|SH:73|WA:73|FT:0,4,"2026-04-27 10:49:22"
2498,"0797b8fd9a3d53f23825077e4fc8275794b95e00",LH:24|RH:24|TF:0|LE:0|RE:0|MO:0|SH:73|WA:73|FT:73,5,"2026-04-27 10:49:22"
2499,a1f832458330bfdf3ee283024678a62fc2d5a0f5,LH:57|RH:57|TF:0|LE:0|RE:0|MO:0|SH:0|WA:94|FT:0,3,"2026-04-27 10:49:22"
2500,"7ec959972ce59608f40cafaa7d08b6e1320f085b",LH:74|RH:24|TF:0|LE:0|RE:0|MO:0|SH:0|WA:0|FT:0,2,"2026-04-27 10:49:22"
2501,"3beda13452f8a70d6e348b883a13029fe5e87cb5",LH:41|RH:60|TF:0|LE:0|RE:0|MO:0|SH:0|WA:56|FT:0,3,"2026-04-27 10:49:22"
2502,"28c8df5d1d29d985a4ac0932283af24e25844511",LH:83|RH:67|TF:0|LE:0|RE:0|MO:0|SH:0|WA:26|FT:0,3,"2026-04-27 10:49:22"
2503,"191b2d827886c1e26aec4276360d34c81ce6584f",LH:39|RH:57|TF:0|LE:0|RE:0|MO:0|SH:0|WA:0|FT:0,2,"2026-04-27 10:49:22"
2504,"652e21ba1a4bc644f8a054d1b6250f4d6246dd81",LH:26|RH:2|TF:0|LE:0|RE:0|MO:0|SH:0|WA:0|FT:0,2,"2026-04-27 10:49:22"
2505,"3d3202cbe5037eb9735d191526a5c8632b345c62",LH:0|RH:67|TF:0|LE:0|RE:0|MO:0|SH:0|WA:73|FT:0,2,"2026-04-27 10:49:22"
2506,"20b219334c59bcdf2d4a557ce0dad596d13cae77",LH:32|RH:32|TF:0|LE:0|RE:0|MO:0|SH:0|WA:0|FT:32,3,"2026-04-27 10:49:22"
2507,c4cd8d71e4dd08b01028d2fdab67d28477939677,LH:60|RH:60|TF:0|LE:0|RE:0|MO:0|SH:0|WA:56|FT:41,4,"2026-04-27 10:49:22"
2508,"8acc75ae996f22b2ba4e6c383bb7f81d0a899c80",LH:95|RH:67|TF:0|LE:0|RE:0|MO:0|SH:0|WA:63|FT:63,4,"2026-04-27 10:49:22"
2509,"087391d943dff29989baa8d0010a5f259b0bdd34",LH:66|RH:0|TF:0|LE:0|RE:0|MO:0|SH:27|WA:0|FT:0,2,"2026-04-27 10:49:22"
2510,"850d5daf8f8ec5b7df3753e969d9751561877d9e",LH:66|RH:41|TF:0|LE:0|RE:0|MO:0|SH:0|WA:0|FT:0,2,"2026-04-27 10:49:22"
2511,a334b6229602df4d0c8618b39b50725230b0de41,LH:0|RH:0|TF:0|LE:0|RE:0|MO:0|SH:0|WA:25|FT:26,2,"2026-04-27 10:49:22"
2512,"6075f5309e1043862a4b37085a114973c52ec018",LH:95|RH:26|TF:0|LE:0|RE:0|MO:0|SH:0|WA:0|FT:0,2,"2026-04-27 10:49:22"
2513,ec4386c623a44ca23e4cfca6b069ae1d85906aa4,LH:81|RH:81|TF:0|LE:0|RE:0|MO:0|SH:0|WA:83|FT:83,4,"2026-04-27 10:49:22"
2514,"5ddf4b4e378738ba35f771f38eea39602a44e301",LH:0|RH:0|TF:0|LE:0|RE:0|MO:0|SH:84|WA:0|FT:0,1,"2026-04-27 10:49:22"
2515,"86044e9e0dc5747b98f800a20d0a608e10f02725",LH:63|RH:63|TF:0|LE:0|RE:0|MO:0|SH:0|WA:56|FT:41,4,"2026-04-27 10:49:22"
2516,"0a26a8615526bcf7ac995ff71bf8c3e5d593b45b",LH:39|RH:45|TF:0|LE:0|RE:0|MO:0|SH:0|WA:0|FT:0,2,"2026-04-27 10:49:22"
2517,af769aed10c5905c5742fe5a4c760a997e60ba28,LH:58|RH:45|TF:0|LE:0|RE:0|MO:0|SH:0|WA:0|FT:0,2,"2026-04-27 10:49:22"
2518,"11a2cceb40754949025c8307baf8099b75c016f7",LH:63|RH:63|TF:0|LE:0|RE:73|MO:0|SH:0|WA:0|FT:0,3,"2026-04-27 10:49:22"
2519,"166c5054ce120bc2e0ffe78b6cde25b66cb8cccd",LH:63|RH:42|TF:0|LE:0|RE:0|MO:0|SH:0|WA:0|FT:0,2,"2026-04-27 10:49:22"
2520,c0e6812f30b172b81bf26e81438d4b4a96f5f33a,LH:26|RH:26|TF:0|LE:0|RE:0|MO:0|SH:0|WA:26|FT:0,3,"2026-04-27 10:49:22"
2521,"85abbaf7848c42052a91f094bb710544762b91ea",LH:0|RH:0|TF:0|LE:0|RE:0|MO:90|SH:0|WA:63|FT:63,3,"2026-04-27 10:49:22"
2522,f75f258d72dd34523ad5a271c69e72a6627a392d,LH:73|RH:73|TF:0|LE:0|RE:0|MO:0|SH:0|WA:0|FT:76,3,"2026-04-27 10:49:22"
2523,"234e7e55082ae646d87a01bcd167b52389513b6a",LH:30|RH:0|TF:0|LE:0|RE:0|MO:0|SH:0|WA:0|FT:0,1,"2026-04-27 10:49:22"
2524,"72777e57d43c2a8864a32ccc7be0b3aa77fab4fe",LH:92|RH:59|TF:0|LE:0|RE:0|MO:0|SH:0|WA:0|FT:0,2,"2026-04-27 10:49:22"
2525,c666747313b3a0d02b53991afd015b8498865b74,LH:67|RH:67|TF:0|LE:0|RE:0|MO:0|SH:0|WA:73|FT:73,4,"2026-04-27 10:49:22"
2526,"75f60afbec11ef1ab956809108c74fa3b7f14919",LH:0|RH:0|TF:0|LE:0|RE:0|MO:0|SH:0|WA:49|FT:0,1,"2026-04-27 10:49:22"
2527,e4b0e4bb93bcd58d2dd92fa6e89dd64652adee9f,LH:0|RH:0|TF:0|LE:0|RE:102|MO:0|SH:0|WA:0|FT:0,1,"2026-04-27 10:49:22"
2528,"25c716763b73925c88a414a8a39fa278cdeab024",LH:0|RH:67|TF:0|LE:0|RE:0|MO:0|SH:0|WA:0|FT:39,2,"2026-04-27 10:49:22"
2529,"4047e7b3550569ee6b5430a180bf7d05dc684643",LH:0|RH:0|TF:0|LE:32|RE:0|MO:0|SH:0|WA:0|FT:0,1,"2026-04-27 10:49:22"
2530,"720838bfded0d67587e8e6e1681386f76b08ed37",LH:0|RH:39|TF:0|LE:0|RE:0|MO:0|SH:0|WA:0|FT:39,2,"2026-04-27 10:49:22"
2531,f9fea79561604d7f51b2d65679fe8e9bc57a8ed8,LH:44|RH:44|TF:0|LE:0|RE:0|MO:45|SH:0|WA:45|FT:0,4,"2026-04-27 10:49:22"
2532,b4f3e9481a11ff31a98c2dcf229a1aa3e40de422,LH:73|RH:73|TF:0|LE:0|RE:0|MO:27|SH:0|WA:0|FT:0,3,"2026-04-27 10:49:22"
2533,"7940650aeb95a000a7f4dc4b4e2a0f715f77734a",LH:0|RH:73|TF:0|LE:0|RE:0|MO:0|SH:13|WA:0|FT:0,2,"2026-04-27 10:49:22"
2534,de055ab020d8f8194e187e9df87ae21c5da7eb7b,LH:0|RH:47|TF:0|LE:0|RE:0|MO:0|SH:27|WA:0|FT:0,2,"2026-04-27 10:49:22"
2535,"5c459894f14238ff833f448a97b991c98bcb3c87",LH:0|RH:0|TF:0|LE:97|RE:97|MO:97|SH:97|WA:97|FT:0,5,"2026-04-27 10:49:22"
2536,"9080614aa7ba5ebbbbe87e4642410ab449ec3d53",LH:56|RH:56|TF:0|LE:0|RE:0|MO:41|SH:0|WA:63|FT:0,4,"2026-04-27 10:49:22"
2537,ce19108511388dcdca68e71832aa83b916ee12da,LH:59|RH:59|TF:114|LE:114|RE:114|MO:0|SH:0|WA:0|FT:0,5,"2026-04-27 10:49:22"
2538,"7cfa606a3afc7faabc93f740e595fa916bf0aa5b",LH:0|RH:0|TF:101|LE:101|RE:101|MO:0|SH:0|WA:0|FT:0,3,"2026-04-27 10:49:22"
2539,c0daf08c83aedaa01f7a78de54aa49c9cba934a4,LH:59|RH:59|TF:92|LE:0|RE:0|MO:0|SH:0|WA:67|FT:0,4,"2026-04-27 10:49:22"
2540,e3de29fd8812857f5727a583fd4dd918599c4c3f,LH:67|RH:90|TF:0|LE:0|RE:0|MO:0|SH:0|WA:0|FT:0,2,"2026-04-27 10:49:22"
2541,bc9417f3900f6077c6c27edd82760ef35e80bc28,LH:1|RH:1|TF:0|LE:0|RE:0|MO:0|SH:0|WA:86|FT:0,3,"2026-04-27 10:49:22"
2542,ffcc85e05662106800958a74e125da7865399749,LH:81|RH:81|TF:0|LE:0|RE:0|MO:81|SH:81|WA:0|FT:0,4,"2026-04-27 10:49:22"
2543,"52e7912637c1a6101edd7577acbfd42cb4ac1f6d",LH:83|RH:81|TF:0|LE:0|RE:0|MO:0|SH:0|WA:0|FT:0,2,"2026-04-27 10:49:22"
2544,c8d21a818dbd739457eef22a5c920a0c3014b0ae,LH:26|RH:26|TF:0|LE:0|RE:0|MO:0|SH:67|WA:67|FT:0,4,"2026-04-27 10:49:22"
2545,e02b12333a50306e75e28e8cd34ce312a5210116,LH:60|RH:60|TF:0|LE:0|RE:0|MO:55|SH:0|WA:0|FT:0,3,"2026-04-27 10:49:22"
2546,c266d8e59d230ff9b25d56e86c65ab629d54e6c7,LH:73|RH:16|TF:0|LE:0|RE:0|MO:0|SH:0|WA:0|FT:0,2,"2026-04-27 10:49:22"
2547,d2ebe4e62313f0c646f150eb77d4a32ed5e5001d,LH:16|RH:73|TF:0|LE:0|RE:0|MO:0|SH:0|WA:0|FT:0,2,"2026-04-27 10:49:22"
2548,ffae5f81045cfffb0d4fa28031675af82774450b,LH:60|RH:63|TF:0|LE:0|RE:0|MO:0|SH:0|WA:0|FT:56,3,"2026-04-27 10:49:22"
2549,"64af02bebc035db03431cf61cffcbcc7ceff9967",LH:95|RH:63|TF:0|LE:0|RE:0|MO:0|SH:0|WA:56|FT:0,3,"2026-04-27 10:49:22"
2550,"3827f3c747af31861e0ce84e6f6ba5e2e5894f9f",LH:73|RH:73|TF:0|LE:0|RE:0|MO:0|SH:0|WA:28|FT:0,3,"2026-04-27 10:49:22"
2551,"6b8391b895531353e7567aebda217bfc67ae80d6",LH:0|RH:0|TF:104|LE:0|RE:0|MO:0|SH:0|WA:0|FT:0,1,"2026-04-27 10:49:22"
2552,"482a814faf01f9c0d8de7b8e50250b9bb853c1e0",LH:0|RH:0|TF:0|LE:0|RE:0|MO:0|SH:0|WA:63|FT:64,2,"2026-04-27 10:49:22"
2553,aee98c76881fbe5da6dc29799733e7f12b585246,LH:0|RH:0|TF:0|LE:0|RE:0|MO:0|SH:0|WA:62|FT:0,1,"2026-04-27 10:49:22"
2554,ff4e81ef16144132bfd9c1357c2902fe76900080,LH:41|RH:48|TF:0|LE:0|RE:0|MO:0|SH:0|WA:0|FT:0,2,"2026-04-27 10:49:22"
2555,d4729cfa3e4ff06f27e13b83f084bf105bd45c0d,LH:67|RH:67|TF:0|LE:0|RE:0|MO:0|SH:0|WA:0|FT:24,3,"2026-04-27 10:49:22"
2556,e8a5c1c5980cf2a802d44df8882e8fae7ec68fc8,LH:69|RH:45|TF:0|LE:0|RE:0|MO:0|SH:0|WA:0|FT:0,2,"2026-04-27 10:49:22"
2557,"2befc53d4300bd4c2b0a0e78d904f3ba5f32119b",LH:0|RH:0|TF:0|LE:0|RE:0|MO:0|SH:0|WA:89|FT:56,2,"2026-04-27 10:49:22"
2558,"652ce4b359fd9030f3173111e319a4bc502cf7f7",LH:86|RH:32|TF:0|LE:0|RE:0|MO:0|SH:0|WA:0|FT:0,2,"2026-04-27 10:49:22"
2559,"9a9d5bddd3b953fb3991f2f0cdeb68efe7550af7",LH:48|RH:60|TF:0|LE:0|RE:0|MO:0|SH:0|WA:0|FT:0,2,"2026-04-27 10:49:22"
2560,"58eb3eae16cc10d4fbbf447055477e45e16a8624",LH:67|RH:67|TF:0|LE:0|RE:0|MO:26|SH:0|WA:0|FT:0,3,"2026-04-27 10:49:22"
2561,"54210910ea6f06729836da94edf286f9d260473e",LH:47|RH:43|TF:0|LE:0|RE:0|MO:0|SH:0|WA:0|FT:0,2,"2026-04-27 10:49:22"
2562,"3e0a584d829e4ec224dffb5259d1d81d657ec67f",LH:56|RH:56|TF:0|LE:0|RE:0|MO:0|SH:0|WA:0|FT:63,3,"2026-04-27 10:49:22"
2563,"31879f4ecb09b78e360cc80772a7c2888b04ea34",LH:95|RH:95|TF:0|LE:0|RE:0|MO:0|SH:0|WA:0|FT:63,3,"2026-04-27 10:49:22"
2564,"894cd24e05680db5f0fe2421d9cde774889d6b2e",LH:0|RH:0|TF:0|LE:0|RE:0|MO:100|SH:0|WA:100|FT:0,2,"2026-04-27 10:49:22"
2565,f1aeccd10b185b979f3a72041a948d05678c09f5,LH:60|RH:60|TF:0|LE:0|RE:0|MO:47|SH:0|WA:0|FT:0,3,"2026-04-27 10:49:22"
2566,d93f4432b3a399f914650adb302c20e859cad3b4,LH:60|RH:60|TF:0|LE:0|RE:0|MO:67|SH:0|WA:67|FT:0,4,"2026-04-27 10:49:22"
2567,"801bc7d93b8060746ceebba3835e8be4d0baf9ae",LH:0|RH:67|TF:0|LE:0|RE:0|MO:24|SH:0|WA:24|FT:0,3,"2026-04-27 10:49:22"
2568,"28ff9922370d4bd78c8394ef3c5926d02e4e1fc7",LH:57|RH:57|TF:0|LE:0|RE:0|MO:41|SH:41|WA:0|FT:0,4,"2026-04-27 10:49:22"
2569,"5c67a6d61a6ca378b2da144ad98f6aadc2df8db3",LH:0|RH:79|TF:0|LE:0|RE:0|MO:0|SH:27|WA:0|FT:0,2,"2026-04-27 10:49:22"
2570,b48709e6c4f2ee298ac786f53cd85306d2d532ef,LH:0|RH:0|TF:0|LE:0|RE:0|MO:101|SH:0|WA:0|FT:101,2,"2026-04-27 10:49:22"
2571,"973dca1b001f37627e1d2d49d2716b18d2fcf636",LH:73|RH:73|TF:0|LE:0|RE:0|MO:90|SH:27|WA:0|FT:0,4,"2026-04-27 10:49:22"
2572,d8d16188dbe5350fdee46449a5eff3cee1859872,LH:73|RH:73|TF:0|LE:0|RE:0|MO:73|SH:0|WA:73|FT:73,5,"2026-04-27 10:49:22"
2573,ea49161f765fff628f274a32b29177ff4b5ae722,LH:86|RH:86|TF:0|LE:0|RE:0|MO:86|SH:0|WA:0|FT:0,3,"2026-04-27 10:49:22"
2574,b78c4c49f30eb1bff0e4eff3f921396eee8525e2,LH:63|RH:73|TF:0|LE:0|RE:0|MO:67|SH:0|WA:0|FT:0,3,"2026-04-27 10:49:22"
2575,e18efcb9acd7352bf646610a4637f26700e3d193,LH:60|RH:69|TF:0|LE:0|RE:0|MO:0|SH:0|WA:0|FT:0,2,"2026-04-27 10:49:22"
2576,"9b7d4aabbeafaafedeba36587487a4a827982cb1",LH:89|RH:0|TF:0|LE:0|RE:0|MO:0|SH:0|WA:0|FT:0,1,"2026-04-27 10:49:22"
2577,"967ccb2dbcdb4b87c6e51c8e21dee862ca09cab1",LH:0|RH:0|TF:0|LE:0|RE:0|MO:0|SH:89|WA:0|FT:0,1,"2026-04-27 10:49:22"
2578,"4173c236926df00b5007fb1cc7bfeaaa737aa9e2",LH:0|RH:0|TF:0|LE:0|RE:101|MO:0|SH:0|WA:101|FT:101,3,"2026-04-27 10:49:22"
2579,"38a5474573dfd2d8cce0f164e7b28eb310c00f32",LH:0|RH:0|TF:0|LE:100|RE:0|MO:0|SH:0|WA:100|FT:100,3,"2026-04-27 10:49:22"
2580,c94ad1945315b3fd9c1a754a34318514b5e5027f,LH:56|RH:56|TF:0|LE:0|RE:0|MO:73|SH:73|WA:0|FT:0,4,"2026-04-27 10:49:22"
2581,"1a8205b122a453199998ca26ddf8a3b8237fbde2",LH:0|RH:0|TF:0|LE:0|RE:0|MO:101|SH:0|WA:0|FT:0,1,"2026-04-27 10:49:22"
2582,"65057fa03da3af356dd7e49ea656033e2ea0c18d",LH:0|RH:0|TF:0|LE:73|RE:0|MO:0|SH:73|WA:0|FT:0,2,"2026-04-27 10:49:22"
2583,"67ade5773f67aeb8c6f844326e7a8f72ab3c179b",LH:67|RH:0|TF:0|LE:0|RE:0|MO:0|SH:24|WA:24|FT:24,4,"2026-04-27 10:49:22"
2584,"98e443f23e81d72547189ce04b33731f7c123b26",LH:0|RH:0|TF:79|LE:0|RE:0|MO:0|SH:0|WA:0|FT:0,1,"2026-04-27 10:49:22"
2585,"592e4f8fe21bb9605600b89b2ad0bfc70897b9a3",LH:2|RH:2|TF:0|LE:0|RE:0|MO:0|SH:26|WA:26|FT:26,5,"2026-04-27 10:49:22"
2586,a768a05bb469f107c593cb751d7bfea336075b51,LH:67|RH:73|TF:0|LE:0|RE:0|MO:0|SH:0|WA:56|FT:0,3,"2026-04-27 10:49:22"
2587,c4369dbdb0eb4047e6b28d0087c24b479e911859,LH:28|RH:73|TF:0|LE:0|RE:0|MO:0|SH:0|WA:0|FT:0,2,"2026-04-27 10:49:22"
2588,f544de19daccd7484432fadafd91b275cd92e4f2,LH:24|RH:28|TF:0|LE:0|RE:0|MO:0|SH:0|WA:0|FT:0,2,"2026-04-27 10:49:22"
2589,fe782c5c8a72058d7b7384cb4a8808ef80e27f1b,LH:56|RH:60|TF:0|LE:0|RE:0|MO:0|SH:0|WA:63|FT:0,3,"2026-04-27 10:49:22"
2590,"26b1b98ad5b8877246b823300ddc4b1048328d1d",LH:73|RH:0|TF:0|LE:0|RE:0|MO:0|SH:0|WA:0|FT:56,2,"2026-04-27 10:49:22"
2591,"783c790d1b0afe2780b3c74bfa9f3aa2a2d1a985",LH:55|RH:55|TF:0|LE:0|RE:0|MO:0|SH:0|WA:60|FT:60,4,"2026-04-27 10:49:22"
2592,d6078b9d7821accc457ae8c9476c8c247f3f588c,LH:49|RH:43|TF:0|LE:0|RE:0|MO:0|SH:0|WA:0|FT:0,2,"2026-04-27 10:49:22"
2593,"71f226f46ee5bc88f63786d93f83d3f5745b8082",LH:0|RH:0|TF:0|LE:0|RE:0|MO:0|SH:0|WA:99|FT:0,1,"2026-04-27 10:49:22"
2594,"8584f6ee900147d8e73d19c819e62a771d8e46db",LH:92|RH:92|TF:0|LE:67|RE:67|MO:0|SH:67|WA:0|FT:0,5,"2026-04-27 10:49:22"
2595,"6eccf5c99216820b665264ed709c240366814b7e",LH:74|RH:73|TF:0|LE:0|RE:0|MO:0|SH:0|WA:0|FT:0,2,"2026-04-27 10:49:22"
2596,"993402ed3d56932828eab61b6f0ed1ab281cb2a3",LH:0|RH:0|TF:0|LE:0|RE:0|MO:0|SH:0|WA:0|FT:89,1,"2026-04-27 10:49:22"
2597,"976828fa3f74e4aa054e7c41f19fb436377a11d4",LH:1|RH:1|TF:0|LE:0|RE:0|MO:67|SH:0|WA:0|FT:0,3,"2026-04-27 10:49:22"
2598,"40b98798efbadd35d803830f4d4e3d1dc9757dc4",LH:60|RH:56|TF:0|LE:0|RE:0|MO:0|SH:0|WA:56|FT:0,3,"2026-04-27 10:49:22"
2599,d5d5ad026e8b6129c00af28924835787fa626364,LH:73|RH:73|TF:0|LE:0|RE:0|MO:0|SH:0|WA:24|FT:0,3,"2026-04-27 10:49:22"
2600,d8a1d04594635dc85e845d07396d50435e01ca49,LH:26|RH:26|TF:0|LE:0|RE:0|MO:0|SH:0|WA:67|FT:0,3,"2026-04-27 10:49:22"
2601,"8357269b35770fc68a78a443ea675b1b097e37a6",LH:57|RH:0|TF:0|LE:0|RE:0|MO:0|SH:27|WA:0|FT:0,2,"2026-04-27 10:49:22"
2602,a4bfa8e6f6300ecf5d4651b0e4eb5caad2990928,LH:45|RH:45|TF:0|LE:0|RE:0|MO:51|SH:0|WA:0|FT:0,3,"2026-04-27 10:49:22"
2603,"03d16c6bf691753cd1a4a1acc4f86a3cd0085f6c",LH:39|RH:39|TF:0|LE:0|RE:0|MO:0|SH:0|WA:0|FT:45,3,"2026-04-27 10:49:22"
2604,"7481c98980243075a83a10cde25bdb57202ae109",LH:0|RH:29|TF:0|LE:0|RE:0|MO:0|SH:27|WA:0|FT:0,2,"2026-04-27 10:49:22"
2605,"8de9777f0297e0afbb847bd360c9dc3e2f86906d",LH:54|RH:0|TF:0|LE:0|RE:0|MO:0|SH:27|WA:0|FT:0,2,"2026-04-27 10:49:22"
2606,e187bf8473fb0c7c10681658f7584535bc15a680,LH:0|RH:41|TF:0|LE:0|RE:0|MO:0|SH:0|WA:0|FT:45,2,"2026-04-27 10:49:22"
2607,b828192a85c5033f858755c6cd23333865f83beb,LH:66|RH:66|TF:0|LE:0|RE:0|MO:0|SH:0|WA:63|FT:0,3,"2026-04-27 10:49:22"
2608,"0fa0f86ae22056d27fd6593ce3f1b2f79fe53907",LH:32|RH:47|TF:0|LE:0|RE:0|MO:0|SH:0|WA:0|FT:0,2,"2026-04-27 10:49:22"
2609,"1c3d77451694cfd1a0ab6b0fe9ff039f278f55de",LH:63|RH:0|TF:0|LE:0|RE:0|MO:27|SH:0|WA:0|FT:0,2,"2026-04-27 10:49:22"
2610,e354679ac469ab930cad959a82da6427295017d2,LH:0|RH:0|TF:0|LE:0|RE:0|MO:73|SH:73|WA:0|FT:0,2,"2026-04-27 10:49:22"
2611,"9779df5e967938ed7a4f8bc51a7656bb105a8310",LH:81|RH:81|TF:0|LE:0|RE:0|MO:0|SH:0|WA:83|FT:0,3,"2026-04-27 10:49:22"
2612,aab8b708e4b882dccf3b6e474bbd9168488ec648,LH:26|RH:0|TF:0|LE:0|RE:0|MO:0|SH:0|WA:0|FT:26,2,"2026-04-27 10:49:22"
2613,f3e5654216800be7f56c5725215b814c5fc1e28b,LH:67|RH:0|TF:0|LE:0|RE:0|MO:0|SH:0|WA:0|FT:39,2,"2026-04-27 10:49:22"
2614,"935010f0f70407d1850df2034055d3a65daae86a",LH:0|RH:0|TF:0|LE:67|RE:67|MO:67|SH:67|WA:67|FT:0,5,"2026-04-27 10:49:22"
2615,cd4e5214e6ac36e0b9348eee8ccdc50a87fb9693,LH:67|RH:0|TF:0|LE:0|RE:0|MO:90|SH:0|WA:0|FT:0,2,"2026-04-27 10:49:22"
2616,"4a59fc3a86cb1c87f86d8c080b1b5efc1ecf9aa2",LH:73|RH:73|TF:0|LE:0|RE:0|MO:0|SH:0|WA:57|FT:0,3,"2026-04-27 10:49:22"
2617,e5b92d4373946166ccad6d461ae7643e27d58010,LH:0|RH:0|TF:0|LE:0|RE:0|MO:50|SH:50|WA:0|FT:0,2,"2026-04-27 10:49:22"
2618,"21fbcb0d1742443ccd7d345809e9ee21cc9f561e",LH:26|RH:83|TF:0|LE:0|RE:0|MO:0|SH:0|WA:0|FT:0,2,"2026-04-27 10:49:22"
2619,"775a84cf4390bfc9228da834076f3a9ffcdd6f77",LH:67|RH:37|TF:0|LE:0|RE:0|MO:0|SH:0|WA:0|FT:0,2,"2026-04-27 10:49:22"
2620,c05e04e4b7192199f520e8aba98a04c44d6113b2,LH:73|RH:73|TF:0|LE:0|RE:0|MO:0|SH:73|WA:73|FT:0,4,"2026-04-27 10:49:22"
2621,a3cee2cab8bb1a7eee864be2c260d82c55d03217,LH:0|RH:0|TF:103|LE:0|RE:0|MO:0|SH:0|WA:0|FT:0,1,"2026-04-27 10:49:22"
2622,"48a660f60b4d98a23ca0f1ff4349317adab496fe",LH:0|RH:0|TF:0|LE:0|RE:0|MO:27|SH:90|WA:90|FT:0,3,"2026-04-27 10:49:22"
2623,a10537ebd0ed0b031aadeb1620c4e9a2152f6475,LH:26|RH:58|TF:0|LE:0|RE:0|MO:0|SH:0|WA:0|FT:0,2,"2026-04-27 10:49:22"
2624,"0d7f1794fe58deaea77e43949cb744614ba5e35e",LH:45|RH:45|TF:0|LE:0|RE:0|MO:0|SH:0|WA:60|FT:60,4,"2026-04-27 10:49:22"
2625,"625eb1262240304621bc99b9c5353339d9851293",LH:25|RH:25|TF:0|LE:0|RE:0|MO:0|SH:27|WA:0|FT:0,3,"2026-04-27 10:49:22"
2626,"2bc4dc9bae7833f8b3a2aeb9badc02924350501e",LH:45|RH:45|TF:0|LE:0|RE:0|MO:0|SH:27|WA:0|FT:0,3,"2026-04-27 10:49:22"
2627,f8633d8dc2ca43eb127892feaed0178af284cd73,LH:73|RH:0|TF:0|LE:0|RE:0|MO:0|SH:0|WA:73|FT:0,2,"2026-04-27 10:49:22"
2628,d1b3c96381fe0c11220452629d1e2969d80dd066,LH:0|RH:0|TF:0|LE:0|RE:0|MO:66|SH:0|WA:0|FT:0,1,"2026-04-27 10:49:22"
2629,c10af1ddb1dfc1bf15344400a7e5a38f63c6953f,LH:84|RH:84|TF:0|LE:0|RE:0|MO:0|SH:27|WA:0|FT:0,3,"2026-04-27 10:49:22"
2630,"0f6173e0a33bde093319c8cc6b524c70a31572e8",LH:82|RH:67|TF:0|LE:0|RE:0|MO:0|SH:0|WA:0|FT:0,2,"2026-04-27 10:49:22"
2631,"94f53e359a1adccffcc4f39d65118db5584dc2e5",LH:0|RH:42|TF:0|LE:0|RE:0|MO:45|SH:45|WA:0|FT:0,3,"2026-04-27 10:49:22"
2632,cce7aec89bf20a13882dc72f66be10d69dbbadd1,LH:56|RH:79|TF:0|LE:0|RE:0|MO:0|SH:0|WA:0|FT:0,2,"2026-04-27 10:49:22"
2633,"23c8b85e10151bd0bcc871dae5da54fab34348bc",LH:0|RH:0|TF:0|LE:0|RE:0|MO:0|SH:27|WA:56|FT:0,2,"2026-04-27 10:49:22"
2634,"83e996ec78e45f11073421661dd08a75b043608c",LH:41|RH:41|TF:0|LE:0|RE:0|MO:79|SH:0|WA:0|FT:0,3,"2026-04-27 10:49:22"
2635,"33e03fbf475af1314044e24b5e45bb0d415ac1b2",LH:0|RH:67|TF:0|LE:0|RE:0|MO:0|SH:27|WA:63|FT:63,4,"2026-04-27 10:49:22"
2636,c00ca1c1d38eba8eb46f53d0ec0d12e63649530c,LH:67|RH:0|TF:0|LE:0|RE:0|MO:0|SH:27|WA:63|FT:63,4,"2026-04-27 10:49:22"
2637,"011554ffbc6597be5d2cf9bbc09222d51e8428da",LH:73|RH:73|TF:0|LE:0|RE:0|MO:67|SH:0|WA:67|FT:0,4,"2026-04-27 10:49:22"
2638,b823be7d22354112a904f1300f3e7880c937c83a,LH:35|RH:32|TF:0|LE:0|RE:0|MO:0|SH:0|WA:0|FT:0,2,"2026-04-27 10:49:22"
2639,"24262c75d08bf3ac4128a0dfb0a9eac988150268",LH:0|RH:0|TF:0|LE:0|RE:67|MO:27|SH:0|WA:0|FT:0,2,"2026-04-27 10:49:22"
2640,"13de203b6427aca1e3225ccf4d67b7740930ed17",LH:80|RH:80|TF:0|LE:0|RE:0|MO:0|SH:27|WA:0|FT:0,3,"2026-04-27 10:49:22"
2641,"5461b5cfbdd35885b25cdce0213906bbe56b291b",LH:60|RH:60|TF:0|LE:0|RE:0|MO:0|SH:27|WA:56|FT:0,4,"2026-04-27 10:49:22"
2642,ccef8aad47f92ed48b0928a0e201ca655377c918,LH:0|RH:64|TF:0|LE:0|RE:0|MO:0|SH:27|WA:0|FT:0,2,"2026-04-27 10:49:22"
2643,"2f8060875a472e6579aab7ada84ed6f58e13f411",LH:56|RH:56|TF:0|LE:0|RE:0|MO:67|SH:67|WA:67|FT:0,5,"2026-04-27 10:49:22"
2644,"173cc15665f83d1f510a513ca89767c5d9b0f23c",LH:0|RH:0|TF:0|LE:0|RE:76|MO:0|SH:0|WA:0|FT:0,1,"2026-04-27 10:49:22"
2645,"762f4d80ea7ff1fbf1d980963c3b51c17044038f",LH:34|RH:67|TF:0|LE:0|RE:0|MO:0|SH:0|WA:0|FT:0,2,"2026-04-27 10:49:22"
2646,"12a7f9f5884077af2198265c6b040562ff82ccbc",LH:41|RH:43|TF:0|LE:0|RE:0|MO:0|SH:0|WA:0|FT:0,2,"2026-04-27 10:49:22"
2647,"408bd6e5955819bd9820343d444560eeb4f24f92",LH:73|RH:47|TF:0|LE:0|RE:0|MO:0|SH:0|WA:0|FT:0,2,"2026-04-27 10:49:22"
2648,"9b5a436c6b4202fdc86dd23e443ee746e05911f1",LH:0|RH:0|TF:0|LE:0|RE:0|MO:24|SH:0|WA:63|FT:0,2,"2026-04-27 10:49:22"
2649,db9a42db95ee1f2a985173310335a194516e5b84,LH:86|RH:56|TF:0|LE:0|RE:0|MO:0|SH:0|WA:0|FT:0,2,"2026-04-27 10:49:22"
2650,"9fc71c283cbf3cb3d6de2183719c9eebf066130c",LH:60|RH:60|TF:0|LE:0|RE:0|MO:41|SH:0|WA:0|FT:41,4,"2026-04-27 10:49:22"
2651,"9d843bb7c36688303f35490188847ca9fe1093f9",LH:49|RH:49|TF:0|LE:0|RE:0|MO:49|SH:0|WA:0|FT:0,3,"2026-04-27 10:49:22"
2652,"53eddb61ec67eed99ea1da42985ce2c21da6d0ec",LH:0|RH:90|TF:0|LE:0|RE:0|MO:0|SH:27|WA:89|FT:0,3,"2026-04-27 10:49:22"
2653,fac4376ce5d2c5943c9e01f6b03f803a2403dde6,LH:0|RH:58|TF:0|LE:0|RE:0|MO:27|SH:0|WA:0|FT:0,2,"2026-04-27 10:49:22"
2654,aaf2727d3472af400a911b617ff40a96f237d955,LH:1|RH:1|TF:0|LE:0|RE:0|MO:0|SH:0|WA:0|FT:26,3,"2026-04-27 10:49:22"
2655,fd6bdced915087ca9523b6299afe01deebb8d464,LH:0|RH:0|TF:25|LE:0|RE:0|MO:0|SH:0|WA:0|FT:0,1,"2026-04-27 10:49:22"
2656,"8eb1d9aa50f347a26f5383450aaa9fbdee1a712a",LH:63|RH:63|TF:0|LE:0|RE:0|MO:0|SH:0|WA:59|FT:0,3,"2026-04-27 10:49:22"
2657,a7ba54c5917285d413fecb3f1f11ea5626263228,LH:0|RH:0|TF:0|LE:0|RE:105|MO:0|SH:0|WA:0|FT:0,1,"2026-04-27 10:49:22"
2658,f5f86689a8b36ad6c9d092870adbcbc6b67f950d,LH:73|RH:73|TF:0|LE:0|RE:73|MO:0|SH:0|WA:0|FT:0,3,"2026-04-27 10:49:22"
2659,"834288aa6c9b5a911ced9e574ffb501928d735c3",LH:67|RH:63|TF:0|LE:0|RE:0|MO:0|SH:27|WA:0|FT:0,3,"2026-04-27 10:49:22"
2660,d3eda18c200a6ebd82dd783061832543c31fe5d1,LH:0|RH:0|TF:0|LE:0|RE:0|MO:0|SH:27|WA:90|FT:0,2,"2026-04-27 10:49:22"
2661,dead789953cba55425dd12ca9ed9d26fa20850a9,LH:0|RH:0|TF:0|LE:0|RE:0|MO:27|SH:0|WA:89|FT:0,2,"2026-04-27 10:49:22"
2662,f1914690fc1f7474896a953cafe4a7156daec1b5,LH:0|RH:0|TF:0|LE:0|RE:0|MO:0|SH:0|WA:0|FT:82,1,"2026-04-27 10:49:22"
2663,"48ee8e9a3fb43c74657880847606ffd219982193",LH:0|RH:73|TF:92|LE:0|RE:0|MO:0|SH:0|WA:0|FT:0,2,"2026-04-27 10:49:22"
2664,"570bc38d1012b30590ff55256d1d331d304a26f1",LH:81|RH:81|TF:0|LE:0|RE:0|MO:81|SH:0|WA:81|FT:0,4,"2026-04-27 10:49:22"
2665,"4f8bcbec7d2ea02682f736e8ede861f85d54cb8d",LH:60|RH:73|TF:0|LE:0|RE:0|MO:0|SH:0|WA:0|FT:0,2,"2026-04-27 10:49:22"
2666,"9332a58046692990d1d2f2bb4026fcc3219df767",LH:56|RH:67|TF:0|LE:0|RE:0|MO:0|SH:27|WA:0|FT:0,3,"2026-04-27 10:49:22"
2667,b172ca51c28c3c6c5ac6cd8e1aa2c401a1b17f9a,LH:0|RH:0|TF:0|LE:0|RE:0|MO:0|SH:92|WA:0|FT:0,1,"2026-04-27 10:49:22"
2668,"56c4fc67ff5897d191125c93cecc831fe64b8000",LH:82|RH:82|TF:0|LE:0|RE:0|MO:0|SH:27|WA:0|FT:0,3,"2026-04-27 10:49:22"
2669,ef750bb7587056142334aad4deb24dd85eb7d71a,LH:101|RH:101|TF:0|LE:0|RE:0|MO:0|SH:27|WA:0|FT:0,3,"2026-04-27 10:49:22"
2670,"485d942f9115c3a9d7abd913402f5e7ad7b3307d",LH:67|RH:56|TF:0|LE:0|RE:0|MO:0|SH:27|WA:0|FT:0,3,"2026-04-27 10:49:22"
2671,"05c923af2a538501f2731351caabf15409540a77",LH:1|RH:1|TF:0|LE:0|RE:0|MO:0|SH:0|WA:73|FT:0,3,"2026-04-27 10:49:22"
2672,d4d38617c2f6ba51003ad39ab8cc67fd1d1c588b,LH:0|RH:0|TF:0|LE:0|RE:0|MO:0|SH:0|WA:47|FT:0,1,"2026-04-27 10:49:22"
2673,a2046588b660e19d7fa119ab72b8ca8625fa102d,LH:56|RH:67|TF:0|LE:0|RE:0|MO:0|SH:0|WA:60|FT:0,3,"2026-04-27 10:49:22"
2674,"23d07f9c13b2dace8e1a450cfd82bcfb62005425",LH:67|RH:67|TF:0|LE:0|RE:73|MO:0|SH:0|WA:0|FT:0,3,"2026-04-27 10:49:22"
2675,"0ec4036e106595f0e35b6db06af6e5a05f8e6ab7",LH:0|RH:60|TF:0|LE:0|RE:0|MO:45|SH:0|WA:0|FT:0,2,"2026-04-27 10:49:22"
2676,"68e203bd32ed718c669c8929f6f44b809d8af865",LH:45|RH:0|TF:0|LE:0|RE:0|MO:0|SH:27|WA:0|FT:0,2,"2026-04-27 10:49:22"
2677,"9adcafee3ee776cdee4ea7fe4acedf4f3a2ccf05",LH:60|RH:41|TF:0|LE:0|RE:0|MO:0|SH:0|WA:0|FT:56,3,"2026-04-27 10:49:22"
2678,"85d70f2a2482c8c0357bdbab538051559d52aca3",LH:0|RH:73|TF:0|LE:0|RE:0|MO:73|SH:0|WA:0|FT:0,2,"2026-04-27 10:49:22"
2679,"1a7f3dd200be38033d92c9bf364594057bf819e9",LH:0|RH:0|TF:0|LE:0|RE:0|MO:27|SH:63|WA:63|FT:63,4,"2026-04-27 10:49:22"
2680,"79783cf1e1a1a3fa47a3d9ee11ba22f522b6c498",LH:0|RH:67|TF:0|LE:0|RE:0|MO:0|SH:0|WA:0|FT:32,2,"2026-04-27 10:49:22"
2681,"2573d2b10a0b9c92e2ff56cc7cc723aaf2a4e7af",LH:0|RH:73|TF:0|LE:0|RE:0|MO:0|SH:0|WA:56|FT:56,3,"2026-04-27 10:49:22"
2682,"93dee93371619c28b51abbb644ac830978b6ce04",LH:60|RH:60|TF:0|LE:0|RE:0|MO:0|SH:0|WA:67|FT:0,3,"2026-04-27 10:49:22"
2683,"54378ff20e72bbc5c03e28e31a5b5f3e9deae1c8",LH:4|RH:0|TF:0|LE:0|RE:0|MO:0|SH:27|WA:0|FT:0,2,"2026-04-27 10:49:22"
2684,"969e10d8fdceecbf0da6f831bda76dfb5de61827",LH:0|RH:0|TF:0|LE:67|RE:0|MO:0|SH:0|WA:0|FT:63,2,"2026-04-27 10:49:22"
2685,"734dccd1b017e3f1e4721d2b8dc543656cd78f9c",LH:73|RH:73|TF:92|LE:0|RE:0|MO:0|SH:0|WA:0|FT:0,3,"2026-04-27 10:49:22"
2686,"061dd5bb64f5657828a39845054b13517c9d700d",LH:59|RH:59|TF:0|LE:0|RE:0|MO:0|SH:0|WA:67|FT:67,4,"2026-04-27 10:49:22"
2687,bcf6beb63528289717ac33b5577248b27273bef1,LH:56|RH:0|TF:0|LE:0|RE:0|MO:0|SH:0|WA:0|FT:41,2,"2026-04-27 10:49:22"
2688,aeca8df4331a4de08f3e16544e8a89b085628f81,LH:76|RH:76|TF:0|LE:0|RE:0|MO:0|SH:0|WA:56|FT:0,3,"2026-04-27 10:49:22"
2689,"94dd0150e4faa3a5eeae4d9096860dc99476549c",LH:0|RH:78|TF:0|LE:0|RE:0|MO:0|SH:27|WA:0|FT:0,2,"2026-04-27 10:49:22"
2690,cb26512d58554a44db6d668dd86b299e739e21ac,LH:67|RH:67|TF:0|LE:0|RE:0|MO:0|SH:0|WA:73|FT:0,3,"2026-04-27 10:49:22"
2691,"6ee009dca8b984726d72430e21e9eeb8dff75b39",LH:47|RH:60|TF:0|LE:0|RE:0|MO:0|SH:0|WA:0|FT:0,2,"2026-04-27 10:49:22"
2692,c7d05d4b1e16940f0352ddab73048245fd58dc1d,LH:73|RH:0|TF:0|LE:0|RE:0|MO:41|SH:0|WA:0|FT:0,2,"2026-04-27 10:49:22"
2693,bed00ec577d51d82f46ebf03d2ce79906f1bc440,LH:28|RH:28|TF:0|LE:0|RE:0|MO:0|SH:0|WA:0|FT:28,3,"2026-04-27 10:49:22"
2694,c35127ecf23bd1fb547f0fbcb29a4e222fc08994,LH:63|RH:63|TF:0|LE:0|RE:0|MO:41|SH:27|WA:0|FT:0,4,"2026-04-27 10:49:22"
2695,a3f548ddec20c8b86fa4e1671f933cfea8c20fd0,LH:56|RH:56|TF:0|LE:0|RE:0|MO:0|SH:0|WA:95|FT:0,3,"2026-04-27 10:49:22"
2696,d2487d41bd647e51f6cdd64a0ecd9c49ce3438a6,LH:55|RH:45|TF:0|LE:0|RE:0|MO:0|SH:0|WA:0|FT:0,2,"2026-04-27 10:49:22"
2697,"3f1d7f69b07d8a33cf2872aef1748f4fc586b948",LH:60|RH:0|TF:0|LE:0|RE:0|MO:0|SH:0|WA:73|FT:0,2,"2026-04-27 10:49:22"
2698,f877d5c12b16af04af853141d4a05a4f80c95a68,LH:60|RH:60|TF:0|LE:0|RE:0|MO:0|SH:0|WA:0|FT:73,3,"2026-04-27 10:49:22"
2699,"2bcfc98b1b07c3afe6462e1b57613c0b9641bcb9",LH:59|RH:59|TF:0|LE:0|RE:0|MO:63|SH:63|WA:63|FT:0,5,"2026-04-27 10:49:22"
2700,"682f9dbba0f49d6a9b2d40c8df1e0de181ad373e",LH:114|RH:0|TF:0|LE:0|RE:0|MO:0|SH:0|WA:0|FT:0,1,"2026-04-27 10:49:22"
2701,d57cf83c1b58c2c4840a8e274a65d1e144ad10cf,LH:59|RH:59|TF:0|LE:0|RE:0|MO:63|SH:0|WA:63|FT:0,4,"2026-04-27 10:49:22"
2702,"1397093932c7eefe1e6950c0edf2d197bdfdd757",LH:63|RH:16|TF:0|LE:0|RE:0|MO:0|SH:0|WA:0|FT:0,2,"2026-04-27 10:49:22"
2703,f36d07338c160f9843627fe40cf7240fb01035bf,LH:63|RH:63|TF:0|LE:0|RE:0|MO:90|SH:0|WA:0|FT:0,3,"2026-04-27 10:49:22"
2704,"7580346c00f2625890e9f4c02113251d615305c1",LH:73|RH:73|TF:0|LE:0|RE:0|MO:0|SH:0|WA:0|FT:39,3,"2026-04-27 10:49:22"
2705,"1c08b950be81582583a2eb7fa253c6aef02677cb",LH:73|RH:56|TF:0|LE:0|RE:0|MO:0|SH:27|WA:0|FT:0,3,"2026-04-27 10:49:22"
2706,e8d19f0ac2d6b52c3cabf576ad61926f67087b75,LH:0|RH:67|TF:0|LE:0|RE:0|MO:90|SH:0|WA:0|FT:0,2,"2026-04-27 10:49:22"
2707,"6bb3229a3b76eb89325ff60b6757ef735fe2a57b",LH:63|RH:2|TF:0|LE:0|RE:0|MO:0|SH:0|WA:0|FT:0,2,"2026-04-27 10:49:22"
2708,"512995fcedbfc7b1a9f49bf27d88efbbfea15f15",LH:54|RH:47|TF:0|LE:0|RE:0|MO:0|SH:0|WA:0|FT:0,2,"2026-04-27 10:49:22"
2709,"9499d5ee34a43561b488e51328b41d45e0d9ca30",LH:2|RH:2|TF:0|LE:0|RE:0|MO:41|SH:0|WA:0|FT:0,3,"2026-04-27 10:49:22"
2710,"9c925358c9fe1909d203c370e939ca50409e4c82",LH:0|RH:0|TF:0|LE:102|RE:0|MO:0|SH:0|WA:0|FT:0,1,"2026-04-27 10:49:22"
2711,"80a77ffa360d6b126dd64482094025fd28bce625",LH:73|RH:73|TF:0|LE:0|RE:0|MO:0|SH:0|WA:57|FT:57,4,"2026-04-27 10:49:22"
2712,"15a01aea066a64a70a5b8237f4c2fd23c64b1d46",LH:67|RH:63|TF:0|LE:0|RE:0|MO:73|SH:0|WA:0|FT:0,3,"2026-04-27 10:49:22"
2713,e90af186b51cdd6ba2b03330d392c7b78c1cd973,LH:67|RH:67|TF:0|LE:0|RE:0|MO:26|SH:0|WA:26|FT:26,5,"2026-04-27 10:49:22"
2714,"105b09093b456cf72087adff0ca2cbf7d8d6c309",LH:0|RH:0|TF:0|LE:0|RE:0|MO:100|SH:100|WA:100|FT:0,3,"2026-04-27 10:49:22"
2715,"346d28036e84fb9f4c1ce6788970c935587a9147",LH:60|RH:41|TF:0|LE:0|RE:0|MO:0|SH:0|WA:0|FT:41,3,"2026-04-27 10:49:22"
2716,"3615f653fd0cd97183239c075518f50714f200dd",LH:67|RH:67|TF:0|LE:0|RE:0|MO:26|SH:26|WA:26|FT:0,5,"2026-04-27 10:49:22"
2717,"67561b8c8a1e6bb60af64854afb3637005f8a857",LH:0|RH:0|TF:0|LE:0|RE:0|MO:100|SH:100|WA:100|FT:100,4,"2026-04-27 10:49:22"
2718,c11fc1c6987c1c5b683cc2d206e6c0eb20b98ada,LH:73|RH:0|TF:0|LE:0|RE:0|MO:0|SH:0|WA:0|FT:63,2,"2026-04-27 10:49:22"
2719,"7f661c4e08362ae51a55f8395478c58a940d18d9",LH:74|RH:74|TF:0|LE:0|RE:0|MO:0|SH:27|WA:0|FT:0,3,"2026-04-27 10:49:22"
2720,"296186e8471b39ef6edc901b5e3d1a3c8221af66",LH:73|RH:63|TF:0|LE:0|RE:0|MO:0|SH:0|WA:0|FT:73,3,"2026-04-27 10:49:22"
2721,c72ae9b90a2f3049182704cb6ee6afa46194ba7e,LH:7|RH:0|TF:0|LE:0|RE:0|MO:0|SH:27|WA:0|FT:0,2,"2026-04-27 10:49:22"
2722,"23bdcdd19352df587c142dedda0de2a45ab03823",LH:63|RH:0|TF:0|LE:0|RE:0|MO:73|SH:0|WA:0|FT:0,2,"2026-04-27 10:49:22"
2723,"77c1cf303b6590c7af72aefbbc72f9b93a5e78b7",LH:24|RH:63|TF:0|LE:0|RE:0|MO:0|SH:0|WA:0|FT:0,2,"2026-04-27 10:49:22"
2724,"67f626d22620e9f564db72d38ed9d6bb8acf0108",LH:41|RH:83|TF:0|LE:0|RE:0|MO:0|SH:0|WA:0|FT:0,2,"2026-04-27 10:49:22"
2725,c17b322ed92f3e18329efd99855e0e9997db1aed,LH:43|RH:60|TF:0|LE:0|RE:0|MO:0|SH:0|WA:0|FT:0,2,"2026-04-27 10:49:22"
2726,f03aff89d2c9f19c85eb6b119cd1c318c1a6240b,LH:54|RH:60|TF:0|LE:0|RE:0|MO:0|SH:0|WA:0|FT:0,2,"2026-04-27 10:49:22"
2727,f1f98bc1860f74e5c621b7fe66eb28e36b91de80,LH:63|RH:63|TF:0|LE:0|RE:0|MO:0|SH:24|WA:24|FT:24,5,"2026-04-27 10:49:22"
2728,edaeb3927374874725f87a60e967adb0765f1741,LH:28|RH:28|TF:0|LE:0|RE:0|MO:0|SH:27|WA:0|FT:0,3,"2026-04-27 10:49:22"
2729,"7bbad404a32a3fdbe0f243a9717bb1b495c834c1",LH:60|RH:60|TF:0|LE:0|RE:0|MO:44|SH:0|WA:0|FT:0,3,"2026-04-27 10:49:22"
2730,ee49a58185605a4255524be9b332b7a6734b7da1,LH:83|RH:0|TF:0|LE:0|RE:0|MO:0|SH:0|WA:26|FT:0,2,"2026-04-27 10:49:22"
2731,a1032175be4ebcd7c466db1d033472b8387c6425,LH:0|RH:106|TF:0|LE:0|RE:0|MO:0|SH:0|WA:0|FT:0,1,"2026-04-27 10:49:22"
2732,"70625c34f5e1ccc83840708e761f55732f60c81d",LH:0|RH:67|TF:0|LE:0|RE:0|MO:0|SH:63|WA:63|FT:0,3,"2026-04-27 10:49:22"
2733,"312d1fc1b0fd59bac5947993f54982996f4ef663",LH:95|RH:73|TF:0|LE:0|RE:0|MO:0|SH:0|WA:0|FT:0,2,"2026-04-27 10:49:22"
2734,d90cea4352c733c98bab2f149a862ceadab3a091,LH:67|RH:67|TF:0|LE:0|RE:0|MO:0|SH:83|WA:83|FT:83,5,"2026-04-27 10:49:22"
2735,d1aad0533c8d65288b21e4b3eec68ab5ef29079a,LH:0|RH:67|TF:0|LE:0|RE:0|MO:0|SH:0|WA:95|FT:0,2,"2026-04-27 10:49:22"
2736,"437986282463253e54ab9600d3e87059c456dc8d",LH:83|RH:83|TF:0|LE:0|RE:0|MO:0|SH:0|WA:26|FT:26,4,"2026-04-27 10:49:22"
2737,"9529c33b5992f8882ea98e18ec6d5ad9828b6cf6",LH:62|RH:62|TF:0|LE:0|RE:0|MO:0|SH:27|WA:0|FT:0,3,"2026-04-27 10:49:22"
2738,"33618206876987f74100175afb5bfb33b9d175c3",LH:49|RH:47|TF:0|LE:0|RE:0|MO:0|SH:0|WA:0|FT:0,2,"2026-04-27 10:49:22"
2739,a364161a5d4762f3b8d7d1d93f68506e72fb4fad,LH:65|RH:0|TF:0|LE:0|RE:0|MO:0|SH:27|WA:0|FT:0,2,"2026-04-27 10:49:22"
2740,"07312cd9f56264f769ecf1f937f2dbeb0f3cde3c",LH:67|RH:41|TF:0|LE:0|RE:0|MO:0|SH:0|WA:56|FT:56,4,"2026-04-27 10:49:22"
2741,c83bee4f16a0e797a7c993e7acd9905ebf566bf8,LH:39|RH:39|TF:0|LE:0|RE:0|MO:0|SH:0|WA:0|FT:39,3,"2026-04-27 10:49:22"
2742,b728888e970a118a9c4576da0890f816f6a30ccf,LH:29|RH:29|TF:0|LE:0|RE:0|MO:0|SH:27|WA:0|FT:0,3,"2026-04-27 10:49:22"
2743,"86436f30c854a17c78f5e46f8efc554726a850bc",LH:0|RH:0|TF:0|LE:0|RE:63|MO:0|SH:0|WA:63|FT:0,2,"2026-04-27 10:49:22"
2744,"6ba3666affa31f47f7e18eef3f9b1c99bc4b486b",LH:73|RH:73|TF:0|LE:0|RE:0|MO:0|SH:27|WA:73|FT:0,4,"2026-04-27 10:49:22"
2745,"3eefbfd46bdb6c705c2eca4bf22cb4ecd95281ca",LH:63|RH:63|TF:0|LE:0|RE:0|MO:24|SH:0|WA:0|FT:0,3,"2026-04-27 10:49:22"
2746,d485d45cb1bafc9a3ff1ae8f9d21db64352ccca0,LH:90|RH:90|TF:0|LE:0|RE:0|MO:89|SH:89|WA:0|FT:0,4,"2026-04-27 10:49:22"
2747,dcddc02fff1288035e98b62c9cd22eabf5bf3642,LH:59|RH:59|TF:0|LE:73|RE:73|MO:0|SH:73|WA:73|FT:73,7,"2026-04-27 10:49:22"
2748,"2c9199d4f6324ae602bd9bc7c191b52d8bea8b18",LH:63|RH:63|TF:0|LE:0|RE:0|MO:0|SH:0|WA:24|FT:0,3,"2026-04-27 10:49:22"
2749,"204ba107f168a65b3fb543dec7957c691f7e1d6c",LH:63|RH:63|TF:0|LE:0|RE:0|MO:0|SH:27|WA:0|FT:41,4,"2026-04-27 10:49:22"
2750,"03e8a8987be6d7ac552aa60fd622af907b84e59b",LH:24|RH:24|TF:0|LE:0|RE:0|MO:0|SH:26|WA:26|FT:0,4,"2026-04-27 10:49:22"
2751,"8dd74f29087cb1798506d81506d4c7855ea3bfe7",LH:73|RH:32|TF:0|LE:0|RE:0|MO:0|SH:0|WA:0|FT:0,2,"2026-04-27 10:49:22"
2752,"67cfdb3c6aee86a62d6fdd4bf50ea38b74262824",LH:73|RH:73|TF:0|LE:0|RE:0|MO:0|SH:0|WA:24|FT:24,4,"2026-04-27 10:49:22"
2753,"01670241a69e14e8bba317082a1143e898b55c5f",LH:0|RH:63|TF:0|LE:0|RE:0|MO:0|SH:0|WA:67|FT:67,3,"2026-04-27 10:49:22"
2754,"805f9db484e623832c250fe11ef6fe68255cb97e",LH:57|RH:57|TF:0|LE:0|RE:0|MO:41|SH:0|WA:0|FT:41,4,"2026-04-27 10:49:22"
2755,"30efdbe6a798c0edb887ef46d2277609818910ef",LH:63|RH:95|TF:0|LE:0|RE:0|MO:67|SH:0|WA:0|FT:0,3,"2026-04-27 10:49:22"
2756,"27013872f5dfcf891b55a76091034cd4d365bda8",LH:63|RH:63|TF:0|LE:0|RE:0|MO:0|SH:27|WA:0|FT:56,4,"2026-04-27 10:49:22"
2757,cf0fa274698f160a8ea2539d61a6f57b75c04364,LH:0|RH:73|TF:0|LE:0|RE:0|MO:73|SH:0|WA:73|FT:0,3,"2026-04-27 10:49:22"
2758,c89d75d9f0bc7fd1878323ff8e7cbcfe4fc2155f,LH:73|RH:73|TF:0|LE:0|RE:0|MO:0|SH:0|WA:56|FT:41,4,"2026-04-27 10:49:22"
2759,"60ef23b0de7e6e97fbe2be0e1326002dcf58d380",LH:63|RH:63|TF:0|LE:0|RE:0|MO:0|SH:0|WA:83|FT:0,3,"2026-04-27 10:49:22"
2760,a2a9956866e296f38d4826b591b27ea45016767c,LH:0|RH:0|TF:0|LE:0|RE:0|MO:0|SH:81|WA:81|FT:0,2,"2026-04-27 10:49:22"
2761,"0c88a1f93a3845c3ee955f03cfb529bdbe49a502",LH:81|RH:83|TF:0|LE:0|RE:0|MO:0|SH:0|WA:0|FT:0,2,"2026-04-27 10:49:22"
2762,e5dc7c800dc84bd7d47ae5fdeb72591facb65519,LH:47|RH:55|TF:0|LE:0|RE:0|MO:0|SH:0|WA:0|FT:0,2,"2026-04-27 10:49:22"
2763,ac5c1c399aca7be51987ab9940ec7510f2ad1728,LH:16|RH:63|TF:0|LE:0|RE:0|MO:0|SH:0|WA:0|FT:0,2,"2026-04-27 10:49:22"
2764,"908247418577f7e11176faa0914db82eac490594",LH:0|RH:41|TF:0|LE:0|RE:0|MO:0|SH:0|WA:0|FT:73,2,"2026-04-27 10:49:22"
2765,"7d5c9ae6f23bcd2d2af641f193a2e52b1d332f72",LH:26|RH:95|TF:0|LE:0|RE:0|MO:0|SH:0|WA:0|FT:0,2,"2026-04-27 10:49:22"
2766,"98478c17057b3806cd1ad9b2489067f8cf791d1b",LH:81|RH:81|TF:0|LE:0|RE:0|MO:0|SH:0|WA:0|FT:83,3,"2026-04-27 10:49:22"
2767,"0869cf169d9fe2101cdf3643dd1b37763ecb70f5",LH:57|RH:95|TF:0|LE:0|RE:0|MO:0|SH:0|WA:0|FT:0,2,"2026-04-27 10:49:22"
2768,d6a944ab3e0ea4b991a810167259c33ab6ce738a,LH:40|RH:41|TF:0|LE:0|RE:0|MO:0|SH:0|WA:0|FT:0,2,"2026-04-27 10:49:22"
2769,"126ba6ffad625d97b5ad73ce8917e543ef7ceb08",LH:0|RH:0|TF:0|LE:0|RE:0|MO:27|SH:0|WA:97|FT:0,2,"2026-04-27 10:49:22"
2770,be047263b77290c1a68294e092c84cccf9d70af7,LH:90|RH:0|TF:0|LE:0|RE:0|MO:0|SH:0|WA:89|FT:89,3,"2026-04-27 10:49:22"
2771,"242f8815786112b04c0d527e35d3df6c45b2aace",LH:67|RH:63|TF:0|LE:0|RE:0|MO:0|SH:0|WA:0|FT:73,3,"2026-04-27 10:49:22"
2772,e69a3b1298ad397e3dcd161376c6cbdee976901c,LH:0|RH:107|TF:0|LE:0|RE:0|MO:0|SH:0|WA:0|FT:0,1,"2026-04-27 10:49:22"
2773,"41769a8a6bedb2c30d3e3e49c4a7708ee8a4bcc3",LH:41|RH:0|TF:0|LE:0|RE:0|MO:0|SH:0|WA:0|FT:60,2,"2026-04-27 10:49:22"
2774,"2edf1722234175c7bb12bde19734e97ed04dcaa2",LH:63|RH:63|TF:0|LE:0|RE:0|MO:0|SH:26|WA:26|FT:26,5,"2026-04-27 10:49:22"
2775,"75959a694e17c9b1af8ef25f25beddbe755cba0d",LH:67|RH:95|TF:0|LE:0|RE:0|MO:0|SH:0|WA:63|FT:0,3,"2026-04-27 10:49:22"
2776,"7a97671d82ce4d26210ae60fe5267492ca0a048e",LH:0|RH:0|TF:0|LE:0|RE:0|MO:81|SH:0|WA:0|FT:0,1,"2026-04-27 10:49:22"
2777,d0c3d479abf69a1d6f7670f4dfe3fda3321101a0,LH:59|RH:59|TF:0|LE:73|RE:73|MO:0|SH:73|WA:73|FT:0,6,"2026-04-27 10:49:22"
2778,"9cb4b84de4cb5f103c784745a4d863f11e86933f",LH:24|RH:24|TF:0|LE:0|RE:0|MO:67|SH:0|WA:0|FT:0,3,"2026-04-27 10:49:22"
2779,c28b33da2cb1515304ff69340d9f8a495da5230a,LH:0|RH:0|TF:0|LE:0|RE:0|MO:92|SH:0|WA:92|FT:24,3,"2026-04-27 10:49:22"
2780,"622e37af03bc592188c0138f3e0bdcca68b8634d",LH:24|RH:24|TF:0|LE:0|RE:0|MO:92|SH:0|WA:0|FT:0,3,"2026-04-27 10:49:22"
2781,"2ca4bc8e8ec5a4e748ca963b882d9235d46b45e6",LH:95|RH:95|TF:0|LE:0|RE:0|MO:0|SH:0|WA:67|FT:0,3,"2026-04-27 10:49:22"
2782,"4ec23542c62a6516912e173be52a2d76e1165740",LH:60|RH:95|TF:0|LE:0|RE:0|MO:0|SH:0|WA:63|FT:0,3,"2026-04-27 10:49:22"
2783,"65e8d5e50711b778ecc4b2f4f6590f8843834519",LH:0|RH:0|TF:0|LE:0|RE:0|MO:27|SH:0|WA:80|FT:80,3,"2026-04-27 10:49:22"
2784,b636dc7950a69b375c15162318f5a5e993a5b11c,LH:63|RH:0|TF:0|LE:0|RE:0|MO:0|SH:0|WA:0|FT:73,2,"2026-04-27 10:49:22"
2785,eb8c163d7df5d2b1f27ca941f6c91b465c613dbb,LH:79|RH:41|TF:0|LE:0|RE:0|MO:0|SH:0|WA:0|FT:0,2,"2026-04-27 10:49:22"
2786,f3979aa8b72172a2e4961f8ca7945e537bbe6940,LH:67|RH:67|TF:0|LE:0|RE:0|MO:0|SH:0|WA:95|FT:0,3,"2026-04-27 10:49:22"
2787,b3accebdfc99c8d0f7188ca598b31b3208bc904f,LH:0|RH:0|TF:0|LE:0|RE:0|MO:0|SH:27|WA:0|FT:26,2,"2026-04-27 10:49:22"
2788,ff248d4701c1a054a28be8acc10faf1b21bad411,LH:37|RH:37|TF:0|LE:0|RE:0|MO:0|SH:0|WA:0|FT:37,3,"2026-04-27 10:49:22"
2789,"990af769b394080e1838aa437c629954760a3469",LH:0|RH:0|TF:0|LE:0|RE:0|MO:110|SH:0|WA:90|FT:0,2,"2026-04-27 10:49:22"
2790,a2ccc4911d939ffa873f6d860f13f83945da54b8,LH:67|RH:65|TF:0|LE:0|RE:0|MO:0|SH:0|WA:0|FT:0,2,"2026-04-27 10:49:22"
2791,"442012461b7f6f13c50529ec906148f6c67e072f",LH:66|RH:66|TF:0|LE:0|RE:0|MO:0|SH:0|WA:56|FT:56,4,"2026-04-27 10:49:22"
2792,"65af5c4e1e1a117ef25a1f0a3947a71dc444a380",LH:63|RH:63|TF:0|LE:0|RE:0|MO:90|SH:90|WA:90|FT:0,5,"2026-04-27 10:49:22"
2793,f07c1c119f6c0721631dc1f844597147be830898,LH:0|RH:0|TF:0|LE:100|RE:100|MO:0|SH:100|WA:100|FT:0,4,"2026-04-27 10:49:22"
2794,da433ba93e230cb502dafa623b1950c0f17c8fa4,LH:73|RH:73|TF:0|LE:73|RE:73|MO:0|SH:73|WA:73|FT:0,6,"2026-04-27 10:49:22"
2795,"07d2ffbf0ef6471a6be52bf701c3cc8ce093cfcf",LH:26|RH:26|TF:0|LE:0|RE:0|MO:0|SH:0|WA:26|FT:26,4,"2026-04-27 10:49:22"
2796,"58b3bd958076cc1f68605ce3019f4845d739c5ac",LH:0|RH:0|TF:0|LE:103|RE:103|MO:0|SH:0|WA:0|FT:0,2,"2026-04-27 10:49:22"
2797,acdc3c670c8fa36743579f656ba72e4d9141ffd5,LH:95|RH:60|TF:0|LE:0|RE:0|MO:0|SH:0|WA:63|FT:0,3,"2026-04-27 10:49:22"
2798,d510310f6162063126640ccd8fa317d631517d2b,LH:0|RH:0|TF:0|LE:0|RE:0|MO:0|SH:27|WA:73|FT:0,2,"2026-04-27 10:49:22"
2799,"61a4a8606c3f904d8fcbc02dc02db3be03296589",LH:67|RH:67|TF:0|LE:0|RE:0|MO:67|SH:0|WA:0|FT:0,3,"2026-04-27 10:49:22"
2800,"32d8e20bdda1134e7a97e6555c64a0a635b7734a",LH:58|RH:0|TF:0|LE:0|RE:0|MO:90|SH:0|WA:0|FT:0,2,"2026-04-27 10:49:22"
2801,"2bdac42adc6b79175965727bf184734dd5a4ee78",LH:0|RH:0|TF:0|LE:101|RE:0|MO:0|SH:101|WA:101|FT:101,4,"2026-04-27 10:49:22"
2802,b49cfcb1d1ba790a07439687b4a29e5e0e74fa68,LH:0|RH:0|TF:0|LE:0|RE:0|MO:25|SH:0|WA:25|FT:0,2,"2026-04-27 10:49:22"
2803,"8d7814b815af654e62e2ccbcdd4659aa0525169e",LH:73|RH:73|TF:0|LE:0|RE:0|MO:0|SH:0|WA:56|FT:73,4,"2026-04-27 10:49:22"
2804,"4f8f5eb5440eec157e3e874048f15e663794d41d",LH:83|RH:83|TF:0|LE:0|RE:0|MO:0|SH:0|WA:83|FT:83,4,"2026-04-27 10:49:22"
2805,af6d4770275f46735a3aaa8a758890317898abdc,LH:51|RH:43|TF:0|LE:0|RE:0|MO:0|SH:0|WA:0|FT:0,2,"2026-04-27 10:49:22"
2806,"22724deed680d92ecb47538ac1fbc14628328ace",LH:32|RH:32|TF:0|LE:0|RE:0|MO:0|SH:27|WA:0|FT:0,3,"2026-04-27 10:49:22"
2807,b2281b51cc67808845233e250e50d3be1bd03ca6,LH:81|RH:81|TF:0|LE:0|RE:0|MO:0|SH:27|WA:0|FT:0,3,"2026-04-27 10:49:22"
2808,e78191d69a964e1e44b7b454c93d4cc3584c6e2d,LH:67|RH:63|TF:0|LE:0|RE:0|MO:0|SH:0|WA:0|FT:41,3,"2026-04-27 10:49:22"
2809,e101ca6650bf379dfaf557c1f1d653fa9a136b0a,LH:67|RH:92|TF:0|LE:0|RE:67|MO:0|SH:67|WA:0|FT:0,4,"2026-04-27 10:49:22"
2810,"32f5ddc85e3b6811d99918a2236575bd5575ae48",LH:67|RH:67|TF:0|LE:0|RE:0|MO:73|SH:0|WA:0|FT:0,3,"2026-04-27 10:49:22"
2811,"2b712941af353f83c99f52e5ac0936b57304bd8b",LH:58|RH:58|TF:0|LE:0|RE:0|MO:0|SH:0|WA:81|FT:0,3,"2026-04-27 10:49:22"
2812,"61ab3a382d450e0640036c20d6abb179804d7098",LH:63|RH:63|TF:74|LE:0|RE:0|MO:0|SH:0|WA:0|FT:0,3,"2026-04-27 10:49:22"
2813,"2a4e32343aaa6fac96f6660a2e7b175419a256fd",LH:73|RH:73|TF:73|LE:73|RE:0|MO:0|SH:0|WA:0|FT:0,4,"2026-04-27 10:49:22"
2814,"42c69e56efcf3be47fea56a9d39190b6f9727f36",LH:73|RH:73|TF:0|LE:0|RE:0|MO:0|SH:0|WA:73|FT:0,3,"2026-04-27 10:49:22"
2815,e262b02316b7ccae25e46c66846ba726be64aa51,LH:16|RH:16|TF:0|LE:0|RE:0|MO:0|SH:0|WA:81|FT:0,3,"2026-04-27 10:49:22"
2816,"8152ac9f0272a5ac359f196f56cc050a419c8e33",LH:57|RH:57|TF:0|LE:0|RE:0|MO:0|SH:0|WA:67|FT:67,4,"2026-04-27 10:49:22"
2817,fcd784efc14c4fb1b01b0cfdf77b8460ef9e867a,LH:59|RH:59|TF:0|LE:0|RE:0|MO:73|SH:0|WA:73|FT:73,5,"2026-04-27 10:49:22"
2818,"7b5e5d6ffdf48f559bc6601a948bb6070d66b364",LH:80|RH:0|TF:0|LE:0|RE:0|MO:0|SH:0|WA:0|FT:0,1,"2026-04-27 10:49:22"
2819,"3906fd8b224df7f94347c0313265f97a77ed14e9",LH:73|RH:41|TF:0|LE:0|RE:0|MO:0|SH:0|WA:56|FT:0,3,"2026-04-27 10:49:22"
2820,"66e9915b6c7b1397f699907454e939a7b0d6f646",LH:67|RH:0|TF:0|LE:0|RE:0|MO:0|SH:0|WA:73|FT:73,3,"2026-04-27 10:49:22"
2821,"4e0875842252d2194b5f180a80f8486503ab744b",LH:0|RH:0|TF:0|LE:0|RE:0|MO:0|SH:0|WA:89|FT:63,2,"2026-04-27 10:49:22"
2822,ff32b576377a6561e2b5e5a1159f248d1020c9d5,LH:57|RH:57|TF:0|LE:0|RE:67|MO:0|SH:0|WA:0|FT:0,3,"2026-04-27 10:49:22"
2823,"07e9d1ea7a021e1268484cc8507ae750c4f72daa",LH:0|RH:0|TF:0|LE:0|RE:0|MO:80|SH:0|WA:0|FT:0,1,"2026-04-27 10:49:22"
2824,ff54a1610b6108cdd029c922931ac12c7fe21b02,LH:73|RH:63|TF:0|LE:0|RE:0|MO:0|SH:0|WA:0|FT:56,3,"2026-04-27 10:49:22"
2825,"7b79dd47e8b6d2a55c337a2fea7054d291f96639",LH:0|RH:0|TF:0|LE:0|RE:0|MO:0|SH:0|WA:100|FT:0,1,"2026-04-27 10:49:22"
2826,"4f4153c20ea926702d2f91a12c7c503fd6c208c5",LH:73|RH:67|TF:92|LE:0|RE:0|MO:0|SH:0|WA:0|FT:0,3,"2026-04-27 10:49:22"
2827,"378b3646bc7b6ea03bd4fee860aa687cde0b3c4c",LH:63|RH:90|TF:0|LE:0|RE:0|MO:0|SH:0|WA:0|FT:0,2,"2026-04-27 10:49:22"
2828,f1751b3f393033eaeaeac7e10e111d2f71a02c8b,LH:25|RH:25|TF:0|LE:0|RE:0|MO:73|SH:0|WA:0|FT:0,3,"2026-04-27 10:49:22"
2829,"563e62de2122abbaa81d11455df1636067989c9a",LH:0|RH:92|TF:0|LE:0|RE:0|MO:0|SH:0|WA:56|FT:0,2,"2026-04-27 10:49:22"
2830,"394cc8df882368c5016f16a2df8f15d4c13ecff1",LH:79|RH:79|TF:111|LE:0|RE:0|MO:0|SH:0|WA:0|FT:0,3,"2026-04-27 10:49:22"
2831,"9887c394143b5cc602f1b11050c86d03897486a8",LH:57|RH:57|TF:0|LE:0|RE:0|MO:0|SH:0|WA:81|FT:0,3,"2026-04-27 10:49:22"
2832,c51bc7f60e70c1ac8feb16adec0ce3dcfbfe236f,LH:0|RH:0|TF:0|LE:0|RE:0|MO:0|SH:80|WA:0|FT:0,1,"2026-04-27 10:49:22"
2833,b7d5dc818502f2b802e84c846398ecfbdb3e07f3,LH:81|RH:56|TF:0|LE:0|RE:0|MO:0|SH:0|WA:0|FT:0,2,"2026-04-27 10:49:22"
2834,"9359bc08e3e2d21036a7da92ec3488219fa68fe5",LH:77|RH:77|TF:0|LE:0|RE:0|MO:0|SH:0|WA:81|FT:81,4,"2026-04-27 10:49:22"
2835,abfa9edf82ee5edb71b36f9bf4556abf28e160a2,LH:25|RH:25|TF:0|LE:0|RE:0|MO:0|SH:73|WA:73|FT:73,5,"2026-04-27 10:49:22"
2836,"5966fa11119710c73bf7178f282ebc957318cd41",LH:81|RH:81|TF:0|LE:0|RE:0|MO:81|SH:0|WA:0|FT:0,3,"2026-04-27 10:49:22"
2837,"3c91f357b2eb042e7271f81dbd43907e91f84038",LH:0|RH:0|TF:0|LE:0|RE:0|MO:0|SH:81|WA:81|FT:81,3,"2026-04-27 10:49:22"
2838,"3dd71761c9ff72864aba603fc6942f1acb200949",LH:57|RH:57|TF:0|LE:0|RE:0|MO:81|SH:0|WA:81|FT:0,4,"2026-04-27 10:49:22"
2839,"2d9f6727cc5459995b438f64e456e39ccfba5150",LH:59|RH:59|TF:0|LE:0|RE:0|MO:73|SH:0|WA:0|FT:73,4,"2026-04-27 10:49:22"
2840,"5db461d6584e9d7d455174f7358871c406f9b3f9",LH:0|RH:0|TF:0|LE:0|RE:0|MO:81|SH:0|WA:0|FT:81,2,"2026-04-27 10:49:22"
2841,"92f6860e0a2148646fec59ee367fd99391c565d8",LH:73|RH:0|TF:0|LE:0|RE:0|MO:0|SH:0|WA:0|FT:73,2,"2026-04-27 10:49:22"
2842,f6121185c02fb2faf70491de5da97d889d66d4c4,LH:0|RH:98|TF:0|LE:0|RE:0|MO:0|SH:0|WA:0|FT:0,1,"2026-04-27 10:49:22"
2843,a58ecffccb19f64659132bb60fbc005637063d96,LH:0|RH:0|TF:0|LE:0|RE:113|MO:0|SH:0|WA:0|FT:0,1,"2026-04-27 10:49:22"
2844,abed3087c18dae6d70fb5b7b538f11a52fe6acdd,LH:49|RH:41|TF:0|LE:0|RE:0|MO:0|SH:0|WA:0|FT:0,2,"2026-04-27 10:49:22"
2845,f101ec1a0729b53c347b714fdc4c52a0d3c4624b,LH:0|RH:0|TF:0|LE:0|RE:0|MO:89|SH:0|WA:89|FT:0,2,"2026-04-27 10:49:22"
2846,"172269060221b4a18639233591240e0831e92a81",LH:81|RH:81|TF:0|LE:0|RE:0|MO:0|SH:0|WA:0|FT:56,3,"2026-04-27 10:49:22"
2847,"57a6145297bf7208c517094c00c44562852456f5",LH:73|RH:0|TF:0|LE:73|RE:0|MO:0|SH:0|WA:0|FT:0,2,"2026-04-27 10:49:22"
2848,"2c2e1fd1686801b9a3970b75884a2c7a11d48091",LH:90|RH:0|TF:0|LE:0|RE:0|MO:0|SH:0|WA:89|FT:0,2,"2026-04-27 10:49:22"
2849,f577b218dd412a531f2c3d2e376231f1dbc5e7af,LH:57|RH:57|TF:73|LE:0|RE:0|MO:0|SH:0|WA:0|FT:0,3,"2026-04-27 10:49:22"
2850,cc25cb419a0afc06825757ece836aa27223b11e3,LH:0|RH:0|TF:0|LE:0|RE:0|MO:0|SH:27|WA:0|FT:58,2,"2026-04-27 10:49:22"
2851,c2abb2b79378082b91bdadf519db131c7178a86c,LH:0|RH:0|TF:0|LE:97|RE:0|MO:0|SH:0|WA:97|FT:0,2,"2026-04-27 10:49:22"
2852,"44e3a96566098448d848249fc20dfe55ff802dca",LH:41|RH:63|TF:0|LE:0|RE:0|MO:0|SH:27|WA:0|FT:0,3,"2026-04-27 10:49:22"
2853,b736bfa078e066e147c5361f39a0b6c3c73132cb,LH:67|RH:0|TF:0|LE:0|RE:0|MO:27|SH:0|WA:63|FT:63,4,"2026-04-27 10:49:22"
2854,"5cab7c7392f2851a834aa189fcd129b727d08278",LH:82|RH:95|TF:0|LE:0|RE:0|MO:0|SH:27|WA:0|FT:0,3,"2026-04-27 10:49:22"
2855,"58e497e7004608bbeaea2702c5d02c54f1838522",LH:73|RH:73|TF:0|LE:0|RE:0|MO:0|SH:0|WA:0|FT:60,3,"2026-04-27 10:49:22"
2856,"9a327bbf935ec9105043c504125a4b1a0eb3a98e",LH:0|RH:63|TF:0|LE:67|RE:0|MO:0|SH:67|WA:0|FT:0,3,"2026-04-27 10:49:22"
2857,"4140f81acb3493105dad8c922e743dc879e7887b",LH:0|RH:92|TF:0|LE:0|RE:0|MO:0|SH:27|WA:0|FT:0,2,"2026-04-27 10:49:22"
2858,fbd11c500323c168d5b0be8e959089434a28db7d,LH:0|RH:0|TF:0|LE:0|RE:0|MO:0|SH:0|WA:32|FT:32,2,"2026-04-27 10:49:22"
2859,ae802feb62a8b49d9de8458032d915fdd22a7d66,LH:73|RH:73|TF:0|LE:0|RE:0|MO:0|SH:0|WA:25|FT:0,3,"2026-04-27 10:49:22"
2860,cd1a99571d7340a80bd38b142bc49a811bd2b001,LH:86|RH:86|TF:0|LE:0|RE:0|MO:0|SH:0|WA:0|FT:58,3,"2026-04-27 10:49:22"
2861,f9ce406bc5175db0e41727f173041850694822ef,LH:77|RH:77|TF:0|LE:0|RE:0|MO:81|SH:0|WA:81|FT:0,4,"2026-04-27 10:49:22"
2862,"829d483b6651d7030d46b539ab4a0fe1d69231ee",LH:81|RH:81|TF:0|LE:0|RE:0|MO:0|SH:0|WA:81|FT:0,3,"2026-04-27 10:49:22"
2863,"9f3b1c0416cc1fa1c1463fac7ad991895743258c",LH:26|RH:26|TF:0|LE:0|RE:0|MO:0|SH:0|WA:81|FT:0,3,"2026-04-27 10:49:22"
2864,dadcacf4c9472fed666ef6f729001dd70f1fc4c5,LH:0|RH:0|TF:0|LE:113|RE:0|MO:0|SH:0|WA:0|FT:0,1,"2026-04-27 10:49:22"
2865,"87777a87b477a61ef469ac799a708684bb90c761",LH:63|RH:63|TF:0|LE:0|RE:0|MO:63|SH:0|WA:63|FT:0,4,"2026-04-27 10:49:22"
2866,cc815541a3b8a0fbbfa3a0153d85a7c1c36f2546,LH:63|RH:63|TF:92|LE:0|RE:0|MO:0|SH:27|WA:0|FT:0,4,"2026-04-27 10:49:22"
2867,"9871cb8ef2e4ba136b34988806c23cb52a980da2",LH:99|RH:99|TF:0|LE:0|RE:0|MO:0|SH:0|WA:0|FT:0,2,"2026-04-27 10:49:22"
2868,"90bff61d63184167d075f795af70354b76545f14",LH:73|RH:73|TF:0|LE:0|RE:0|MO:0|SH:0|WA:95|FT:0,3,"2026-04-27 10:49:22"
2869,cc7f2a68158fae660eee6615e0d1af5ceae2135d,LH:0|RH:81|TF:0|LE:0|RE:0|MO:0|SH:0|WA:81|FT:0,2,"2026-04-27 10:49:22"
2870,"4210a3e19c8d83585283a935ea4bb7bd72098c92",LH:92|RH:92|TF:0|LE:0|RE:0|MO:0|SH:0|WA:0|FT:63,3,"2026-04-27 10:49:22"
2871,"17e96355c8a634fb1ffc7f658cf27248e116be6b",LH:81|RH:81|TF:0|LE:0|RE:0|MO:81|SH:81|WA:81|FT:0,5,"2026-04-27 10:49:22"
2872,"62dc9541e0e57f29baea52a0dac7179642472dda",LH:81|RH:81|TF:0|LE:0|RE:0|MO:0|SH:0|WA:60|FT:0,3,"2026-04-27 10:49:22"
2873,de152f61aa32e35f57fb289abe0b1e36b02dada9,LH:81|RH:40|TF:0|LE:0|RE:0|MO:0|SH:0|WA:0|FT:0,2,"2026-04-27 10:49:22"
2874,"8a4e204c33635deca4e4887a897bdd6386e59b80",LH:0|RH:83|TF:0|LE:0|RE:0|MO:0|SH:0|WA:0|FT:83,2,"2026-04-27 10:49:22"
2875,a893763f7110453d50bd1e2e57d0fb01ebdf5163,LH:24|RH:24|TF:0|LE:0|RE:0|MO:0|SH:0|WA:67|FT:0,3,"2026-04-27 10:49:22"
2876,a09cecdf5bd734418b0142aa26bfb1e5e897cc09,LH:63|RH:63|TF:0|LE:0|RE:0|MO:89|SH:0|WA:0|FT:0,3,"2026-04-27 10:49:22"
2877,"6aacc1f1f64f438482edee9f787480b8a3a9e023",LH:0|RH:118|TF:0|LE:0|RE:0|MO:0|SH:0|WA:0|FT:0,1,"2026-04-27 10:49:22"
2878,"74c9f831887430d62e49fec4d4b8e07364a7a683",LH:73|RH:73|TF:0|LE:73|RE:0|MO:0|SH:73|WA:73|FT:0,5,"2026-04-27 10:49:22"
2879,"3062f98136248e671460531b45e57756d4e719ab",LH:113|RH:113|TF:0|LE:0|RE:0|MO:0|SH:0|WA:0|FT:0,2,"2026-04-27 10:49:22"
2880,"7fb231e6e427c4cb8f1e70ccc8852ba0ad9d3d1f",LH:41|RH:41|TF:0|LE:0|RE:0|MO:73|SH:0|WA:0|FT:0,3,"2026-04-27 10:49:22"
2881,"77546229ee00bde4d63b24b441af9462fdd4976d",LH:0|RH:79|TF:111|LE:0|RE:0|MO:0|SH:0|WA:0|FT:0,2,"2026-04-27 10:49:22"
2882,ca8f995951c59d2f23e4bea536a61c4c4d16bb99,LH:0|RH:63|TF:0|LE:0|RE:0|MO:0|SH:0|WA:56|FT:56,3,"2026-04-27 10:49:22"
2883,"9e948a11f483d3b0ee6c481cad1aa687b9f831e3",LH:96|RH:96|TF:0|LE:0|RE:0|MO:0|SH:0|WA:0|FT:0,2,"2026-04-27 10:49:22"
2884,"65bd9b5c7f47e9b1b758a36661ffba5a259d2252",LH:41|RH:82|TF:0|LE:0|RE:0|MO:0|SH:0|WA:0|FT:0,2,"2026-04-27 10:49:22"
2885,fa72c6a547cc14703881294b63ec158a5c4fb7a1,LH:0|RH:0|TF:0|LE:0|RE:100|MO:0|SH:100|WA:100|FT:0,3,"2026-04-27 10:49:22"
2886,"3989794e1d82e96420bae91f426e014a106e8d98",LH:92|RH:92|TF:0|LE:0|RE:0|MO:27|SH:0|WA:0|FT:0,3,"2026-04-27 10:49:22"
2887,a94911ae6aef3186f28741e7ad920a937f37c597,LH:25|RH:25|TF:0|LE:0|RE:0|MO:81|SH:0|WA:0|FT:0,3,"2026-04-27 10:49:22"
2888,"830b39e2d893889aecf03e0f5831312cea77e259",LH:77|RH:81|TF:0|LE:0|RE:0|MO:0|SH:0|WA:0|FT:0,2,"2026-04-27 10:49:22"
2889,"68705f14acddeaa477c65435318317307ffaf14c",LH:0|RH:0|TF:0|LE:0|RE:0|MO:103|SH:0|WA:103|FT:103,3,"2026-04-27 10:49:22"
2890,a1f93f78bca758823565da6bcd520dcd414260aa,LH:55|RH:55|TF:0|LE:0|RE:0|MO:0|SH:0|WA:56|FT:0,3,"2026-04-27 10:49:22"
2891,c540361c89a3df53df3ffc25fe4396b5b2e810ee,LH:115|RH:115|TF:0|LE:0|RE:0|MO:0|SH:0|WA:0|FT:0,2,"2026-04-27 10:49:22"
2892,"36cb1552be84ecab1185f4da7057cc31d4e42d59",LH:81|RH:81|TF:0|LE:0|RE:0|MO:0|SH:0|WA:81|FT:81,4,"2026-04-27 10:49:22"
2893,"1a133242fcbcf5156bbb386d66950998ed6c4514",LH:57|RH:57|TF:0|LE:0|RE:0|MO:0|SH:0|WA:81|FT:81,4,"2026-04-27 10:49:22"
2894,a013463c3c53c5450b57118bc17d51d2a687fff5,LH:55|RH:81|TF:0|LE:0|RE:0|MO:0|SH:0|WA:0|FT:0,2,"2026-04-27 10:49:22"
2895,"9cf54794725449351a222e25416a7bf2c06a566c",LH:0|RH:114|TF:0|LE:0|RE:0|MO:0|SH:0|WA:0|FT:0,1,"2026-04-27 10:49:22"
2896,"870a53791ce6f289d5ae84189a331fb69943b98c",LH:0|RH:0|TF:0|LE:0|RE:0|MO:0|SH:100|WA:0|FT:0,1,"2026-04-27 10:49:22"
2897,"1509fade33defda9daea3d5ce2d958551192ff52",LH:73|RH:76|TF:0|LE:0|RE:0|MO:0|SH:0|WA:0|FT:0,2,"2026-04-27 10:49:22"
2898,"9498cd7bd906809e9a5080228b1d391416b710d1",LH:57|RH:57|TF:0|LE:0|RE:0|MO:110|SH:0|WA:63|FT:0,4,"2026-04-27 10:49:22"
2899,"6dab1d5a79545233c06e98311e58c1d68f70279b",LH:81|RH:81|TF:0|LE:0|RE:0|MO:0|SH:81|WA:0|FT:0,3,"2026-04-27 10:49:22"
2900,"3c6c47505d657a035df4d2a061185045859d9c74",LH:0|RH:81|TF:0|LE:0|RE:0|MO:0|SH:0|WA:81|FT:81,3,"2026-04-27 10:49:22"
2901,"9b7f9ba46f8cbf7c266d70495f62159569689b35",LH:41|RH:81|TF:0|LE:0|RE:0|MO:0|SH:0|WA:0|FT:0,2,"2026-04-27 10:49:22"
2902,"925e11629a292fd76e69bc9614382df26475c963",LH:81|RH:58|TF:0|LE:0|RE:0|MO:0|SH:0|WA:0|FT:0,2,"2026-04-27 10:49:22"
2903,cc837ac66ff51712b00323fae965ea41e2b147d6,LH:86|RH:0|TF:0|LE:0|RE:0|MO:0|SH:0|WA:0|FT:86,2,"2026-04-27 10:49:22"
2904,"9655f04e38dbb4e4a180552e0deff793167daceb",LH:39|RH:86|TF:0|LE:0|RE:0|MO:0|SH:0|WA:0|FT:0,2,"2026-04-27 10:49:22"
2905,d9803e40e9269e891afaa11ad25205d7d3a04094,LH:83|RH:83|TF:0|LE:0|RE:0|MO:0|SH:0|WA:83|FT:0,3,"2026-04-27 10:49:22"
2906,"05836447344e045b25b677bd790f3e744d7f0469",LH:114|RH:114|TF:0|LE:0|RE:0|MO:0|SH:0|WA:0|FT:0,2,"2026-04-27 10:49:22"
2907,f2e9a1085bf4b3aef2af6cca7b67da012c00ffc8,LH:57|RH:57|TF:0|LE:67|RE:0|MO:0|SH:0|WA:0|FT:0,3,"2026-04-27 10:49:22"
2908,cbcea520f72f121a23d69fd1f4bb939ae80a495e,LH:41|RH:73|TF:0|LE:0|RE:0|MO:0|SH:27|WA:0|FT:0,3,"2026-04-27 10:49:22"
2909,"5dd5a340c17f8a1cd47e6675f030e9b2f2fac368",LH:67|RH:67|TF:0|LE:73|RE:0|MO:0|SH:0|WA:0|FT:0,3,"2026-04-27 10:49:22"
2910,a663b24d4f30e240d53bf9faebd42e9f54d3b0d7,LH:83|RH:83|TF:0|LE:0|RE:0|MO:0|SH:0|WA:0|FT:26,3,"2026-04-27 10:49:22"
2911,"092d22486e6ddf5c0f55b2ff2b1af88bf5ac42f1",LH:73|RH:73|TF:0|LE:0|RE:0|MO:24|SH:24|WA:0|FT:0,4,"2026-04-27 10:49:22"
2912,"1419bc5a9cbb5f066baaac0ac8287274d1120d1d",LH:73|RH:73|TF:73|LE:0|RE:0|MO:0|SH:0|WA:0|FT:0,3,"2026-04-27 10:49:22"
2913,"069043b488291ad2e681a1ffe80790ebca77d282",LH:41|RH:0|TF:0|LE:0|RE:0|MO:0|SH:0|WA:0|FT:56,2,"2026-04-27 10:49:22"
2914,fdeb2e563640bbab2d74a486025349791c924b68,LH:0|RH:60|TF:0|LE:0|RE:0|MO:0|SH:0|WA:73|FT:0,2,"2026-04-27 10:49:22"
2915,af0f07b0e0c70384b21654729d23e5379d9bfd73,LH:63|RH:41|TF:0|LE:0|RE:0|MO:0|SH:0|WA:0|FT:56,3,"2026-04-27 10:49:22"
2916,e08641f1241c92f02cec1e26fbca1abd18583326,LH:81|RH:81|TF:0|LE:0|RE:0|MO:0|SH:0|WA:56|FT:56,4,"2026-04-27 10:49:22"
2917,e03c0a6b5286877f7b3e0ce7561087830c6bfb5c,LH:0|RH:0|TF:0|LE:0|RE:97|MO:0|SH:97|WA:97|FT:97,4,"2026-04-27 10:49:22"
2918,"5f89756bc9aff3d15abbde4a0b56b9d84e4969fe",LH:81|RH:81|TF:0|LE:0|RE:0|MO:76|SH:0|WA:0|FT:0,3,"2026-04-27 10:49:22"
2919,"0d6b523a8913d1a54c7539046ac607e0720dff50",LH:55|RH:55|TF:0|LE:0|RE:0|MO:0|SH:27|WA:0|FT:0,3,"2026-04-27 10:49:22"
2920,"1760b1d244aab3074f9abd36a26b4124d0dc9011",LH:0|RH:0|TF:0|LE:0|RE:97|MO:0|SH:0|WA:97|FT:97,3,"2026-04-27 10:49:22"
2921,"993b91764d6d32ad527dd56dadb594a30a0ded45",LH:0|RH:0|TF:0|LE:0|RE:0|MO:97|SH:0|WA:0|FT:0,1,"2026-04-27 10:49:22"
2922,"772624a99f7678eb084a8d3d42995955dabb7909",LH:27|RH:63|TF:0|LE:0|RE:0|MO:0|SH:0|WA:0|FT:0,2,"2026-04-27 10:49:22"
2923,"99ac1122d174fcff963a7b4be5fdbc4bec5aac19",LH:101|RH:101|TF:101|LE:0|RE:0|MO:0|SH:0|WA:0|FT:0,3,"2026-04-27 10:49:22"
2924,d50d544ca3851047baba24ec522688b27372a3f4,LH:76|RH:76|TF:0|LE:0|RE:0|MO:0|SH:0|WA:63|FT:0,3,"2026-04-27 10:49:22"
2925,"65cbae306587fda7a46a73dbfd05c29162238e76",LH:59|RH:67|TF:0|LE:0|RE:0|MO:0|SH:0|WA:63|FT:0,3,"2026-04-27 10:49:22"
2926,"4cebfd1ea2116dfd1a2992aca38620acb9ce59a4",LH:66|RH:63|TF:0|LE:0|RE:0|MO:0|SH:0|WA:0|FT:0,2,"2026-04-27 10:49:22"
2927,c1add8c31357d7cdb6cbc7bd78cd2e9dc6a28e61,LH:73|RH:79|TF:0|LE:0|RE:0|MO:0|SH:0|WA:0|FT:0,2,"2026-04-27 10:49:22"
2928,"4cafee2dd53e0ba510bc1cd9018d16661d81d9d4",LH:41|RH:64|TF:0|LE:0|RE:0|MO:0|SH:0|WA:0|FT:0,2,"2026-04-27 10:49:22"
2929,"7dd9dcba06c75eefca6e35f2bf00d5ba829508a5",LH:67|RH:67|TF:0|LE:0|RE:0|MO:73|SH:0|WA:73|FT:0,4,"2026-04-27 10:49:22"
2930,"8ab3dee6d504134a3483fb45afc51d72036b6570",LH:73|RH:73|TF:0|LE:73|RE:0|MO:0|SH:73|WA:0|FT:0,4,"2026-04-27 10:49:22"
2931,"8894287a863901aea35c8e7c0c9c5a9543352193",LH:86|RH:34|TF:0|LE:0|RE:0|MO:0|SH:0|WA:0|FT:0,2,"2026-04-27 10:49:22"
2932,"84f5ba4f6d6fe962251a0e2b6d122b49a78ad478",LH:83|RH:63|TF:0|LE:0|RE:0|MO:0|SH:0|WA:0|FT:0,2,"2026-04-27 10:49:22"
2933,cdf9045ea93dee32602f14d4eb5447e0615098e7,LH:0|RH:89|TF:0|LE:0|RE:0|MO:0|SH:0|WA:0|FT:0,1,"2026-04-27 10:49:22"
2934,"93caa2a13b6a93afc49349ff00c98e9545c04fee",LH:0|RH:0|TF:92|LE:0|RE:0|MO:0|SH:92|WA:57|FT:57,4,"2026-04-27 10:49:22"
2935,"8961b37dc401de7d0d24044a377ba38acfa2ffe9",LH:59|RH:59|TF:0|LE:0|RE:0|MO:81|SH:0|WA:81|FT:81,5,"2026-04-27 10:49:22"
2936,fb46721e32116e12bae4a77cebb0ec88508bd9a1,LH:82|RH:82|TF:0|LE:0|RE:0|MO:0|SH:0|WA:82|FT:0,3,"2026-04-27 10:49:22"
2937,a583f70d322f4eeaf794a8f9ba403b97d44e4bdb,LH:65|RH:73|TF:0|LE:0|RE:0|MO:0|SH:0|WA:0|FT:0,2,"2026-04-27 10:49:22"
2938,"7749402f5515a3b0f9c275afe836ea4fb54805a9",LH:73|RH:73|TF:0|LE:0|RE:0|MO:0|SH:73|WA:73|FT:73,5,"2026-04-27 10:49:22"
2939,"1e829270bda56df93cc1e1b0984153504fe3a91f",LH:56|RH:56|TF:0|LE:0|RE:0|MO:0|SH:0|WA:81|FT:0,3,"2026-04-27 10:49:22"
2940,"588d585fe269e8799c5dedde97c988ce45f9ac74",LH:0|RH:0|TF:0|LE:0|RE:0|MO:81|SH:81|WA:81|FT:0,3,"2026-04-27 10:49:22"
2941,"4a3d0888d7d78d03a30b21d1b19fac92f91b70fc",LH:41|RH:86|TF:0|LE:0|RE:0|MO:0|SH:0|WA:0|FT:0,2,"2026-04-27 10:49:22"
2942,"6d988151c519e74d360d6fa879ccb38b24a089aa",LH:86|RH:86|TF:0|LE:0|RE:0|MO:0|SH:0|WA:86|FT:86,4,"2026-04-27 10:49:22"
2943,"073e938fce629be703aa2c92c4e788f7ed5c21d8",LH:86|RH:65|TF:0|LE:0|RE:0|MO:0|SH:0|WA:0|FT:0,2,"2026-04-27 10:49:22"
2944,"7d76614dda9d984ee6cae2a28cae4b725769b330",LH:36|RH:36|TF:0|LE:0|RE:0|MO:86|SH:0|WA:0|FT:0,3,"2026-04-27 10:49:22"
2945,"41c910c3fbdb6980ce1674bc786530bcff4fb231",LH:67|RH:67|TF:0|LE:0|RE:92|MO:0|SH:0|WA:0|FT:0,3,"2026-04-27 10:49:22"
2946,f63c3c03989d21ebaf1e28c696476c65875d8082,LH:73|RH:73|TF:0|LE:0|RE:0|MO:0|SH:24|WA:0|FT:0,3,"2026-04-27 10:49:22"
2947,"4b832cc626bc84d5261c0126f7c8e913b44cc103",LH:116|RH:116|TF:0|LE:0|RE:0|MO:0|SH:0|WA:0|FT:0,2,"2026-04-27 10:49:22"
2948,"263fd6a0349edde5451928b92c0c3224ce5e4d38",LH:0|RH:116|TF:0|LE:0|RE:0|MO:0|SH:0|WA:0|FT:0,1,"2026-04-27 10:49:22"
2949,"98ee173593f340abf42240c3622cfea517dbaa22",LH:63|RH:0|TF:0|LE:0|RE:0|MO:0|SH:0|WA:0|FT:67,2,"2026-04-27 10:49:22"
2950,"0157d4cf773a0caaaceb76db958816781bd73bb6",LH:0|RH:66|TF:0|LE:0|RE:0|MO:0|SH:27|WA:0|FT:0,2,"2026-04-27 10:49:22"
2951,f91dbf0ee431877816414f546e44b84b9bcbab29,LH:67|RH:67|TF:0|LE:0|RE:0|MO:0|SH:63|WA:63|FT:63,5,"2026-04-27 10:49:22"
2952,cc0c155cff32f8f4016913d491a4fa21d3fa2811,LH:56|RH:56|TF:0|LE:0|RE:0|MO:0|SH:67|WA:67|FT:0,4,"2026-04-27 10:49:22"
2953,d8bb3af583dc16c72d73c8064167a43639cd51c1,LH:81|RH:63|TF:0|LE:0|RE:0|MO:0|SH:0|WA:0|FT:0,2,"2026-04-27 10:49:22"
2954,"25bd32f2df029e13851e3aa360039d4bd0b7ea12",LH:63|RH:63|TF:0|LE:0|RE:0|MO:67|SH:67|WA:67|FT:0,5,"2026-04-27 10:49:22"
2955,dd930cf541f056b8b78cb58919befc8df98c89b5,LH:58|RH:58|TF:0|LE:0|RE:0|MO:0|SH:0|WA:26|FT:0,3,"2026-04-27 10:49:22"
2956,"1d2607912279629d15e9f24d8e072252df77e706",LH:0|RH:67|TF:0|LE:0|RE:0|MO:92|SH:92|WA:0|FT:0,3,"2026-04-27 10:49:22"
2957,"9a1571e166afbd877b3c383f84045ed2ba800e2a",LH:67|RH:63|TF:0|LE:0|RE:0|MO:0|SH:0|WA:56|FT:56,4,"2026-04-27 10:49:22"
2958,ac3430389c7a7dc7677d89fc279bb2adca36e96b,LH:63|RH:67|TF:0|LE:0|RE:0|MO:0|SH:0|WA:95|FT:0,3,"2026-04-27 10:49:22"
2959,"19cee3ea3125d6ffb48171ec8480cd8c6defb2d3",LH:0|RH:0|TF:0|LE:84|RE:0|MO:0|SH:0|WA:0|FT:0,1,"2026-04-27 10:49:22"
2960,"639f49f945a574e5b5962a58f60ae463e3a96dff",LH:73|RH:0|TF:0|LE:0|RE:73|MO:0|SH:0|WA:0|FT:0,2,"2026-04-27 10:49:22"
2961,"60f727cd8959bd68417b75e7b5a81ed5269d34c1",LH:77|RH:77|TF:0|LE:0|RE:0|MO:0|SH:0|WA:81|FT:0,3,"2026-04-27 10:49:22"
2962,a03353a3c8661d36f9bb8c081b1f1ab116224633,LH:59|RH:59|TF:0|LE:0|RE:0|MO:41|SH:0|WA:73|FT:0,4,"2026-04-27 10:49:22"
2963,ab78d92a4159110be1c352c6d71c3023919be82f,LH:67|RH:67|TF:0|LE:0|RE:0|MO:63|SH:0|WA:63|FT:0,4,"2026-04-27 10:49:22"
2964,f3dd8df5cdda0d3b50ab8c7d088b30a1b6b2f856,LH:73|RH:0|TF:0|LE:0|RE:0|MO:0|SH:63|WA:63|FT:63,4,"2026-04-27 10:49:22"
2965,"52a50bd1be8994ac69e6432bae23b52c0c0e80e0",LH:0|RH:0|TF:0|LE:0|RE:0|MO:0|SH:0|WA:96|FT:0,1,"2026-04-27 10:49:22"
2966,cf11a9c66960349476d039791e246bf82e98539c,LH:82|RH:82|TF:0|LE:0|RE:0|MO:0|SH:0|WA:63|FT:63,4,"2026-04-27 10:49:22"
2967,"863388594ba2bb8072a0909dcb118854d534cb80",LH:67|RH:0|TF:0|LE:0|RE:0|MO:63|SH:0|WA:63|FT:63,4,"2026-04-27 10:49:22"
2968,e0249e6072bd9ced5794334caa031b89afa7705c,LH:73|RH:67|TF:0|LE:0|RE:0|MO:0|SH:0|WA:63|FT:63,4,"2026-04-27 10:49:22"
2969,"1f8de52ed27ba3fa82679f472e8d60ca97850fcb",LH:63|RH:63|TF:0|LE:0|RE:0|MO:67|SH:27|WA:0|FT:0,4,"2026-04-27 10:49:22"
2970,"9573c2b64d490c5ff2d7300fd0658d4332e81473",LH:67|RH:73|TF:0|LE:0|RE:0|MO:0|SH:63|WA:63|FT:63,5,"2026-04-27 10:49:22"
2971,d8bcd57c9cf7142c72c3833e7e86af958b1a248a,LH:60|RH:56|TF:0|LE:0|RE:0|MO:0|SH:27|WA:0|FT:0,3,"2026-04-27 10:49:22"
2972,b88774cb3db1bbe6c1d67ba51a3e851bc98be11e,LH:0|RH:0|TF:0|LE:0|RE:0|MO:0|SH:97|WA:0|FT:0,1,"2026-04-27 10:49:22"
2973,c4ca98fd85146d54802992234857b93b2a470d5b,LH:83|RH:83|TF:0|LE:0|RE:0|MO:0|SH:0|WA:81|FT:0,3,"2026-04-27 10:49:22"
2974,"072a52bc6a60642b4b19f8280c31f0b78f9bfac6",LH:0|RH:0|TF:0|LE:0|RE:0|MO:0|SH:0|WA:0|FT:84,1,"2026-04-27 10:49:22"
2975,"05a77a03f3a627e91ba5ebd04abcf59e8cb09043",LH:63|RH:63|TF:0|LE:0|RE:0|MO:95|SH:0|WA:95|FT:95,5,"2026-04-27 10:49:22"
2976,db992e6ab806bd392c1a8b5c275333456701386d,LH:0|RH:0|TF:0|LE:0|RE:0|MO:100|SH:0|WA:0|FT:0,1,"2026-04-27 10:49:22"
2977,"943df6f1ae320a31ce0e9805bd0118e258079546",LH:0|RH:0|TF:0|LE:0|RE:0|MO:80|SH:0|WA:80|FT:0,2,"2026-04-27 10:49:22"
2978,"58fb3833325023d919a32079dd1ef4649f9ab7d2",LH:57|RH:57|TF:0|LE:0|RE:0|MO:67|SH:67|WA:67|FT:67,6,"2026-04-27 10:49:22"
2979,f5f123ef20e4e7616fa7078552d655174bd5d7aa,LH:67|RH:80|TF:0|LE:0|RE:0|MO:0|SH:0|WA:0|FT:0,2,"2026-04-27 10:49:22"
2980,"3b353c5702a2e35536e36ce5c9ced7c740afe14e",LH:62|RH:66|TF:0|LE:0|RE:0|MO:0|SH:0|WA:0|FT:0,2,"2026-04-27 10:49:22"
2981,c7b4915bdb474aa40de18a23ef0fb2090e63760a,LH:63|RH:82|TF:0|LE:0|RE:0|MO:0|SH:0|WA:0|FT:0,2,"2026-04-27 10:49:22"
2982,"12beeb00efb51102a31042753109f19308e70e0d",LH:0|RH:1|TF:0|LE:0|RE:0|MO:0|SH:27|WA:0|FT:0,2,"2026-04-27 10:49:22"
2983,fe08ee43c61d84d0db299bdcba8245d095a856ec,LH:0|RH:63|TF:0|LE:0|RE:0|MO:0|SH:0|WA:0|FT:73,2,"2026-04-27 10:49:22"
2984,"8d786c9310af6271b4ce3140a5d948cec2a05276",LH:0|RH:0|TF:0|LE:0|RE:100|MO:0|SH:0|WA:100|FT:100,3,"2026-04-27 10:49:22"
2985,b0bc73d490210fc5ce65fa0199df106ffc4f40a3,LH:97|RH:0|TF:0|LE:0|RE:0|MO:0|SH:27|WA:0|FT:0,2,"2026-04-27 10:49:22"
2986,f239b022afc519844d1a376615fc072e332e9b1c,LH:0|RH:84|TF:0|LE:0|RE:0|MO:0|SH:0|WA:84|FT:0,2,"2026-04-27 10:49:22"
2987,"22b6ac0e45a4d7d7f3a12d0d2efd664807b0407e",LH:67|RH:73|TF:0|LE:0|RE:0|MO:0|SH:0|WA:26|FT:0,3,"2026-04-27 10:49:22"
2988,"432a7790c87d19d970a475c4b216a460b2fccdd1",LH:0|RH:57|TF:0|LE:0|RE:0|MO:0|SH:27|WA:0|FT:0,2,"2026-04-27 10:49:22"
2989,"0a98649b4c52b492dc241d10faa90bc6693fdc22",LH:0|RH:60|TF:0|LE:0|RE:0|MO:0|SH:0|WA:67|FT:0,2,"2026-04-27 10:49:22"
2990,c080b15bc1c31bf48db9483f5585a7e7e6107bfe,LH:64|RH:67|TF:0|LE:0|RE:0|MO:0|SH:0|WA:0|FT:0,2,"2026-04-27 10:49:22"
2991,"23fd5be0078c83aaa6116f75e10991eb3f93c990",LH:58|RH:63|TF:0|LE:0|RE:0|MO:0|SH:27|WA:0|FT:0,3,"2026-04-27 10:49:22"
2992,a6b5ee2449ed5573e069aca2beef61b37965c4ef,LH:41|RH:73|TF:0|LE:0|RE:0|MO:0|SH:0|WA:63|FT:0,3,"2026-04-27 10:49:22"
2993,"78b7d6f15963a8443d7d815895f13be3c55fcb62",LH:73|RH:0|TF:0|LE:0|RE:0|MO:73|SH:0|WA:73|FT:0,3,"2026-04-27 10:49:22"
2994,b44bffb5633b16d00eb0d5346dcb6c2290f980c7,LH:81|RH:60|TF:0|LE:0|RE:0|MO:0|SH:0|WA:0|FT:0,2,"2026-04-27 10:49:22"
2995,e4299d4cd4e5cd2393473af9dca9029f71e98e96,LH:73|RH:73|TF:0|LE:0|RE:0|MO:0|SH:27|WA:56|FT:0,4,"2026-04-27 10:49:22"
2996,ddf57cd28dfafa32d6550735eb36a69bccc3bf43,LH:0|RH:96|TF:0|LE:0|RE:0|MO:0|SH:0|WA:0|FT:0,1,"2026-04-27 10:49:22"
2997,"20e737ad63d9bdfd11499c496c48b74bfbfd19bc",LH:63|RH:63|TF:73|LE:0|RE:0|MO:0|SH:0|WA:0|FT:0,3,"2026-04-27 10:49:22"
2998,"7ddf6b8267a42cc469c982633f7655025bce0e9c",LH:0|RH:0|TF:81|LE:0|RE:0|MO:0|SH:0|WA:0|FT:0,1,"2026-04-27 10:49:22"
2999,"68471fa4c49abc193e6948eb3499700b6cf5d17b",LH:92|RH:92|TF:0|LE:0|RE:0|MO:0|SH:67|WA:67|FT:0,4,"2026-04-27 10:49:22"
3000,b3339f98f3312a6a5eaa555cf25fdfd0912e539e,LH:82|RH:41|TF:0|LE:0|RE:0|MO:0|SH:0|WA:0|FT:0,2,"2026-04-27 10:49:22"
3001,d0e66b44eeeaf5affd32cea926ddacf8f8e2a190,LH:0|RH:0|TF:102|LE:0|RE:0|MO:0|SH:0|WA:0|FT:0,1,"2026-04-27 10:49:22"
3002,"3238058056da4b2623a78e4d21c5fab875fac1a9",LH:34|RH:34|TF:0|LE:0|RE:0|MO:0|SH:86|WA:86|FT:0,4,"2026-04-27 10:49:22"
3003,"38fab0aa4588369f8e3f448d4d419740b5fc5096",LH:34|RH:34|TF:0|LE:86|RE:86|MO:0|SH:86|WA:86|FT:86,7,"2026-04-27 10:49:22"
3004,e21fe5f6b1b12bcd486751f1defcf1b94bb5c887,LH:86|RH:1|TF:0|LE:0|RE:0|MO:0|SH:0|WA:0|FT:0,2,"2026-04-27 10:49:22"
3005,"86a23722a3881bd257655323afa9298c63ab786d",LH:97|RH:97|TF:0|LE:0|RE:0|MO:0|SH:27|WA:0|FT:0,3,"2026-04-27 10:49:22"
3006,"3a316e496e57ac46be7600677dfa4c37fcc6b73b",LH:81|RH:81|TF:0|LE:0|RE:0|MO:0|SH:0|WA:0|FT:60,3,"2026-04-27 10:49:22"
3007,"03b45e6bcb9f937444c37a0648f4ce631a1209d3",LH:25|RH:73|TF:0|LE:0|RE:0|MO:0|SH:0|WA:0|FT:0,2,"2026-04-27 10:49:22"
3008,e934bab2578950ed1e9174dd75ec09d1e7663dd0,LH:73|RH:73|TF:111|LE:0|RE:0|MO:0|SH:0|WA:0|FT:0,3,"2026-04-27 10:49:22"
3009,"09c4be097586aaee72f0b85312ccefcf6c251d19",LH:60|RH:60|TF:0|LE:0|RE:0|MO:0|SH:0|WA:0|FT:58,3,"2026-04-27 10:49:22"
3010,"3f682a05cd801d22bfc1d8625c9198cf5d12fdf7",LH:81|RH:73|TF:0|LE:0|RE:0|MO:0|SH:0|WA:0|FT:0,2,"2026-04-27 10:49:22"
3011,d355e31c577314fb1d0cf42ff5fd39db222b5b52,LH:86|RH:86|TF:0|LE:0|RE:0|MO:0|SH:0|WA:0|FT:56,3,"2026-04-27 10:49:22"
3012,f9fcaf1e9d271aad31593ffcd7cda256284e313b,LH:73|RH:73|TF:0|LE:0|RE:0|MO:73|SH:73|WA:73|FT:0,5,"2026-04-27 10:49:22"
3013,"2c1863c8d8b20750faa309c087448d31ed3142c7",LH:67|RH:67|TF:0|LE:0|RE:67|MO:0|SH:0|WA:0|FT:0,3,"2026-04-27 10:49:22"
3014,"52c00b970da5733b2f9dde05668b943a9e82618a",LH:67|RH:60|TF:0|LE:0|RE:0|MO:0|SH:27|WA:0|FT:0,3,"2026-04-27 10:49:22"
3015,"76d3ce3f75be1a705aceb965fc08e18c8744719e",LH:63|RH:63|TF:0|LE:0|RE:0|MO:73|SH:27|WA:0|FT:0,4,"2026-04-27 10:49:22"
3016,"6a1ce3ee6591456f1ea9dd532a322c72ec33c6f2",LH:67|RH:41|TF:0|LE:0|RE:0|MO:0|SH:26|WA:26|FT:26,5,"2026-04-27 10:49:22"
3017,"9634ee716f1f0e5fe44eae89c3a6c5503b200283",LH:63|RH:63|TF:0|LE:0|RE:0|MO:0|SH:0|WA:26|FT:26,4,"2026-04-27 10:49:22"
3018,"71a138b016475107cb01d6499b30e81932281b58",LH:81|RH:81|TF:0|LE:0|RE:0|MO:0|SH:0|WA:0|FT:58,3,"2026-04-27 10:49:22"
3019,f7c5c36a2b913338e8bd0e178f34b22f8e69f873,LH:74|RH:58|TF:0|LE:0|RE:0|MO:0|SH:0|WA:0|FT:0,2,"2026-04-27 10:49:22"
3020,f0365e596421c5d8814fe3c46061e8daf5e5b795,LH:67|RH:0|TF:0|LE:0|RE:0|MO:63|SH:0|WA:0|FT:0,2,"2026-04-27 10:49:22"
3021,fe6acda958dd30bee8a140be860c364ed6f25f01,LH:110|RH:73|TF:0|LE:0|RE:0|MO:0|SH:0|WA:0|FT:0,2,"2026-04-27 10:49:22"
3022,"6645a39698b1a3ccace1c73b043a4547026030bb",LH:60|RH:41|TF:0|LE:0|RE:0|MO:0|SH:27|WA:0|FT:0,3,"2026-04-27 10:49:22"
3023,"71d2db62837c76eef64580b5771817e2de480821",LH:67|RH:41|TF:0|LE:0|RE:0|MO:0|SH:0|WA:63|FT:63,4,"2026-04-27 10:49:22"
3024,"6d752b84969612d92750fbd713899446877143da",LH:0|RH:0|TF:0|LE:84|RE:0|MO:0|SH:0|WA:84|FT:0,2,"2026-04-27 10:49:22"
3025,"17030ae9552ceaf02ec1c6b9720d2c01ac48d032",LH:73|RH:73|TF:0|LE:0|RE:0|MO:67|SH:0|WA:0|FT:0,3,"2026-04-27 10:49:22"
3026,"761b42bde5e1cf3d1bdba42ba580791aee4f2dfa",LH:73|RH:73|TF:0|LE:73|RE:73|MO:0|SH:0|WA:0|FT:0,4,"2026-04-27 10:49:22"
3027,f5d3607c6e74d70e23eef1e62ad617b6c856cc20,LH:81|RH:81|TF:0|LE:0|RE:0|MO:0|SH:0|WA:25|FT:0,3,"2026-04-27 10:49:22"
3028,e71ed41f9fc2dff86e038fc2e7b6cfe2f92557e4,LH:81|RH:81|TF:0|LE:0|RE:0|MO:26|SH:0|WA:0|FT:0,3,"2026-04-27 10:49:22"
3029,af957071329b979ef7cd8ad66c06a4ee10fc6a33,LH:0|RH:0|TF:0|LE:0|RE:0|MO:0|SH:0|WA:32|FT:0,1,"2026-04-27 10:49:22"
3030,a5919f3403f72ccbfe07589e1fdc4ee82ad1220b,LH:63|RH:73|TF:0|LE:0|RE:0|MO:0|SH:0|WA:0|FT:56,3,"2026-04-27 10:49:22"
3031,cde78f360c180d9a04d1ee02c80be55e2c55027f,LH:60|RH:60|TF:0|LE:0|RE:0|MO:0|SH:73|WA:73|FT:73,5,"2026-04-27 10:49:22"
3032,a3ee46886e9a2240227e3a7f574b7ef537c109ad,LH:84|RH:84|TF:0|LE:0|RE:0|MO:0|SH:84|WA:0|FT:0,3,"2026-04-27 10:49:22"
3033,cfdc97c8c61a8fa334a9abcc85234207a0e8f326,LH:73|RH:73|TF:0|LE:0|RE:73|MO:0|SH:0|WA:73|FT:0,4,"2026-04-27 10:49:22"
3034,d8e65fff4aba2e250bdd7ae62be6be3709cc8c24,LH:76|RH:63|TF:0|LE:0|RE:0|MO:0|SH:0|WA:0|FT:0,2,"2026-04-27 10:49:22"
3035,"1ac8c2c6fb4c39154fc8ca3064c2ccd30d73f123",LH:73|RH:73|TF:0|LE:0|RE:0|MO:0|SH:0|WA:67|FT:0,3,"2026-04-27 10:49:22"
3036,"897618b9b2c5e4c776d7ab904e29835c739297ae",LH:67|RH:79|TF:0|LE:0|RE:0|MO:0|SH:0|WA:0|FT:0,2,"2026-04-27 10:49:22"
3037,"5037c18a2e3d3db8c7ce1fdf81be7296d05294c6",LH:74|RH:74|TF:0|LE:0|RE:0|MO:0|SH:0|WA:73|FT:0,3,"2026-04-27 10:49:22"
3038,f807643935dd8b55576e3fa33ec7c08e9016d606,LH:27|RH:0|TF:0|LE:0|RE:0|MO:0|SH:27|WA:0|FT:0,2,"2026-04-27 10:49:22"
3039,"4a8cc31c51954fff9ef4386e93166d8bcbc3dfa7",LH:99|RH:0|TF:0|LE:0|RE:0|MO:0|SH:0|WA:0|FT:0,1,"2026-04-27 10:49:22"
3040,"244f85b6bac120501aed9d18666c616b337e5c3f",LH:57|RH:57|TF:0|LE:0|RE:0|MO:0|SH:27|WA:63|FT:0,4,"2026-04-27 10:49:22"
3041,fde05a9a72d68ef98056e0e5496d9390f6004430,LH:81|RH:67|TF:0|LE:0|RE:0|MO:0|SH:0|WA:0|FT:0,2,"2026-04-27 10:49:22"
3042,"2465e6247289015b720e854ad94659a410f96ae0",LH:0|RH:76|TF:0|LE:0|RE:0|MO:0|SH:27|WA:0|FT:0,2,"2026-04-27 10:49:22"
3043,"4fe041fce16cb99a4d69f2f74c172b35d871953c",LH:63|RH:63|TF:0|LE:0|RE:0|MO:0|SH:27|WA:63|FT:0,4,"2026-04-27 10:49:22"
3044,cf82398497b0297773cbd7ea51a985b7010a7282,LH:62|RH:0|TF:0|LE:0|RE:0|MO:0|SH:27|WA:0|FT:0,2,"2026-04-27 10:49:22"
3045,"16c3b6769e26773b3704c833781245820368cf6a",LH:67|RH:3|TF:0|LE:0|RE:0|MO:0|SH:0|WA:0|FT:0,2,"2026-04-27 10:49:22"
3046,f0fdde4549e01c5d87df9283db156a12937028eb,LH:73|RH:56|TF:0|LE:0|RE:0|MO:0|SH:0|WA:63|FT:0,3,"2026-04-27 10:49:22"
3047,cc657fc1dbb4d3706cdb9771e26aad811dfedc86,LH:63|RH:67|TF:92|LE:0|RE:0|MO:0|SH:0|WA:0|FT:0,3,"2026-04-27 10:49:22"
3048,"448e917a333966294282f3585409d3fc9270dd11",LH:73|RH:73|TF:0|LE:0|RE:0|MO:73|SH:0|WA:73|FT:0,4,"2026-04-27 10:49:22"
3049,"65ff429a9dacbde68643dab121cf22373fa57013",LH:84|RH:0|TF:0|LE:0|RE:0|MO:0|SH:0|WA:84|FT:0,2,"2026-04-27 10:49:22"
3050,"3e5475d8c158501e865e808faa0e0c19d03de960",LH:0|RH:0|TF:0|LE:0|RE:0|MO:0|SH:0|WA:89|FT:73,2,"2026-04-27 10:49:22"
3051,"3250ad8f97f4107b8d5af88e3e4bae3d509e923f",LH:60|RH:60|TF:0|LE:0|RE:0|MO:81|SH:0|WA:0|FT:0,3,"2026-04-27 10:49:22"
3052,f843e1bd2000bf7aa6373d5fe08523bb4c8d321f,LH:95|RH:82|TF:0|LE:0|RE:0|MO:0|SH:0|WA:0|FT:0,2,"2026-04-27 10:49:22"
3053,"1825898139e9e2b80f102559b5485cd65b815c31",LH:0|RH:0|TF:0|LE:0|RE:32|MO:0|SH:0|WA:0|FT:0,1,"2026-04-27 10:49:22"
3054,ce3762f131a7aa2c1928b95e93d79eaab8659ce2,LH:63|RH:63|TF:0|LE:0|RE:0|MO:0|SH:27|WA:67|FT:0,4,"2026-04-27 10:49:22"
3055,c2f41faef3ecfc46299b0ad423fe38c33ee0a30f,LH:82|RH:82|TF:0|LE:0|RE:0|MO:0|SH:0|WA:60|FT:0,3,"2026-04-27 10:49:22"
3056,"8b6c372bd295f5bfba7a4a198c0d44030ec45b1c",LH:0|RH:82|TF:0|LE:0|RE:0|MO:0|SH:27|WA:0|FT:0,2,"2026-04-27 10:49:22"
3057,fbf0f528640eeef63e389360925bde767cc06656,LH:95|RH:0|TF:0|LE:0|RE:0|MO:0|SH:27|WA:0|FT:0,2,"2026-04-27 10:49:22"
3058,"826eab6276b4a98145e7271f3d27d806526756db",LH:48|RH:0|TF:0|LE:0|RE:0|MO:0|SH:27|WA:0|FT:0,2,"2026-04-27 10:49:22"
3059,d30f113cc7da2055bcf103a6f1769b0d1cf66924,LH:67|RH:55|TF:0|LE:0|RE:0|MO:0|SH:0|WA:0|FT:0,2,"2026-04-27 10:49:22"
3060,a24de11e2db4c97464fdd0c41ea7ce6974dd9742,LH:67|RH:67|TF:0|LE:0|RE:0|MO:0|SH:0|WA:0|FT:28,3,"2026-04-27 10:49:22"
3061,"4b4d84c61e6d6601f7d4daf3e9ff5ceb6b964cd0",LH:0|RH:0|TF:0|LE:0|RE:0|MO:90|SH:27|WA:90|FT:0,3,"2026-04-27 10:49:22"
3062,"15bbb409288636b889d3bcf5f292404bced03b59",LH:40|RH:40|TF:0|LE:0|RE:0|MO:0|SH:0|WA:0|FT:40,3,"2026-04-27 10:49:22"
3063,"0c4b08608f6a79cbc6e79078765f437f9a1ef05c",LH:0|RH:0|TF:0|LE:0|RE:0|MO:103|SH:103|WA:103|FT:0,3,"2026-04-27 10:49:22"
3064,"9fa2ecfb055b08367a2253dda42512e5832777e7",LH:0|RH:73|TF:0|LE:0|RE:0|MO:0|SH:0|WA:0|FT:73,2,"2026-04-27 10:49:22"
3065,"7cf4bf09ac5503c4fc3ed07f2401ee41e61982d4",LH:67|RH:41|TF:0|LE:0|RE:0|MO:0|SH:0|WA:0|FT:56,3,"2026-04-27 10:49:22"
3066,aea3183355a31bbf74a708b5a74b010bc9fdde78,LH:0|RH:63|TF:0|LE:0|RE:0|MO:0|SH:27|WA:56|FT:0,3,"2026-04-27 10:49:22"
3067,d456b7523d779867cb714be8f115755ef07bbb51,LH:37|RH:0|TF:0|LE:0|RE:0|MO:0|SH:27|WA:0|FT:0,2,"2026-04-27 10:49:22"
3068,"21b0e15b2c03367cc9077c2748b7a685e62425f1",LH:59|RH:59|TF:0|LE:0|RE:0|MO:81|SH:0|WA:81|FT:0,4,"2026-04-27 10:49:22"
3069,"4a01dba5c90e4cd99f9bfe0211332dbe03649133",LH:81|RH:57|TF:0|LE:0|RE:0|MO:0|SH:0|WA:0|FT:0,2,"2026-04-27 10:49:22"
3070,"9e7ae42a30ddb1687d70b8f31e5e72ce1e87ec3f",LH:29|RH:86|TF:0|LE:0|RE:0|MO:0|SH:0|WA:0|FT:0,2,"2026-04-27 10:49:22"
3071,e4530a06b131b231f8014d61266c17330a5828e1,LH:83|RH:83|TF:0|LE:0|RE:0|MO:0|SH:27|WA:0|FT:0,3,"2026-04-27 10:49:22"
3072,"23ce9692eb34f465d8d37354633bc722438eae6f",LH:0|RH:0|TF:0|LE:0|RE:0|MO:84|SH:84|WA:84|FT:0,3,"2026-04-27 10:49:22"
3073,"68b7beb0a592c7ef692f94d01f6cfa5e32fb7c20",LH:73|RH:73|TF:0|LE:0|RE:0|MO:0|SH:0|WA:0|FT:32,3,"2026-04-27 10:49:22"
3074,"618912b0fd9487bf86f03aaac6997ff427e7f29f",LH:57|RH:57|TF:0|LE:0|RE:0|MO:0|SH:0|WA:0|FT:81,3,"2026-04-27 10:49:22"
3075,cf85178973aca2d2e30d0358a1c6018d21fcc6eb,LH:0|RH:0|TF:0|LE:0|RE:0|MO:97|SH:97|WA:0|FT:0,2,"2026-04-27 10:49:22"
3076,d674cf15c0da381e3cd8e2b3825c4d1391239012,LH:0|RH:0|TF:0|LE:0|RE:0|MO:81|SH:81|WA:0|FT:0,2,"2026-04-27 10:49:22"
3077,"2feeb7192b539271bbee2d38b7f6507f95c7afed",LH:0|RH:0|TF:0|LE:0|RE:0|MO:0|SH:103|WA:103|FT:103,3,"2026-04-27 10:49:22"
3078,"2d451364b6711d24c564268b59913268f15d4882",LH:73|RH:73|TF:0|LE:73|RE:0|MO:73|SH:0|WA:0|FT:0,4,"2026-04-27 10:49:22"
3079,"1c59554084f6b0f86fda348b44c2b2b5a18afb1d",LH:86|RH:58|TF:0|LE:0|RE:0|MO:0|SH:0|WA:0|FT:0,2,"2026-04-27 10:49:22"
3080,"5129e6f237bb5a715761a70df978832258be83aa",LH:73|RH:73|TF:0|LE:0|RE:0|MO:73|SH:0|WA:0|FT:73,4,"2026-04-27 10:49:22"
3081,"4601ddaaad4c9070749af7b1aa020088086cfec0",LH:0|RH:27|TF:0|LE:0|RE:0|MO:0|SH:0|WA:63|FT:0,2,"2026-04-27 10:49:22"
3082,"59d881b20467238ee71bb2df06f1d36c5ce1059a",LH:94|RH:0|TF:0|LE:0|RE:0|MO:0|SH:27|WA:0|FT:0,2,"2026-04-27 10:49:22"
3083,"6a17487d6714670b58de328f9e6810f42c853a18",LH:90|RH:0|TF:0|LE:0|RE:0|MO:0|SH:89|WA:89|FT:0,3,"2026-04-27 10:49:22"
3084,"2eec10b109e35d0db2b877d4ea947ddb5e5919aa",LH:0|RH:90|TF:0|LE:0|RE:0|MO:0|SH:89|WA:89|FT:0,3,"2026-04-27 10:49:22"
3085,"82d678fc0a81bc4bcf4ebf671f2fef7c54ffa0ea",LH:32|RH:32|TF:0|LE:0|RE:0|MO:0|SH:0|WA:32|FT:0,3,"2026-04-27 10:49:22"
3086,"85a5545a11b3de11406f1d4691a21a3efe0d9036",LH:57|RH:57|TF:0|LE:0|RE:0|MO:0|SH:0|WA:0|FT:86,3,"2026-04-27 10:49:22"
3087,bc9c456d580c6768c398a266c1192209bbba9c17,LH:0|RH:30|TF:0|LE:0|RE:0|MO:0|SH:0|WA:0|FT:0,1,"2026-04-27 10:49:22"
3088,"649cb890e8f9c5175a9f7069d71b48ba783866a6",LH:0|RH:0|TF:0|LE:0|RE:0|MO:0|SH:84|WA:84|FT:0,2,"2026-04-27 10:49:22"
3089,f7be44651403f737957a4649f4ff728397a14ed7,LH:90|RH:90|TF:0|LE:0|RE:0|MO:89|SH:0|WA:0|FT:0,3,"2026-04-27 10:49:22"
3090,fd9bc05376c9f9e087899921b3195bfad4696a69,LH:0|RH:27|TF:0|LE:0|RE:0|MO:0|SH:27|WA:0|FT:0,2,"2026-04-27 10:49:22"
3091,"5143335b69fb5f256ecc13679c6d62e30e0e9cfb",LH:63|RH:63|TF:0|LE:0|RE:0|MO:0|SH:0|WA:0|FT:81,3,"2026-04-27 10:49:22"
3092,"99bf83cd41fdda4ae870968d62020fc8777cb8a4",LH:82|RH:82|TF:0|LE:0|RE:0|MO:82|SH:0|WA:0|FT:0,3,"2026-04-27 10:49:22"
3093,"921738567e8a17d360e6c0dc104adfba3e0eaadb",LH:41|RH:41|TF:0|LE:0|RE:0|MO:0|SH:0|WA:81|FT:0,3,"2026-04-27 10:49:22"
3094,e8ea2c17fc3fad58110689dbe94fa1255a95bf96,LH:81|RH:81|TF:0|LE:0|RE:0|MO:0|SH:0|WA:0|FT:81,3,"2026-04-27 10:49:22"
3095,b363b29b6c36495868a6f1cb81a74dd180bb5fb2,LH:92|RH:92|TF:0|LE:0|RE:0|MO:0|SH:27|WA:0|FT:0,3,"2026-04-27 10:49:22"
3096,"99fafdaeae72fa294749216c7c96f464fc55b8b5",LH:94|RH:94|TF:0|LE:0|RE:0|MO:0|SH:27|WA:0|FT:0,3,"2026-04-27 10:49:22"
3097,"90d0668b8f014885032b032be110c1db228d7a75",LH:82|RH:82|TF:0|LE:0|RE:0|MO:0|SH:0|WA:0|FT:82,3,"2026-04-27 10:49:22"
3098,"6db38a53bdd2cca85c8d536a61c593a72238a6ca",LH:73|RH:73|TF:0|LE:82|RE:0|MO:0|SH:0|WA:0|FT:0,3,"2026-04-27 10:49:22"
3099,c8c39e5aebaa33008ffece50e76181d78046dd1d,LH:73|RH:82|TF:0|LE:0|RE:0|MO:0|SH:0|WA:0|FT:0,2,"2026-04-27 10:49:22"
3100,ea555a6a7a07b207c20af26ac73d7257692ba1ea,LH:81|RH:81|TF:0|LE:0|RE:0|MO:0|SH:81|WA:81|FT:81,5,"2026-04-27 10:49:22"
3101,e015fbaa80877093e9954b3a2a92749da3a20e0b,LH:59|RH:59|TF:0|LE:0|RE:0|MO:0|SH:0|WA:81|FT:81,4,"2026-04-27 10:49:22"
3102,"2c073433331d0936ecd7ed82e981aebb58b09234",LH:73|RH:73|TF:0|LE:0|RE:0|MO:0|SH:0|WA:0|FT:81,3,"2026-04-27 10:49:22"
3103,"44d1b1a4d573ff23c41efd46d4448f7628ec7489",LH:59|RH:59|TF:0|LE:0|RE:0|MO:0|SH:0|WA:0|FT:81,3,"2026-04-27 10:49:22"
3104,"689bf2aac03f89dafd83fa91058d6364e2a19a94",LH:59|RH:59|TF:0|LE:0|RE:0|MO:0|SH:81|WA:81|FT:81,5,"2026-04-27 10:49:22"
3105,e419c53548d7c230dc0e43889b1338d70416d973,LH:59|RH:59|TF:0|LE:0|RE:0|MO:0|SH:0|WA:81|FT:0,3,"2026-04-27 10:49:22"
3106,eef16931b2f195fc79e5789ee2071bc3edc1f325,LH:83|RH:83|TF:0|LE:0|RE:0|MO:0|SH:0|WA:0|FT:81,3,"2026-04-27 10:49:22"
3107,"035c1037b2863740f8719be91eb1bd738bd24b47",LH:59|RH:59|TF:0|LE:0|RE:0|MO:0|SH:81|WA:81|FT:0,4,"2026-04-27 10:49:22"
3108,"7d1834fdd0b1960d33f9826efa458d63999c4cc7",LH:0|RH:81|TF:0|LE:0|RE:0|MO:0|SH:0|WA:0|FT:81,2,"2026-04-27 10:49:22"
3109,"17f918655ec6772df61797b3635ffebfb7868f2f",LH:81|RH:81|TF:0|LE:0|RE:0|MO:0|SH:0|WA:73|FT:0,3,"2026-04-27 10:49:22"
3110,"9e83d9b202aa5f8604ff076f7c8906a10d6bf351",LH:81|RH:32|TF:0|LE:0|RE:0|MO:0|SH:0|WA:0|FT:0,2,"2026-04-27 10:49:22"
3111,"80dce15ab72905619d696cb0b556309518371cb2",LH:59|RH:81|TF:0|LE:0|RE:0|MO:0|SH:0|WA:0|FT:0,2,"2026-04-27 10:49:22"
3112,"743ac43876d7d650bba401b54c4b15736e1ec7c2",LH:57|RH:57|TF:0|LE:0|RE:0|MO:0|SH:81|WA:81|FT:81,5,"2026-04-27 10:49:22"
3113,"9f214590a3559c894672a3b87ae92996e48c3da6",LH:81|RH:0|TF:0|LE:0|RE:0|MO:0|SH:0|WA:0|FT:81,2,"2026-04-27 10:49:22"
3114,"32a0c28eaf3e9ed6f7b1e20b09315230f3fd248f",LH:59|RH:59|TF:0|LE:0|RE:0|MO:81|SH:81|WA:81|FT:81,6,"2026-04-27 10:49:22"
3115,b13ebb278350f2affcc6bc62fa5c64bf6c0eb68f,LH:77|RH:77|TF:0|LE:0|RE:0|MO:0|SH:0|WA:0|FT:81,3,"2026-04-27 10:49:22"
3116,"8fb6ddf27902a6483ad0baae27d77ca2117a178a",LH:77|RH:77|TF:0|LE:0|RE:0|MO:0|SH:81|WA:81|FT:81,5,"2026-04-27 10:49:22"
3117,"8c0a73ae6fdfc41cd094c7d8bcff2d7437bba6db",LH:25|RH:25|TF:0|LE:0|RE:0|MO:0|SH:80|WA:80|FT:80,5,"2026-04-27 10:49:22"
3118,"215374b095e91ada6ef15920021f905658703e05",LH:82|RH:0|TF:0|LE:0|RE:0|MO:0|SH:27|WA:0|FT:0,2,"2026-04-27 10:49:22"
3119,"33f59d79edc936ea9da2c423cae27326348c3afc",LH:81|RH:0|TF:0|LE:0|RE:0|MO:0|SH:0|WA:81|FT:81,3,"2026-04-27 10:49:22"
3120,"6beb49f72cf25c56e810710acf6e1adb8c94806b",LH:81|RH:81|TF:0|LE:0|RE:0|MO:73|SH:0|WA:0|FT:0,3,"2026-04-27 10:49:22"
3121,"70674f2fc7e6c71974edfa7aded85fa0245a8d0c",LH:16|RH:81|TF:0|LE:0|RE:0|MO:0|SH:0|WA:0|FT:0,2,"2026-04-27 10:49:22"
3122,"777c37105580fece18bf3fc23d8bb99a10fc5ef3",LH:81|RH:77|TF:0|LE:0|RE:0|MO:0|SH:0|WA:0|FT:0,2,"2026-04-27 10:49:22"
3123,"540d0c748a659002630cc6f5fa3711ac2a40bf31",LH:36|RH:36|TF:0|LE:0|RE:0|MO:0|SH:0|WA:86|FT:0,3,"2026-04-27 10:49:22"
3124,ebf74411aef284519e56559c59472929d49fc447,LH:36|RH:36|TF:0|LE:0|RE:0|MO:0|SH:0|WA:0|FT:86,3,"2026-04-27 10:49:22"
3125,"0e7031649703ca40aac535603564918e238d7f61",LH:86|RH:86|TF:0|LE:0|RE:0|MO:67|SH:0|WA:0|FT:0,3,"2026-04-27 10:49:22"
3126,"63795e53801f9975631c67eb30dbd662000df64a",LH:0|RH:0|TF:0|LE:0|RE:0|MO:0|SH:32|WA:32|FT:0,2,"2026-04-27 10:49:22"
3127,"3ba4a3d1450d4b5f4eabba80407d8701112878b5",LH:43|RH:44|TF:0|LE:0|RE:0|MO:0|SH:0|WA:0|FT:0,2,"2026-04-27 10:49:22"
3128,"81bd3ba19a7de0e7c3d90efb53344d17dfa50c33",LH:83|RH:0|TF:0|LE:0|RE:0|MO:0|SH:27|WA:0|FT:0,2,"2026-04-27 10:49:22"
3129,"84af3c0bbcf5f989dac76399ea61e10b94a18906",LH:0|RH:97|TF:0|LE:0|RE:0|MO:0|SH:27|WA:0|FT:0,2,"2026-04-27 10:49:22"
3130,"93481209af20fbdc76651ea1d76d3adb9bf2e389",LH:82|RH:96|TF:0|LE:0|RE:0|MO:0|SH:0|WA:0|FT:0,2,"2026-04-27 10:49:22"
3131,fb52d5a7fff321131fd0737e8eaf5d4790012adf,LH:0|RH:96|TF:0|LE:0|RE:0|MO:0|SH:27|WA:0|FT:0,2,"2026-04-27 10:49:22"
3132,"4b11587b7cd32404b5fac71e1d3624ba921dbb96",LH:63|RH:63|TF:0|LE:73|RE:73|MO:0|SH:0|WA:0|FT:0,4,"2026-04-27 10:49:22"
3133,"9113b483fff2e08784ccadcd33dfdd22394bc7d8",LH:0|RH:0|TF:0|LE:0|RE:84|MO:0|SH:0|WA:84|FT:0,2,"2026-04-27 10:49:22"
3134,"8f71180172d48f2e86187061fee69ad91bda721e",LH:47|RH:81|TF:0|LE:0|RE:0|MO:0|SH:0|WA:0|FT:0,2,"2026-04-27 10:49:22"
3135,"6dfb969554f6c9a049468f814734d1beea7326b3",LH:81|RH:81|TF:0|LE:0|RE:0|MO:81|SH:0|WA:81|FT:81,5,"2026-04-27 10:49:22"
3136,"6372320fed22926ba7e75cac34e43f58c5e562f9",LH:32|RH:81|TF:0|LE:0|RE:0|MO:0|SH:0|WA:0|FT:0,2,"2026-04-27 10:49:22"
3137,"774a037813f85b8d7899c4cb3dac52dfe9fa782b",LH:84|RH:84|TF:0|LE:0|RE:0|MO:0|SH:0|WA:84|FT:0,3,"2026-04-27 10:49:22"
3138,b633b595fe2194384497c48dcd3c1e4768c8892b,LH:103|RH:103|TF:0|LE:0|RE:0|MO:0|SH:0|WA:103|FT:0,3,"2026-04-27 10:49:22"
3139,"4d757c483a8470c2cf24a0827c5e97f4f9c2f132",LH:81|RH:81|TF:0|LE:81|RE:0|MO:0|SH:0|WA:81|FT:0,4,"2026-04-27 10:49:22"
3140,"73f976b9647a1660f480def2df71f8309306b718",LH:73|RH:73|TF:0|LE:0|RE:0|MO:0|SH:0|WA:81|FT:0,3,"2026-04-27 10:49:22"
3141,"8ee5aa4df4d00a3d959c595f910cbf770535186c",LH:0|RH:83|TF:0|LE:0|RE:0|MO:0|SH:27|WA:0|FT:0,2,"2026-04-27 10:49:22"
3142,"4b54a37595efab340012744b0d97837406ba0610",LH:57|RH:57|TF:0|LE:0|RE:0|MO:0|SH:81|WA:81|FT:0,4,"2026-04-27 10:49:22"
3143,aa3f3f65b76e788d6be2a0d15e29a647f93ffa59,LH:81|RH:81|TF:0|LE:0|RE:0|MO:0|SH:0|WA:56|FT:0,3,"2026-04-27 10:49:22"
3144,"4d81ac28386b84dbdddeb9273832aff44394fba0",LH:0|RH:0|TF:0|LE:84|RE:84|MO:0|SH:84|WA:84|FT:0,4,"2026-04-27 10:49:22"
3145,"45e0d412448a49bad0e2e93899627e62ff1e12a1",LH:81|RH:81|TF:0|LE:0|RE:0|MO:0|SH:0|WA:26|FT:0,3,"2026-04-27 10:49:22"
3146,"880212925b051d8f857840eeb7d28649c2645413",LH:0|RH:0|TF:0|LE:84|RE:84|MO:0|SH:84|WA:84|FT:84,5,"2026-04-27 10:49:22"
3147,"536375705f4565be53a78d9a449258ae05f51199",LH:0|RH:0|TF:0|LE:0|RE:0|MO:0|SH:103|WA:103|FT:0,2,"2026-04-27 10:49:22"
3148,"42b696e7bbb893c35e473323680e5ff54484aa5a",LH:25|RH:25|TF:0|LE:0|RE:0|MO:0|SH:81|WA:81|FT:81,5,"2026-04-27 10:49:22"
3149,"60997240dd227e00665693768f6e550224a75a10",LH:81|RH:47|TF:0|LE:0|RE:0|MO:0|SH:0|WA:0|FT:0,2,"2026-04-27 10:49:22"
3150,"146eee6b7ad5eed0f4afc43f1ac248c3eeb30867",LH:96|RH:0|TF:0|LE:0|RE:0|MO:0|SH:0|WA:0|FT:0,1,"2026-04-27 10:49:22"
3151,"97d7316c686d4770ccfffd7b041f94289d812ae1",LH:56|RH:55|TF:0|LE:0|RE:0|MO:0|SH:0|WA:0|FT:0,2,"2026-04-27 10:49:22"
3152,"608174ad17ceaef84d3994f4d7e44566f7e4c728",LH:0|RH:81|TF:0|LE:0|RE:0|MO:0|SH:27|WA:0|FT:0,2,"2026-04-27 10:49:22"
3153,"40c20a4e5576901cc9c205b5f2ae2f7bb36c5c73",LH:81|RH:81|TF:0|LE:0|RE:0|MO:0|SH:0|WA:59|FT:59,4,"2026-04-27 10:49:22"
3154,"0dfd71d29ffdf12a6136d79c246a4b83eef9a47f",LH:84|RH:84|TF:84|LE:0|RE:0|MO:0|SH:0|WA:0|FT:0,3,"2026-04-27 10:49:22"
3155,"422e575daab1828ed8f5c02823916725bde9c96e",LH:81|RH:55|TF:0|LE:0|RE:0|MO:0|SH:0|WA:0|FT:0,2,"2026-04-27 10:49:22"
3156,af585c63bf353ab2b7034324e1445103f7ef27b8,LH:73|RH:73|TF:0|LE:0|RE:0|MO:81|SH:0|WA:0|FT:0,3,"2026-04-27 10:49:22"
3157,d712c424529714c697c8c453a343865347b98870,LH:73|RH:73|TF:0|LE:0|RE:0|MO:47|SH:0|WA:0|FT:0,3,"2026-04-27 10:49:22"
3158,b4172f75f050604dca1006f9c78e2c9176c32e92,LH:0|RH:0|TF:0|LE:0|RE:84|MO:0|SH:0|WA:0|FT:0,1,"2026-04-27 10:49:22"
3159,d397f8c9726354db7cd070690d2bbcc3494e9693,LH:57|RH:81|TF:0|LE:0|RE:0|MO:0|SH:0|WA:0|FT:0,2,"2026-04-27 10:49:22"
3160,"49a850bb91aab308b07e0c9dc17981795f09144f",LH:67|RH:67|TF:0|LE:0|RE:0|MO:0|SH:0|WA:81|FT:0,3,"2026-04-27 10:49:22"
3161,ebe90381aaffd5aec7dba661e63f74d7728f905e,LH:81|RH:97|TF:0|LE:0|RE:0|MO:0|SH:0|WA:0|FT:0,2,"2026-04-27 10:49:22"
3162,f83112b1f230881a566565a38c6c50c5b2c131bc,LH:0|RH:90|TF:0|LE:0|RE:0|MO:89|SH:89|WA:0|FT:0,3,"2026-04-27 10:49:22"
3163,"19b958127ef5b5cf33b7c0039035dd1255562a3b",LH:81|RH:81|TF:0|LE:0|RE:0|MO:0|SH:0|WA:0|FT:32,3,"2026-04-27 10:49:22"
3164,"23cf6ab8788f0a02d5da6419f7a7da024a24ad0d",LH:81|RH:0|TF:0|LE:0|RE:0|MO:0|SH:27|WA:0|FT:0,2,"2026-04-27 10:49:22"
3165,"5bc4241f0e6939aac457d220f30a71064536ad67",LH:60|RH:60|TF:0|LE:0|RE:0|MO:0|SH:0|WA:81|FT:0,3,"2026-04-27 10:49:22"
3166,"486d53d51fa4d541e90b249e87c9abf7b7c21599",LH:56|RH:56|TF:0|LE:0|RE:0|MO:0|SH:0|WA:81|FT:81,4,"2026-04-27 10:49:22"
3167,"44864aa0c5e9976fcb8166f1ad46b24374fc7b04",LH:89|RH:89|TF:0|LE:0|RE:0|MO:0|SH:0|WA:0|FT:0,2,"2026-04-27 10:49:22"
3168,"320fa67771a580874098526b61ead67d82da710f",LH:26|RH:26|TF:0|LE:0|RE:0|MO:0|SH:81|WA:81|FT:81,5,"2026-04-27 10:49:22"
3169,"646d336d965178d0a9704ff6a0c65bbb69d0d41d",LH:81|RH:81|TF:0|LE:0|RE:81|MO:0|SH:0|WA:81|FT:0,4,"2026-04-27 10:49:22"
3170,"821a3a1fdd46ee9a1d3910a3c9658cab1d37f151",LH:81|RH:0|TF:0|LE:0|RE:0|MO:0|SH:0|WA:81|FT:0,2,"2026-04-27 10:49:22"
3171,"1c61de2206056d42d30131494521bea210e77f6b",LH:73|RH:73|TF:0|LE:0|RE:0|MO:81|SH:81|WA:81|FT:0,5,"2026-04-27 10:49:22"
3172,"382d53336584cc67ba1eae9a01e2978d1a4ffaa3",LH:64|RH:0|TF:0|LE:0|RE:0|MO:0|SH:27|WA:0|FT:0,2,"2026-04-27 10:49:22"
3173,"2d810bc10d007976b165be6bb8b33d9e83408213",LH:81|RH:81|TF:0|LE:0|RE:0|MO:0|SH:0|WA:57|FT:57,4,"2026-04-27 10:49:22"
3174,cdbb046f870605cf85d5e7d8d571ba231ce50cf7,LH:95|RH:95|TF:0|LE:0|RE:0|MO:0|SH:0|WA:83|FT:0,3,"2026-04-27 10:49:22"
3175,"90286b31c9e9855ddb946517d6a8b589f38370f1",LH:73|RH:73|TF:0|LE:0|RE:0|MO:0|SH:0|WA:81|FT:81,4,"2026-04-27 10:49:22"
3176,"16c10917ce7eb87a52f97992a3080f529684a90d",LH:0|RH:81|TF:0|LE:0|RE:0|MO:81|SH:0|WA:0|FT:0,2,"2026-04-27 10:49:22"
3177,"7f84e72411dcb27dbec81f92310418d8ead838cc",LH:47|RH:54|TF:0|LE:0|RE:0|MO:0|SH:0|WA:0|FT:0,2,"2026-04-27 10:49:22"
3178,"0a4ee386f89f6d93cea8256aef174de400e38ec2",LH:73|RH:81|TF:0|LE:0|RE:0|MO:0|SH:0|WA:0|FT:0,2,"2026-04-27 10:49:22"
3179,"96424a788a4b46f861fff764da75c1f96a7daef2",LH:81|RH:81|TF:0|LE:0|RE:0|MO:0|SH:0|WA:0|FT:26,3,"2026-04-27 10:49:22"
3180,"4f33dea4ae5f971fd400d15fc313987763332e65",LH:81|RH:67|TF:0|LE:0|RE:0|MO:0|SH:0|WA:81|FT:0,3,"2026-04-27 10:49:22"
3181,d0945747325f6195bea1b33645e2854b7bfe15eb,LH:47|RH:32|TF:0|LE:0|RE:0|MO:0|SH:0|WA:0|FT:0,2,"2026-04-27 10:49:22"
3182,"957ec309608febeff9532e9daa0fc5d358c9ce61",LH:81|RH:59|TF:0|LE:0|RE:0|MO:0|SH:0|WA:0|FT:0,2,"2026-04-27 10:49:22"
3183,"125c0d8ae6b8c04b1f616b3c8ad9f44a8942994e",LH:81|RH:81|TF:0|LE:0|RE:0|MO:0|SH:0|WA:26|FT:26,4,"2026-04-27 10:49:22"
3184,"9c67ee39609efb3a07febb88fdab25f5a305e7aa",LH:26|RH:26|TF:0|LE:0|RE:0|MO:81|SH:0|WA:81|FT:0,4,"2026-04-27 10:49:22"
3185,"78bb1ec3eb51d1cc8cfc354268d9d2e36a529d6c",LH:73|RH:73|TF:0|LE:0|RE:0|MO:0|SH:81|WA:81|FT:81,5,"2026-04-27 10:49:22"
3186,"397ea05c29e1af1d81125250cec4e659554b723b",LH:25|RH:25|TF:0|LE:0|RE:0|MO:0|SH:0|WA:81|FT:0,3,"2026-04-27 10:49:22"
3187,"6c315aafe22d1f234a6ebccc1d7ec686e6706904",LH:32|RH:29|TF:0|LE:0|RE:0|MO:0|SH:0|WA:0|FT:0,2,"2026-04-27 10:49:22"
3188,"22dd6508fbe430462385180e1ff1fb2022de15dc",LH:81|RH:81|TF:0|LE:0|RE:0|MO:0|SH:0|WA:28|FT:0,3,"2026-04-27 10:49:22"
3189,"2435674310853d7e1684dee05c633bb38d73c2b9",LH:0|RH:0|TF:0|LE:0|RE:0|MO:0|SH:81|WA:0|FT:0,1,"2026-04-27 10:49:22"
3190,ecb92d1230128e2d0575ac110eba67fea110eb7b,LH:63|RH:81|TF:0|LE:0|RE:0|MO:0|SH:0|WA:0|FT:0,2,"2026-04-27 10:49:22"
3191,"1f8aa9604a0cb202c74fa112fc10c502e501d3f5",LH:81|RH:26|TF:0|LE:0|RE:0|MO:0|SH:0|WA:0|FT:0,2,"2026-04-27 10:49:22"
3192,"3f6c1b226ffeec44c76fca4e185e72f5d09b5bdf",LH:58|RH:81|TF:0|LE:0|RE:0|MO:0|SH:0|WA:0|FT:0,2,"2026-04-27 10:49:22"
3193,"7a575880fd208948697c01414a95ddab6d1d9b00",LH:56|RH:56|TF:0|LE:0|RE:0|MO:0|SH:81|WA:81|FT:81,5,"2026-04-27 10:49:22"
3194,"1238edc601b322f2daddf773f0ca0eb03afd4f53",LH:0|RH:0|TF:0|LE:0|RE:0|MO:89|SH:89|WA:0|FT:0,2,"2026-04-27 10:49:22"
3195,"1d93d39b7e6a59782709cea73ad31b311279f0c1",LH:28|RH:28|TF:0|LE:0|RE:0|MO:0|SH:0|WA:81|FT:0,3,"2026-04-27 10:49:22"
3196,c6669efc7e0cb46b6d78eefb98308bac2c14d9d9,LH:77|RH:77|TF:0|LE:0|RE:0|MO:0|SH:27|WA:0|FT:0,3,"2026-04-27 10:49:22"
3197,"1a45593e117f279b58a5a446f82c827e7497968e",LH:28|RH:81|TF:0|LE:0|RE:0|MO:0|SH:0|WA:0|FT:0,2,"2026-04-27 10:49:22"
3198,c9785ca6cc54ba44c45fc58ca5d6d8764917a22f,LH:59|RH:59|TF:0|LE:0|RE:0|MO:81|SH:81|WA:81|FT:0,5,"2026-04-27 10:49:22"
3199,e06a846fc0f9be3ebbca76dae429728548bb2482,LH:81|RH:81|TF:0|LE:0|RE:0|MO:0|SH:0|WA:59|FT:0,3,"2026-04-27 10:49:22"
3200,a00c9e6cabbc3287848fb0f767496e6d722a9b32,LH:57|RH:57|TF:0|LE:0|RE:0|MO:81|SH:81|WA:81|FT:81,6,"2026-04-27 10:49:22"
3201,"9dd5cc0d53de64843c76bdcd81c3c08322275663",LH:33|RH:33|TF:0|LE:0|RE:0|MO:0|SH:0|WA:81|FT:0,3,"2026-04-27 10:49:22"
3202,"7466a451dc507964d03d2dc06ab09300c3f846ae",LH:45|RH:49|TF:0|LE:0|RE:0|MO:0|SH:0|WA:0|FT:0,2,"2026-04-27 10:49:22"
3203,e3af71a8505f09ca6e113cd361c1c80f1bfe3854,LH:73|RH:29|TF:0|LE:0|RE:0|MO:0|SH:0|WA:0|FT:0,2,"2026-04-27 10:49:22"
3204,dd6041016e610894d180ae2ff08f21c5ea3ec3b7,LH:81|RH:81|TF:0|LE:0|RE:0|MO:81|SH:81|WA:81|FT:81,6,"2026-04-27 10:49:22"
3205,afe7b1f7b664fbc306657d1b29923fff6b433215,LH:56|RH:56|TF:0|LE:0|RE:0|MO:81|SH:81|WA:81|FT:81,6,"2026-04-27 10:49:22"
3206,"440e82e8abf2da43dc6f8e0955efc78f3c57dc49",LH:73|RH:73|TF:0|LE:0|RE:0|MO:0|SH:81|WA:81|FT:0,4,"2026-04-27 10:49:22"
3207,"2ed056e690549ac57adad08535f64f970ea88151",LH:90|RH:0|TF:0|LE:0|RE:0|MO:89|SH:0|WA:0|FT:0,2,"2026-04-27 10:49:22"
3208,"7c582b9a80197f492e77fe396323695195ecc0d9",LH:41|RH:41|TF:0|LE:0|RE:0|MO:0|SH:0|WA:0|FT:81,3,"2026-04-27 10:49:22"
3209,"69da627c49a91e3e6f67700a97e9e1d50136d1b1",LH:47|RH:47|TF:0|LE:0|RE:0|MO:49|SH:0|WA:0|FT:0,3,"2026-04-27 10:49:22"
3210,"5759297309b9b972603b42aa81050bb380bfa372",LH:81|RH:81|TF:0|LE:0|RE:0|MO:0|SH:0|WA:63|FT:0,3,"2026-04-27 10:49:22"
3211,"7f4ead65e11bb0e69ecae8c5a5ecadd1d275931a",LH:0|RH:0|TF:0|LE:0|RE:0|MO:94|SH:0|WA:94|FT:94,3,"2026-04-27 10:49:22"
3212,c9cf3c8272791f5fb66ab711bb1203d848999e04,LH:81|RH:27|TF:0|LE:0|RE:0|MO:0|SH:0|WA:0|FT:0,2,"2026-04-27 10:49:22"
3213,ee031ffedd491e4b93b05deae727af654c7c51f2,LH:81|RH:41|TF:0|LE:0|RE:0|MO:0|SH:0|WA:0|FT:0,2,"2026-04-27 10:49:22"
3214,"79679585179289959bcaa192ce89eddb01c9b5e4",LH:55|RH:55|TF:0|LE:0|RE:0|MO:0|SH:0|WA:81|FT:0,3,"2026-04-27 10:49:22"
3215,da50d55b810f370d14e22ea7f4f9702c15da1b50,LH:45|RH:54|TF:0|LE:0|RE:0|MO:0|SH:0|WA:0|FT:0,2,"2026-04-27 10:49:22"
3216,"068c8173fb22099f7d6c2622a456a702fc0f2837",LH:0|RH:0|TF:0|LE:0|RE:100|MO:0|SH:100|WA:100|FT:100,4,"2026-04-27 10:49:22"
3217,"8a21e5bef6f99ba7e8d0661d8bc9284285549c8a",LH:81|RH:28|TF:0|LE:0|RE:0|MO:0|SH:0|WA:0|FT:0,2,"2026-04-27 10:49:22"
3218,"53d11b13f4fed14fcc5350c6482a45d48ca35315",LH:0|RH:0|TF:0|LE:0|RE:0|MO:84|SH:0|WA:0|FT:84,2,"2026-04-27 10:49:22"
3219,ba37bce670b71708cabcec2903aed35de912c5f4,LH:81|RH:73|TF:0|LE:0|RE:0|MO:0|SH:0|WA:81|FT:0,3,"2026-04-27 10:49:22"
3220,"3f0acd2dae694827b6e8994f994a82d7c7583524",LH:86|RH:86|TF:0|LE:0|RE:0|MO:0|SH:0|WA:0|FT:32,3,"2026-04-27 10:49:22"
3221,"78ab73327852fb43740ef800041ce347ada519de",LH:81|RH:81|TF:0|LE:0|RE:0|MO:0|SH:0|WA:0|FT:57,3,"2026-04-27 10:49:22"
3222,"99b6904e6a646169ddf554a68b4ac69155bccf4d",LH:63|RH:63|TF:0|LE:0|RE:0|MO:67|SH:0|WA:67|FT:67,5,"2026-04-27 10:49:22"
3223,"34f0ab5e4f8eed914e5342c4e9d21de732cf2866",LH:63|RH:95|TF:0|LE:0|RE:0|MO:0|SH:0|WA:0|FT:67,3,"2026-04-27 10:49:22"
3224,"82a13880a39063c32f79588c9a3e13297163a9c6",LH:81|RH:81|TF:0|LE:0|RE:0|MO:0|SH:0|WA:0|FT:41,3,"2026-04-27 10:49:22"
3225,d2ae9a37e930ab877eaa1de63a2706b87d9f37ed,LH:81|RH:81|TF:0|LE:0|RE:0|MO:67|SH:0|WA:0|FT:0,3,"2026-04-27 10:49:22"
3226,d271b22f98be36315dc0f635f6f5dc705b4f890b,LH:77|RH:73|TF:0|LE:0|RE:0|MO:0|SH:0|WA:0|FT:0,2,"2026-04-27 10:49:22"
3227,"88ce021f0dfb8da0650965ecb54720ff1ba46d38",LH:81|RH:81|TF:0|LE:0|RE:0|MO:27|SH:0|WA:0|FT:0,3,"2026-04-27 10:49:22"
3228,fd9a3687f4273c913beaf4dc23edb7e700d161a6,LH:90|RH:90|TF:0|LE:0|RE:0|MO:0|SH:0|WA:0|FT:89,3,"2026-04-27 10:49:22"
3229,"66e3dd0630c913642d40bf5e701e8c9e70478e29",LH:90|RH:90|TF:0|LE:0|RE:0|MO:27|SH:0|WA:0|FT:0,3,"2026-04-27 10:49:22"
3230,"77940ad5e3b93e9793f7ffcb1eaea8494935c062",LH:84|RH:0|TF:0|LE:0|RE:0|MO:0|SH:27|WA:0|FT:0,2,"2026-04-27 10:49:22"
3231,f6ac84c319c9779a7cd4626bba503a81a1e36539,LH:56|RH:56|TF:0|LE:0|RE:0|MO:81|SH:0|WA:81|FT:0,4,"2026-04-27 10:49:22"
3232,"8a801689f236a1d28749e3c858738d4950b6bc12",LH:82|RH:73|TF:0|LE:0|RE:0|MO:0|SH:0|WA:0|FT:0,2,"2026-04-27 10:49:22"
3233,"35e7ad586247e2b8603a140ea9ca08812c332de9",LH:84|RH:84|TF:0|LE:0|RE:0|MO:0|SH:0|WA:84|FT:84,4,"2026-04-27 10:49:22"
3234,e8e10ca4f89bca924ff4d220a5acd30336e5d521,LH:0|RH:25|TF:0|LE:0|RE:0|MO:0|SH:27|WA:0|FT:0,2,"2026-04-27 10:49:22"
3235,"4f797cfa7bc3b9529024ea69cb55fd4ff3592691",LH:56|RH:56|TF:0|LE:0|RE:0|MO:0|SH:0|WA:0|FT:81,3,"2026-04-27 10:49:22"
3236,"58a336c925f0c04768049aa75a38e23c7f92f4bb",LH:0|RH:0|TF:0|LE:103|RE:0|MO:0|SH:0|WA:0|FT:0,1,"2026-04-27 10:49:22"
3237,"17eacc4178f83cacdde3e2d1b2dd4258e56acb88",LH:0|RH:84|TF:0|LE:0|RE:0|MO:0|SH:27|WA:0|FT:0,2,"2026-04-27 10:49:22"
3238,d2d8b4c6351217efac11cdc3960c944bb6e39b71,LH:82|RH:82|TF:0|LE:0|RE:0|MO:73|SH:0|WA:0|FT:0,3,"2026-04-27 10:49:22"
3239,"0d121143a0e779732c4b76651c23c12ddac89094",LH:32|RH:82|TF:0|LE:0|RE:0|MO:0|SH:0|WA:0|FT:0,2,"2026-04-27 10:49:22"
3240,e0dfd265d022f3e8a4822ac3d3740c967f0dda5e,LH:81|RH:81|TF:0|LE:0|RE:0|MO:81|SH:0|WA:0|FT:81,4,"2026-04-27 10:49:22"
3241,"3aaffda22f59badd76ae4f51f97d69758e070bed",LH:0|RH:0|TF:0|LE:0|RE:0|MO:0|SH:84|WA:84|FT:84,3,"2026-04-27 10:49:22"
3242,f9ac3efbf0770080cbcae03b50690356402879ec,LH:33|RH:81|TF:0|LE:0|RE:0|MO:0|SH:0|WA:0|FT:0,2,"2026-04-27 10:49:22"
3243,"66b17567c8ac6523076f219954064e040c38c703",LH:82|RH:81|TF:0|LE:0|RE:0|MO:0|SH:0|WA:0|FT:0,2,"2026-04-27 10:49:22"
3244,"5dd73e512dabb610c05b254d7f2b9403cbf5ed21",LH:27|RH:81|TF:0|LE:0|RE:0|MO:0|SH:0|WA:0|FT:0,2,"2026-04-27 10:49:22"
3245,fe9a801e5c7b5196a56a8e111ec5f86ef9a62420,LH:86|RH:86|TF:0|LE:0|RE:0|MO:0|SH:27|WA:0|FT:0,3,"2026-04-27 10:49:22"
3246,e538bf96b8cdb8198970de43605831713c8dbfd6,LH:26|RH:26|TF:0|LE:0|RE:0|MO:0|SH:0|WA:0|FT:81,3,"2026-04-27 10:49:22"
3247,d0e3d69464d52a653dd968659149c2e43c0d5f20,LH:57|RH:57|TF:0|LE:0|RE:0|MO:81|SH:0|WA:81|FT:81,5,"2026-04-27 10:49:22"
3248,b2cd60f7baea3210343d0ffb5939bdb5043d424f,LH:92|RH:0|TF:0|LE:0|RE:0|MO:0|SH:27|WA:0|FT:0,2,"2026-04-27 10:49:22"
3249,"99a1496315a672da0a008174ecba67e1c624ca23",LH:81|RH:33|TF:0|LE:0|RE:0|MO:0|SH:0|WA:0|FT:0,2,"2026-04-27 10:49:22"
3250,a0c598ece8c8acb970012fd199ab4af9d832191d,LH:81|RH:81|TF:0|LE:0|RE:0|MO:0|SH:0|WA:0|FT:28,3,"2026-04-27 10:49:22"
3251,"9d9aa094fb76cb13eb4a0c5d4d3b298dfbd12c63",LH:81|RH:81|TF:0|LE:0|RE:0|MO:0|SH:27|WA:81|FT:81,5,"2026-04-27 10:49:22"
3252,c3593d4d37f76f2b8e17917ee9fe9aa6e5fef529,LH:96|RH:96|TF:0|LE:0|RE:0|MO:0|SH:27|WA:0|FT:0,3,"2026-04-27 10:49:22"
3253,"452519186ab281b4f37e3d82dd54dd9e79ea3dd1",LH:67|RH:0|TF:0|LE:0|RE:0|MO:0|SH:63|WA:63|FT:0,3,"2026-04-27 10:49:22"
3254,df588827bcc11e4e0501dbb427c435bfcc067307,LH:67|RH:67|TF:0|LE:0|RE:0|MO:95|SH:95|WA:95|FT:0,5,"2026-04-27 10:49:22"
3255,cf851a398c6d38d2f2106fcb88ff4c4fdd35c903,LH:67|RH:67|TF:0|LE:0|RE:0|MO:0|SH:0|WA:0|FT:81,3,"2026-04-27 10:49:22"
3256,ebc57675b4c20679f39e205501c62c30bbe9460a,LH:94|RH:82|TF:0|LE:0|RE:0|MO:0|SH:0|WA:0|FT:0,2,"2026-04-27 10:49:22"
3257,"99afd4f36268d5aef98493a546c37153d9f53ef3",LH:32|RH:86|TF:0|LE:0|RE:0|MO:0|SH:0|WA:0|FT:0,2,"2026-04-27 10:49:22"
3258,"75c40d50b179c3befba9e3e53ed43f0abe0d873c",LH:60|RH:81|TF:0|LE:0|RE:0|MO:0|SH:0|WA:0|FT:0,2,"2026-04-27 10:49:22"
3259,"7f3120cfe6972d28a7d509ec09d70aa9a6155817",LH:27|RH:27|TF:0|LE:0|RE:0|MO:0|SH:0|WA:81|FT:0,3,"2026-04-27 10:49:22"
3260,e9217eb602a5f1f0fa705dacc40bbeb21b6333de,LH:0|RH:0|TF:0|LE:0|RE:0|MO:27|SH:0|WA:84|FT:84,3,"2026-04-27 10:49:22"
3261,a8014fffcccd7e330f7f28a7aa5d340e8f9a418d,LH:63|RH:0|TF:0|LE:0|RE:0|MO:67|SH:0|WA:0|FT:67,3,"2026-04-27 10:49:22"
3262,"076b53492a07509276ce39ea6293bdb097e51cb2",LH:0|RH:65|TF:0|LE:0|RE:0|MO:0|SH:27|WA:0|FT:0,2,"2026-04-27 10:49:22"
3263,ad285fef0552066624cfe08dbea9c8c1f5c281cf,LH:63|RH:63|TF:0|LE:0|RE:0|MO:67|SH:0|WA:56|FT:0,4,"2026-04-27 10:49:22"
3264,ce53c2db0c25efc9e3c10cd170dae69b8b1a3fcc,LH:82|RH:67|TF:0|LE:0|RE:0|MO:0|SH:27|WA:0|FT:0,3,"2026-04-27 10:49:22"
3265,"6bc2680205cc8c5633328521145985abec2f086b",LH:82|RH:63|TF:0|LE:0|RE:0|MO:0|SH:0|WA:0|FT:0,2,"2026-04-27 10:49:22"
3266,eebcd7c7e3b76f8748f32978165cf6865f0d0423,LH:82|RH:82|TF:0|LE:0|RE:0|MO:0|SH:0|WA:63|FT:0,3,"2026-04-27 10:49:22"
3267,"0f24c42bebb44ae31c473054f4f9c98e74ff7c28",LH:94|RH:95|TF:0|LE:0|RE:0|MO:0|SH:0|WA:0|FT:0,2,"2026-04-27 10:49:22"
3268,"56ffa51d8d6c8493b0bdaa6a749656c49d455147",LH:82|RH:94|TF:0|LE:0|RE:0|MO:0|SH:0|WA:0|FT:0,2,"2026-04-27 10:49:22"
3269,"0245b76112c446e8b05c677afd2537d81c74a9e3",LH:67|RH:82|TF:0|LE:0|RE:0|MO:0|SH:0|WA:0|FT:0,2,"2026-04-27 10:49:22"
3270,"4673adc7d47fa6034000d9ae4807fb2d157f2e03",LH:67|RH:82|TF:0|LE:0|RE:0|MO:0|SH:27|WA:0|FT:0,3,"2026-04-27 10:49:22"
3271,"4bd63cb3122f084236ede16565f7c83db2234148",LH:29|RH:32|TF:0|LE:0|RE:0|MO:0|SH:0|WA:0|FT:0,2,"2026-04-27 10:49:22"
3272,a7e1b93a41a17922ee3ec0965cf7cef0a7b7fa37,LH:63|RH:63|TF:67|LE:0|RE:0|MO:0|SH:0|WA:0|FT:0,3,"2026-04-27 10:49:22"
3273,c7cb0b0ea3f3c5d9d1449ff7e5f7d20713965d1f,LH:15|RH:15|TF:0|LE:0|RE:0|MO:0|SH:0|WA:63|FT:0,3,"2026-04-27 10:49:22"
3274,"1d09b5d2e464c7b537811d1a8cd9e84f2d00a2f2",LH:0|RH:63|TF:0|LE:0|RE:0|MO:67|SH:0|WA:0|FT:67,3,"2026-04-27 10:49:22"
3275,"8987927f77ea3ed41ed240ef3b0ec7e156bdc5cf",LH:0|RH:0|TF:0|LE:0|RE:67|MO:0|SH:27|WA:0|FT:0,2,"2026-04-27 10:49:22"
3276,"5e065c3222d98029cf33c62e701eaffe51f1ce5a",LH:96|RH:82|TF:0|LE:0|RE:0|MO:0|SH:0|WA:0|FT:0,2,"2026-04-27 10:49:22"
3277,d1ff2380be4e5739dcf93afe9d27d2e278644a31,LH:27|RH:67|TF:0|LE:0|RE:0|MO:0|SH:0|WA:0|FT:0,2,"2026-04-27 10:49:22"
3278,b30396e16239fd990623ffa0a20571f0843a89e4,LH:38|RH:86|TF:0|LE:0|RE:0|MO:0|SH:0|WA:0|FT:0,2,"2026-04-27 10:49:22"
3279,"17819b6334b314fa83a6cb4b36b44024c8f5656c",LH:65|RH:86|TF:0|LE:0|RE:0|MO:0|SH:0|WA:0|FT:0,2,"2026-04-27 10:49:22"
3280,cbbfc41194cbfa02d08b5c3a6d9da5178bd81331,LH:63|RH:63|TF:0|LE:0|RE:0|MO:92|SH:0|WA:0|FT:0,3,"2026-04-27 10:49:22"
3281,d1ea4336da00f62bb1472b5965a6b6400e43a4ee,LH:0|RH:0|TF:0|LE:90|RE:90|MO:0|SH:0|WA:90|FT:90,4,"2026-04-27 10:49:22"
3282,ee6228513713692a5bab48cce8ea37c700e4a742,LH:0|RH:0|TF:0|LE:96|RE:0|MO:0|SH:0|WA:0|FT:0,1,"2026-04-27 10:49:22"
3283,"0dbd2c1c1e2f577737d81ce53f73af74368d1463",LH:94|RH:94|TF:0|LE:0|RE:0|MO:0|SH:0|WA:82|FT:0,3,"2026-04-27 10:49:22"
3284,"9c72c660bbf2ed47a3895ac8d55981c7d263ccc5",LH:73|RH:0|TF:0|LE:0|RE:0|MO:0|SH:73|WA:0|FT:0,2,"2026-04-27 10:49:22"
3285,"0a3da1fad85359b1c8879eb248fe4bc590e77c3c",LH:80|RH:80|TF:0|LE:0|RE:0|MO:27|SH:0|WA:0|FT:0,3,"2026-04-27 10:49:22"
3286,"2758444ad711fa8d2c1890d2d2e9b4a6273fa9ca",LH:0|RH:0|TF:0|LE:0|RE:0|MO:27|SH:0|WA:94|FT:0,2,"2026-04-27 10:49:22"
3287,"3b3d0bf3650b71f661594f4f19555395ab4cabd0",LH:82|RH:82|TF:0|LE:0|RE:0|MO:27|SH:0|WA:0|FT:0,3,"2026-04-27 10:49:22"
3288,af27c38045b67323736fee41fdc8a96f7ad106a8,LH:25|RH:81|TF:0|LE:0|RE:0|MO:0|SH:0|WA:0|FT:0,2,"2026-04-27 10:49:22"
3289,"9eebf35ba9e7a78da096cebaf0a5fc2f0053b661",LH:81|RH:81|TF:0|LE:0|RE:0|MO:0|SH:27|WA:81|FT:0,4,"2026-04-27 10:49:22"
3290,"841c1cfeea4ee7191779d3e5ce10dfd9d42d6933",LH:81|RH:25|TF:0|LE:0|RE:0|MO:0|SH:0|WA:0|FT:0,2,"2026-04-27 10:49:22"
3291,"4909c85ac2ec43805e94955716851668c4411d14",LH:0|RH:0|TF:0|LE:84|RE:84|MO:84|SH:0|WA:0|FT:0,3,"2026-04-27 10:49:22"
3292,"89b093c8342c82ad304fb2d6e11a41aa17497f7a",LH:42|RH:41|TF:0|LE:0|RE:0|MO:0|SH:0|WA:0|FT:0,2,"2026-04-27 10:49:22"
3293,"5a36f862957645369c06311d191c03a45c879a35",LH:57|RH:57|TF:0|LE:0|RE:0|MO:81|SH:0|WA:0|FT:0,3,"2026-04-27 10:49:22"
3294,a1babe51faeef6a8141871d2ad05d7ed3e7151a7,LH:25|RH:25|TF:0|LE:0|RE:0|MO:81|SH:81|WA:81|FT:0,5,"2026-04-27 10:49:22"
3295,"8c0c6c5efd33a9670c984544bfdc5062dfda6ba7",LH:0|RH:0|TF:0|LE:0|RE:0|MO:27|SH:0|WA:84|FT:0,2,"2026-04-27 10:49:22"
3296,"21ca169a208801749313e245491307d13cfb9c97",LH:0|RH:0|TF:0|LE:0|RE:0|MO:0|SH:32|WA:0|FT:0,1,"2026-04-27 10:49:22"
3297,"6c33201916ecdd346c3e539279f083050cc617e4",LH:0|RH:0|TF:0|LE:100|RE:0|MO:0|SH:100|WA:100|FT:0,3,"2026-04-27 10:49:22"
3298,eeaec1542dee10686e04aaabfdf5bffd8fd65493,LH:0|RH:0|TF:0|LE:0|RE:84|MO:0|SH:84|WA:84|FT:0,3,"2026-04-27 10:49:22"
3299,a060ba409e417e7d4db6ce0badc2a70ac971e41e,LH:57|RH:57|TF:0|LE:0|RE:0|MO:81|SH:81|WA:81|FT:0,5,"2026-04-27 10:49:22"
3300,"540d5d639ccf52da848d11605bd906556d5702bd",LH:0|RH:0|TF:0|LE:0|RE:103|MO:0|SH:0|WA:0|FT:0,1,"2026-04-27 10:49:22"
3301,a042e1ef6b7e14aa793a96d9b9261cf5ae5eaf66,LH:41|RH:47|TF:0|LE:0|RE:0|MO:0|SH:0|WA:0|FT:0,2,"2026-04-27 10:49:22"
3302,f0f8c164145bbc2a2c61e8163435b2ffce39e7f9,LH:49|RH:49|TF:0|LE:0|RE:0|MO:0|SH:49|WA:0|FT:0,3,"2026-04-27 10:49:22"
3303,"0d567c2bca24fcf38925295de0b9f6f829671a37",LH:26|RH:26|TF:0|LE:0|RE:0|MO:0|SH:0|WA:81|FT:81,4,"2026-04-27 10:49:22"
3304,"58e6bfae7e9a0c957ae065c5a676918bda9a55e9",LH:0|RH:0|TF:0|LE:0|RE:0|MO:81|SH:81|WA:81|FT:81,4,"2026-04-27 10:49:22"
3305,ac7835fae74d4bd41b97171f107b30e1ffc5b28a,LH:73|RH:44|TF:0|LE:0|RE:0|MO:0|SH:0|WA:0|FT:0,2,"2026-04-27 10:49:22"
3306,"5c378f5fd6549916eb64df6f55d95b57248921f4",LH:57|RH:86|TF:0|LE:0|RE:0|MO:0|SH:0|WA:0|FT:0,2,"2026-04-27 10:49:22"
3307,"085e7da0ca8fffee6171ee927d0901851dbffadc",LH:86|RH:57|TF:0|LE:0|RE:0|MO:0|SH:0|WA:0|FT:0,2,"2026-04-27 10:49:22"
3308,"171a95e6c551550daf9e67b3f5dfb59507119d8b",LH:57|RH:57|TF:0|LE:0|RE:0|MO:86|SH:0|WA:0|FT:0,3,"2026-04-27 10:49:22"
3309,aa16a05e1f257835de80979f4cf62c489c881a66,LH:86|RH:47|TF:0|LE:0|RE:0|MO:0|SH:0|WA:0|FT:0,2,"2026-04-27 10:49:22"
3310,"409eb9dabb462ce22489322743b76478ae7cd989",LH:47|RH:86|TF:0|LE:0|RE:0|MO:0|SH:0|WA:0|FT:0,2,"2026-04-27 10:49:22"
3311,"8ed6708a85d2f007b25c6f92045566cee283e713",LH:86|RH:86|TF:0|LE:0|RE:0|MO:0|SH:0|WA:0|FT:37,3,"2026-04-27 10:49:22"
3312,cafb8b0eda906f9ebde28e12c6934a18072605ab,LH:78|RH:86|TF:0|LE:0|RE:0|MO:0|SH:0|WA:0|FT:0,2,"2026-04-27 10:49:22"
3313,"4f7b9e0a977a355d6bdb2cf98813db32305b481e",LH:63|RH:63|TF:92|LE:92|RE:92|MO:0|SH:0|WA:0|FT:0,5,"2026-04-27 10:49:22"
3314,"54049e0f86b6616b6709c091ebbc868fee17be1b",LH:0|RH:0|TF:0|LE:0|RE:0|MO:89|SH:27|WA:0|FT:0,2,"2026-04-27 10:49:22"
3315,fd06c820d65b728035cfad4c2e7082edfa842700,LH:47|RH:0|TF:0|LE:0|RE:0|MO:0|SH:27|WA:0|FT:0,2,"2026-04-27 10:49:22"
3316,"46f5c746b6fd624a770f55e6a861c25cd9e8f165",LH:82|RH:95|TF:0|LE:0|RE:0|MO:0|SH:0|WA:0|FT:0,2,"2026-04-27 10:49:22"
3317,"786bb128be19e6ce775db54593105404fe7acaa0",LH:96|RH:0|TF:0|LE:0|RE:0|MO:0|SH:27|WA:0|FT:0,2,"2026-04-27 10:49:22"
3318,"310ac91f4e8ed5e26b828ede3684a26d4ea1b817",LH:94|RH:94|TF:0|LE:0|RE:0|MO:82|SH:0|WA:0|FT:0,3,"2026-04-27 10:49:22"
3319,def67a98a4c617c2d8d46128b8aef634497b00e9,LH:0|RH:89|TF:0|LE:0|RE:0|MO:0|SH:27|WA:0|FT:0,2,"2026-04-27 10:49:22"
3320,"6e484dcdc0b494542484c579cea5573e94d60633",LH:63|RH:63|TF:0|LE:0|RE:0|MO:81|SH:0|WA:0|FT:0,3,"2026-04-27 10:49:22"
3321,a4d8c6935bbf0673e0bdbd030246dbfe924222e8,LH:26|RH:82|TF:0|LE:0|RE:0|MO:0|SH:0|WA:0|FT:0,2,"2026-04-27 10:49:22"
3322,"61d408c0bc056906bb3ec7f8b37b832f18667165",LH:27|RH:0|TF:0|LE:0|RE:0|MO:0|SH:0|WA:63|FT:63,3,"2026-04-27 10:49:22"
3323,"866392efade5007835aa675b7b91acc081ad367e",LH:0|RH:0|TF:0|LE:0|RE:0|MO:0|SH:27|WA:0|FT:32,2,"2026-04-27 10:49:22"
3324,d3e7c86f2ef1bdc6bbbaf7c6ec21775b23cfb834,LH:78|RH:0|TF:0|LE:0|RE:0|MO:0|SH:27|WA:0|FT:0,2,"2026-04-27 10:49:22"
3325,"8e2995790cc3138218bed5b2f0dd332fb1ce6f6c",LH:47|RH:50|TF:0|LE:0|RE:0|MO:0|SH:0|WA:0|FT:0,2,"2026-04-27 10:49:22"
3326,b62df2a44a9b653768fa630f0dd8bd3696a3bdf6,LH:0|RH:0|TF:92|LE:67|RE:0|MO:0|SH:0|WA:0|FT:0,2,"2026-04-27 10:49:22"
3327,e4963c646687cd15401bc89416f63212d82a604a,LH:103|RH:0|TF:0|LE:0|RE:0|MO:0|SH:27|WA:0|FT:0,2,"2026-04-27 10:49:22"
3328,e730d8ee6cda774bd52b0977d33bce456d45387b,LH:81|RH:80|TF:0|LE:0|RE:0|MO:0|SH:0|WA:0|FT:0,2,"2026-04-27 10:49:22"
3329,c0ef2fd8f6f928e231241a4f6be1efbb6eada9fa,LH:81|RH:81|TF:0|LE:0|RE:0|MO:0|SH:0|WA:0|FT:59,3,"2026-04-27 10:49:22"
3330,"13833461a355fd95a31de84f0932f6236076b151",LH:59|RH:59|TF:0|LE:0|RE:0|MO:81|SH:0|WA:0|FT:0,3,"2026-04-27 10:49:22"
3331,"15cb31dd3bd9d2ac1322e74771b26b6135d021c4",LH:81|RH:16|TF:0|LE:0|RE:0|MO:0|SH:0|WA:0|FT:0,2,"2026-04-27 10:49:22"
3332,"501983d184a4b54572cf57777a1d208132638d17",LH:26|RH:80|TF:0|LE:0|RE:0|MO:0|SH:0|WA:0|FT:0,2,"2026-04-27 10:49:22"
3333,"72bd18b998aeb56301d8aeaa40836b5bee2a088d",LH:100|RH:100|TF:0|LE:0|RE:0|MO:0|SH:27|WA:0|FT:0,3,"2026-04-27 10:49:22"
3334,bbd8465b4227c565ddc05f530f7c8559dbcab1f7,LH:81|RH:84|TF:0|LE:0|RE:0|MO:0|SH:0|WA:0|FT:0,2,"2026-04-27 10:49:22"
3335,f57e5b521e2681d93b383ac7f9dccab57ab033dc,LH:0|RH:0|TF:0|LE:0|RE:0|MO:103|SH:0|WA:0|FT:0,1,"2026-04-27 10:49:22"
3336,e41348ab733bed62f0d429b2d2c4a10abf18c8dd,LH:81|RH:81|TF:0|LE:0|RE:0|MO:0|SH:0|WA:60|FT:60,4,"2026-04-27 10:49:22"
3337,"6094df9ec6fa418575dd31e8f5d181245293d3ca",LH:81|RH:81|TF:81|LE:0|RE:0|MO:0|SH:0|WA:0|FT:0,3,"2026-04-27 10:49:22"
3338,d8f5c8e43bbbfb93f7d2040d94f18d5461290fb4,LH:81|RH:81|TF:0|LE:0|RE:0|MO:0|SH:0|WA:57|FT:0,3,"2026-04-27 10:49:22"
3339,c98af1159fe1fba3acf6147c52cbf864acae9aae,LH:81|RH:81|TF:0|LE:0|RE:0|MO:81|SH:27|WA:0|FT:0,4,"2026-04-27 10:49:22"
3340,f5d68659fea938d8417122d09f9e9598ace7bfe4,LH:81|RH:81|TF:0|LE:0|RE:0|MO:73|SH:0|WA:73|FT:0,4,"2026-04-27 10:49:22"
3341,f68ec7857e79cc438d5251ed92fb1321fc988b75,LH:0|RH:92|TF:0|LE:0|RE:0|MO:0|SH:0|WA:26|FT:0,2,"2026-04-27 10:49:22"
3342,"356806ea401ba0d53b87c9ec4895c9fd95de5b77",LH:0|RH:0|TF:0|LE:84|RE:0|MO:0|SH:84|WA:84|FT:84,4,"2026-04-27 10:49:22"
3343,"9e1d24fe51b2233fc4f6d37553156676c1fee245",LH:0|RH:0|TF:0|LE:0|RE:0|MO:0|SH:103|WA:0|FT:0,1,"2026-04-27 10:49:22"
3344,"5505e0a353da38984f36dc8efc3f25203dd7e55c",LH:81|RH:26|TF:0|LE:0|RE:0|MO:0|SH:0|WA:81|FT:0,3,"2026-04-27 10:49:22"
3345,"2c37b6d26ffb48922018f460aa8e5bb3c7ed6f5c",LH:0|RH:73|TF:0|LE:0|RE:0|MO:0|SH:73|WA:0|FT:0,2,"2026-04-27 10:49:22"
3346,f035dc6c1e002f0f0a0aeed325140521e527fb34,LH:95|RH:83|TF:0|LE:0|RE:0|MO:0|SH:0|WA:0|FT:0,2,"2026-04-27 10:49:22"
3347,"6b6f07e19f727577156c13645f56e9b2e38ec2fb",LH:81|RH:81|TF:0|LE:0|RE:0|MO:55|SH:0|WA:0|FT:0,3,"2026-04-27 10:49:22"
3348,"9ce7a0a085b4e73ecd19083a4141cf275d023319",LH:0|RH:0|TF:92|LE:0|RE:67|MO:0|SH:0|WA:0|FT:0,2,"2026-04-27 10:49:22"
3349,beba364d0363880de919f23627ef3c8be7a72347,LH:0|RH:0|TF:0|LE:0|RE:0|MO:27|SH:0|WA:100|FT:100,3,"2026-04-27 10:49:22"
3350,"09788af72698412b270a1dc7cb1a1301712b1b5e",LH:0|RH:0|TF:0|LE:0|RE:84|MO:0|SH:84|WA:0|FT:0,2,"2026-04-27 10:49:22"
3351,"1d4d66f8ef0eb09940e14be32e47ba7d5787a21c",LH:82|RH:83|TF:0|LE:0|RE:0|MO:0|SH:0|WA:0|FT:0,2,"2026-04-27 10:49:22"
3352,e060af81e285728fad4cd023a89ab7780fe9ea7c,LH:73|RH:73|TF:0|LE:73|RE:73|MO:0|SH:73|WA:0|FT:0,5,"2026-04-27 10:49:22"
3353,"98cd8324f96acbe19e5ac933d1509fe683602557",LH:0|RH:0|TF:0|LE:0|RE:0|MO:84|SH:0|WA:0|FT:0,1,"2026-04-27 10:49:22"
3354,"1a865da7ee629d974d9125b43f7ffca87605f234",LH:81|RH:81|TF:0|LE:0|RE:0|MO:0|SH:0|WA:67|FT:0,3,"2026-04-27 10:49:22"
3355,"465aa9d51f698da9c3df08f3fbff1527584f05d2",LH:59|RH:59|TF:0|LE:0|RE:0|MO:73|SH:73|WA:73|FT:73,6,"2026-04-27 10:49:22"
3356,"5e8cca329653eac885cdc7df1aae336df61015ba",LH:84|RH:81|TF:0|LE:0|RE:0|MO:0|SH:0|WA:0|FT:0,2,"2026-04-27 10:49:22"
3357,f40d920c570302d3d7985f47010a291786ab0430,LH:25|RH:25|TF:0|LE:0|RE:0|MO:81|SH:81|WA:81|FT:81,6,"2026-04-27 10:49:22"
3358,e9e5d6c7d43b75b32a687afd6d5df26198e69b16,LH:81|RH:76|TF:0|LE:0|RE:0|MO:0|SH:0|WA:0|FT:0,2,"2026-04-27 10:49:22"
3359,ecea47503a75ac21e000de68c8021b3f500d7c3d,LH:81|RH:81|TF:0|LE:0|RE:0|MO:41|SH:0|WA:0|FT:0,3,"2026-04-27 10:49:22"
3360,e6b146bf0b81d086df420fe379dc3cb031093231,LH:33|RH:33|TF:0|LE:0|RE:0|MO:0|SH:27|WA:0|FT:0,3,"2026-04-27 10:49:22"
3361,"30006ed54ec026aca72f752289b80d310eca9358",LH:57|RH:57|TF:0|LE:0|RE:0|MO:81|SH:0|WA:0|FT:81,4,"2026-04-27 10:49:22"
3362,"1015497e88f394a8e6530c8563e0bdd20cfdd842",LH:83|RH:83|TF:0|LE:0|RE:0|MO:0|SH:0|WA:95|FT:0,3,"2026-04-27 10:49:22"
3363,"07fb8184dcb311d1733c8d8941be0ab9c19586ab",LH:73|RH:25|TF:0|LE:0|RE:0|MO:0|SH:0|WA:0|FT:0,2,"2026-04-27 10:49:22"
3364,"00c91a512db23dbe290e68b4e3a24f9068b012b4",LH:74|RH:81|TF:0|LE:0|RE:0|MO:0|SH:0|WA:0|FT:0,2,"2026-04-27 10:49:22"
3365,af6de0c5c5ef164ddb776516c39547ea9a471b86,LH:56|RH:56|TF:0|LE:0|RE:0|MO:73|SH:73|WA:73|FT:73,6,"2026-04-27 10:49:22"
3366,"319d40f53f9619b45b533642e2b5ded844df312d",LH:81|RH:81|TF:0|LE:0|RE:0|MO:55|SH:55|WA:0|FT:0,4,"2026-04-27 10:49:22"
3367,"5c7f96ed817a11ec4ac49c8b6441f42b0f84f093",LH:57|RH:57|TF:0|LE:0|RE:0|MO:63|SH:0|WA:0|FT:0,3,"2026-04-27 10:49:22"
3368,"683eda9a049b6eb9a9da68b187b4a109c41bb858",LH:97|RH:97|TF:0|LE:0|RE:0|MO:27|SH:0|WA:0|FT:0,3,"2026-04-27 10:49:22"
3369,"6e567145a4912861b36c55e0e961bb363f3bc5c9",LH:0|RH:0|TF:0|LE:0|RE:0|MO:27|SH:0|WA:97|FT:97,3,"2026-04-27 10:49:22"
3370,"36f7738c50a3c16f86c85050f6058fdd53d66d4a",LH:16|RH:16|TF:0|LE:0|RE:0|MO:0|SH:0|WA:0|FT:81,3,"2026-04-27 10:49:22"
3371,"1c2d25cbeb6c5b0a4207749ef8f65d272bf143a5",LH:63|RH:63|TF:0|LE:0|RE:0|MO:0|SH:0|WA:95|FT:95,4,"2026-04-27 10:49:22"
3372,"024fcdde5d37fa14c71c3f618b9d925473826033",LH:45|RH:45|TF:0|LE:0|RE:0|MO:49|SH:0|WA:0|FT:0,3,"2026-04-27 10:49:22"
3373,"4389be953264113a4466866a6e10118573f20b0a",LH:0|RH:0|TF:0|LE:0|RE:0|MO:0|SH:83|WA:83|FT:0,2,"2026-04-27 10:49:22"
3374,"4214f124d070e7e922cf663732d4d502cda2191d",LH:25|RH:25|TF:92|LE:0|RE:0|MO:0|SH:0|WA:0|FT:0,3,"2026-04-27 10:49:22"
3375,"71471f3e8ae0543249bc5e1cb83c321c8da324fd",LH:97|RH:81|TF:0|LE:0|RE:0|MO:0|SH:0|WA:0|FT:0,2,"2026-04-27 10:49:22"
3376,"9a9c513eed0ec7eefeae244291c6f69d5f712628",LH:0|RH:84|TF:84|LE:0|RE:0|MO:0|SH:0|WA:0|FT:0,2,"2026-04-27 10:49:22"
3377,e6bc2bb46e46a82f99b282c6ba52c78880e77d16,LH:76|RH:0|TF:0|LE:0|RE:0|MO:0|SH:27|WA:0|FT:0,2,"2026-04-27 10:49:22"
3378,da736fedc1c978f8684bf36bada23f911f10c338,LH:73|RH:73|TF:0|LE:0|RE:0|MO:63|SH:0|WA:63|FT:0,4,"2026-04-27 10:49:22"
3379,defdc3e6f40c480b70a79b4b89e05727c46e3f30,LH:0|RH:73|TF:0|LE:0|RE:0|MO:0|SH:0|WA:0|FT:26,2,"2026-04-27 10:49:22"
3380,"2e6bb2eb1fac798f171d737e75a8551328404a8f",LH:80|RH:67|TF:0|LE:0|RE:0|MO:0|SH:0|WA:0|FT:0,2,"2026-04-27 10:49:22"
3381,fbba0eb7a49298ffadee929528c6fdf63022acf6,LH:88|RH:88|TF:0|LE:0|RE:0|MO:0|SH:0|WA:0|FT:0,2,"2026-04-27 10:49:22"
3382,"0ced1f1ce7c7de538abc7c20f8c3daf19fdef014",LH:49|RH:45|TF:0|LE:0|RE:0|MO:0|SH:0|WA:0|FT:0,2,"2026-04-27 10:49:22"
3383,ba3fe0170c2e8fae9a867fa142b549aa9f65f40b,LH:47|RH:73|TF:0|LE:0|RE:0|MO:0|SH:0|WA:0|FT:0,2,"2026-04-27 10:49:22"
3384,"7c451bfc3d630ade27b6af54dc5d24d54978591f",LH:80|RH:81|TF:0|LE:0|RE:0|MO:0|SH:0|WA:0|FT:0,2,"2026-04-27 10:49:22"
3385,"86484d36fb65725bf16397bf8718ec364437257b",LH:0|RH:0|TF:0|LE:0|RE:0|MO:99|SH:0|WA:99|FT:0,2,"2026-04-27 10:49:22"
3386,"06f11a7e7c19ca73f5b95f4197a842ce7d8c3d24",LH:55|RH:47|TF:0|LE:0|RE:0|MO:0|SH:0|WA:0|FT:0,2,"2026-04-27 10:49:22"
3387,"7c245fa09e7951f672b0872d8a06e941b173adbd",LH:73|RH:73|TF:0|LE:0|RE:0|MO:73|SH:27|WA:0|FT:0,4,"2026-04-27 10:49:22"
3388,"0908eb32f275e32ee7822be0a6482dbd540f4342",LH:74|RH:26|TF:0|LE:0|RE:0|MO:0|SH:0|WA:0|FT:0,2,"2026-04-27 10:49:22"
3389,b1dee133fed8385aa01cefcad734a30775ff43a9,LH:67|RH:0|TF:92|LE:92|RE:92|MO:0|SH:0|WA:0|FT:0,4,"2026-04-27 10:49:22"
3390,"882ad372503eb56909b8c7f4e51a8add872d73f4",LH:81|RH:0|TF:0|LE:0|RE:0|MO:81|SH:0|WA:0|FT:0,2,"2026-04-27 10:49:22"
3391,"145651c79d419423ec267f3b1fe4bf97d7940b48",LH:26|RH:26|TF:0|LE:0|RE:0|MO:0|SH:0|WA:0|FT:83,3,"2026-04-27 10:49:22"
3392,"5e40b98cd9f41b433fd81c8d984a4f15b83a56d0",LH:55|RH:55|TF:0|LE:0|RE:0|MO:0|SH:0|WA:0|FT:60,3,"2026-04-27 10:49:22"
3393,f06230a7951c0df5b248f565bcd63c668bdc787b,LH:26|RH:26|TF:0|LE:0|RE:0|MO:0|SH:0|WA:0|FT:58,3,"2026-04-27 10:49:22"
3394,ac82b51f7a073528e6c7c8b2b00228aa4a1c1be4,LH:39|RH:32|TF:0|LE:0|RE:0|MO:0|SH:0|WA:0|FT:0,2,"2026-04-27 10:49:22"
3395,"7a09fac0fb180c3e705049e6210431438e44a7d8",LH:25|RH:25|TF:0|LE:0|RE:0|MO:0|SH:80|WA:0|FT:0,3,"2026-04-27 10:49:22"
3396,e8ea6b6297e8d0c642f0cd8da5750a6930d39eaa,LH:67|RH:95|TF:0|LE:0|RE:0|MO:0|SH:27|WA:0|FT:0,3,"2026-04-27 10:49:22"
3397,bf7839e3baa5802054dec14e01b7d09239fb52b0,LH:83|RH:25|TF:0|LE:0|RE:0|MO:0|SH:0|WA:0|FT:0,2,"2026-04-27 10:49:22"
3398,"9123ba1d0367385f9ca448217f154e8732e34a6c",LH:74|RH:74|TF:0|LE:0|RE:0|MO:27|SH:0|WA:0|FT:0,3,"2026-04-27 10:49:22"
3399,"2a36b525022c8c242884bb479c645ee746f08a9f",LH:83|RH:83|TF:0|LE:0|RE:0|MO:0|SH:0|WA:25|FT:0,3,"2026-04-27 10:49:22"
3400,"5d6ed926dec9c5448084f7b49565c81417c15e9c",LH:16|RH:16|TF:0|LE:0|RE:0|MO:0|SH:27|WA:0|FT:0,3,"2026-04-27 10:49:22"
3401,"72018a24bb063d2d7a0fe5687cba3398cf294b5e",LH:80|RH:63|TF:0|LE:0|RE:0|MO:0|SH:0|WA:0|FT:0,2,"2026-04-27 10:49:22"
3402,"6e5c8728e6e2b0c7e077690c143f014460f6d571",LH:67|RH:32|TF:0|LE:0|RE:0|MO:0|SH:0|WA:0|FT:0,2,"2026-04-27 10:49:22"
3403,"2776051e3ae55475c02a27123f446488e836ceb1",LH:0|RH:0|TF:0|LE:0|RE:84|MO:0|SH:84|WA:84|FT:84,4,"2026-04-27 10:49:22"
3404,"14385ba6c0ee654f2d1ce83329abce87a0741081",LH:89|RH:67|TF:0|LE:0|RE:0|MO:0|SH:0|WA:0|FT:0,2,"2026-04-27 10:49:22"
3405,"091df9e315d62763ea41fd7bbcacaef3e4967e1d",LH:0|RH:94|TF:0|LE:0|RE:0|MO:0|SH:27|WA:0|FT:0,2,"2026-04-27 10:49:22"
3406,"842c3013dc19291c4339a1759d5560b79a4c7213",LH:39|RH:47|TF:0|LE:0|RE:0|MO:0|SH:0|WA:0|FT:0,2,"2026-04-27 10:49:22"
3407,"4febcb18e6a16c68137f3541a62afc93a2e11607",LH:96|RH:67|TF:0|LE:0|RE:0|MO:0|SH:0|WA:0|FT:0,2,"2026-04-27 10:49:22"
3408,e0d57e8bc672a29e245fe6d310d3bfa8b196003e,LH:0|RH:0|TF:0|LE:115|RE:115|MO:0|SH:27|WA:0|FT:0,3,"2026-04-27 10:49:22"
3409,"30cb0cfbae64f322e1ec22f1c6705d5e918ac6c5",LH:63|RH:58|TF:0|LE:0|RE:0|MO:0|SH:27|WA:0|FT:0,3,"2026-04-27 10:49:22"
3410,"0fa740e42a4819e2dc472497beffdd07c8471c08",LH:67|RH:0|TF:0|LE:0|RE:0|MO:90|SH:0|WA:90|FT:0,3,"2026-04-27 10:49:22"
3411,"3d1338acb866f1ba60b11eaf2f778f69a1663f61",LH:54|RH:41|TF:0|LE:0|RE:0|MO:0|SH:0|WA:0|FT:0,2,"2026-04-27 10:49:22"
3412,"6329ba26b9eaec40e7d602af69767840ff14f2c8",LH:95|RH:80|TF:0|LE:0|RE:0|MO:0|SH:0|WA:0|FT:0,2,"2026-04-27 10:49:22"
3413,"276b820b650affb84de8b35ce48c0b2dd5abf94f",LH:86|RH:79|TF:0|LE:0|RE:0|MO:0|SH:0|WA:0|FT:0,2,"2026-04-27 10:49:22"
3414,b92d3f4502d613a55fe1658531392dee4afe7c86,LH:80|RH:24|TF:0|LE:0|RE:0|MO:0|SH:0|WA:0|FT:0,2,"2026-04-27 10:49:22"
3415,"0bff20e275e2f7d4d30756c34eecdbb42814686b",LH:90|RH:67|TF:0|LE:0|RE:0|MO:0|SH:89|WA:0|FT:0,3,"2026-04-27 10:49:22"
3416,"3ecdc56ddd24ce6623506d5dfed9e15c9269bed8",LH:82|RH:82|TF:0|LE:0|RE:0|MO:0|SH:0|WA:56|FT:0,3,"2026-04-27 10:49:22"
3417,"628ef0b95716da35f1ca3b9257c9d9700df6e98a",LH:0|RH:95|TF:0|LE:0|RE:0|MO:0|SH:0|WA:0|FT:83,2,"2026-04-27 10:49:22"
3418,"85bc9ec0bd5e8f5312503ee609e6a07c721de99d",LH:118|RH:49|TF:0|LE:0|RE:0|MO:0|SH:0|WA:0|FT:0,2,"2026-04-27 10:49:22"
3419,bd9cc3ae41e79a2dbaa59fd919bc02e11b8de111,LH:67|RH:67|TF:92|LE:0|RE:0|MO:0|SH:92|WA:0|FT:0,4,"2026-04-27 10:49:22"
3420,a5210954ad0c0adfb0678ff0f2dd7b947b7d19b1,LH:24|RH:24|TF:0|LE:0|RE:0|MO:73|SH:0|WA:0|FT:0,3,"2026-04-27 10:49:22"
3421,"6e1b4c55c38255d7970f640f18a91d6d14b85a75",LH:26|RH:57|TF:0|LE:0|RE:0|MO:0|SH:0|WA:0|FT:0,2,"2026-04-27 10:49:22"
3422,a6e97deb7a947a646519917e1d29d70c78776523,LH:46|RH:47|TF:0|LE:0|RE:0|MO:0|SH:0|WA:0|FT:0,2,"2026-04-27 10:49:22"
3423,"1f0f3f71ad87ef3c1de337649e78def85094e2c7",LH:83|RH:83|TF:0|LE:0|RE:0|MO:81|SH:0|WA:0|FT:0,3,"2026-04-27 10:49:22"
3424,"01a047549a6bfd5f966017bd8862e67542fd24b1",LH:26|RH:83|TF:0|LE:0|RE:0|MO:0|SH:0|WA:83|FT:0,3,"2026-04-27 10:49:22"
3425,"3c95673524b02912fee8c7ee50d03012850cb8fc",LH:24|RH:24|TF:92|LE:0|RE:0|MO:0|SH:0|WA:0|FT:0,3,"2026-04-27 10:49:22"
3426,"7fd9b882e1cd1859afc59f7561e72bcb37dfd0ad",LH:73|RH:73|TF:0|LE:0|RE:0|MO:81|SH:81|WA:81|FT:81,6,"2026-04-27 10:49:22"
3427,"0e9ddf5aab51e023e557dcea5e9e2ea65b739065",LH:90|RH:63|TF:0|LE:0|RE:0|MO:0|SH:0|WA:0|FT:0,2,"2026-04-27 10:49:22"
3428,"7fe815e844453917048e6bb61a8d8a3884185a32",LH:43|RH:42|TF:0|LE:0|RE:0|MO:0|SH:0|WA:0|FT:0,2,"2026-04-27 10:49:22"
3429,a90e33ed3220cc3d88974245ac0fbfda0b685f29,LH:95|RH:63|TF:0|LE:0|RE:0|MO:0|SH:0|WA:67|FT:0,3,"2026-04-27 10:49:22"
3430,"1419c62a7417645a286c5479985ae9707bbb2d43",LH:80|RH:73|TF:0|LE:0|RE:0|MO:0|SH:0|WA:0|FT:0,2,"2026-04-27 10:49:22"
3431,"77ad1007b692af44a5763639a98132c749ebe018",LH:95|RH:81|TF:0|LE:0|RE:0|MO:0|SH:0|WA:0|FT:0,2,"2026-04-27 10:49:22"
3432,"723deb4471ad2233d9e32f4c730e6526aaa76f75",LH:83|RH:82|TF:0|LE:0|RE:0|MO:0|SH:0|WA:0|FT:0,2,"2026-04-27 10:49:22"
3433,"67442f5b172cf8f777eeac7663f2b8f4a92150af",LH:81|RH:74|TF:0|LE:0|RE:0|MO:0|SH:0|WA:0|FT:0,2,"2026-04-27 10:49:22"
3434,"5c5b1c22b925fe799f94aae52a1b2d253d2e2072",LH:82|RH:82|TF:0|LE:0|RE:0|MO:0|SH:0|WA:83|FT:0,3,"2026-04-27 10:49:22"
3435,"8154b88ac5810c060bad10566f6896f1120e6bd3",LH:57|RH:57|TF:0|LE:0|RE:0|MO:95|SH:95|WA:63|FT:63,6,"2026-04-27 10:49:22"
3436,"2f74eb6f0fd8162003375ccd2e1f1d4bf15f06fd",LH:0|RH:95|TF:0|LE:0|RE:0|MO:0|SH:0|WA:83|FT:0,2,"2026-04-27 10:49:22"
3437,"9b01cfbce293f2b6bec417ea7ddfec7a1242b287",LH:40|RH:81|TF:0|LE:0|RE:0|MO:0|SH:0|WA:0|FT:0,2,"2026-04-27 10:49:22"
3438,ff06342ec1c92566e48fd0069565eddc7ec2c4d0,LH:0|RH:67|TF:0|LE:0|RE:0|MO:92|SH:0|WA:0|FT:0,2,"2026-04-27 10:49:22"
3439,cdb563bd1606d6f2fb0eed458154fd7a535ef7d9,LH:118|RH:0|TF:0|LE:0|RE:0|MO:0|SH:0|WA:0|FT:0,1,"2026-04-27 10:49:22"
3440,"7b707d64ce08e0dde626abab39348500cb0d2d2b",LH:81|RH:95|TF:0|LE:0|RE:0|MO:0|SH:0|WA:0|FT:0,2,"2026-04-27 10:49:22"
3441,"9d0d6e4756753ff13cecc895c29ea90c27cb15bf",LH:0|RH:83|TF:0|LE:0|RE:0|MO:0|SH:0|WA:26|FT:0,2,"2026-04-27 10:49:22"
3442,db1d94dcbbb648ed966be7446ea14890469eb306,LH:95|RH:88|TF:0|LE:0|RE:0|MO:0|SH:0|WA:0|FT:0,2,"2026-04-27 10:49:22"
3443,"0c0ccdd097a8b3fa510e3d677e02dc02f2ccc628",LH:82|RH:32|TF:0|LE:0|RE:0|MO:0|SH:0|WA:0|FT:0,2,"2026-04-27 10:49:22"
3444,ce3d7774a385ba8f96803d440c8a6563db92a22c,LH:67|RH:67|TF:111|LE:0|RE:0|MO:0|SH:0|WA:0|FT:0,3,"2026-04-27 10:49:22"
3445,"4646f7e1b6ae40a2c86ed97746a9ea52d691c671",LH:0|RH:83|TF:0|LE:0|RE:0|MO:0|SH:0|WA:83|FT:83,3,"2026-04-27 10:49:22"
3446,"65334b3cfd6a07627a86f4470d62f81a3c128ad5",LH:41|RH:0|TF:114|LE:114|RE:114|MO:0|SH:0|WA:0|FT:0,4,"2026-04-27 10:49:22"
3447,"75e1cf4bf197567d4385a2c3cf78418267d55b0b",LH:0|RH:88|TF:0|LE:0|RE:0|MO:0|SH:0|WA:0|FT:0,1,"2026-04-27 10:49:22"
3448,"418d629b58e22f2ca2f4e7eae7cc4374b29d24bf",LH:81|RH:82|TF:0|LE:0|RE:0|MO:0|SH:0|WA:0|FT:0,2,"2026-04-27 10:49:22"
3449,"68490055f008606a8d0481e47b44f7fc54759200",LH:83|RH:83|TF:0|LE:0|RE:0|MO:0|SH:26|WA:26|FT:26,5,"2026-04-27 10:49:22"
3450,"47e18526286814f14dbb345754eb77f3060fb2e6",LH:74|RH:82|TF:0|LE:0|RE:0|MO:0|SH:0|WA:0|FT:0,2,"2026-04-27 10:49:22"
3451,a613f6a208022d403bdfc9cb1ffaebd5918158bb,LH:80|RH:95|TF:0|LE:0|RE:0|MO:0|SH:0|WA:0|FT:0,2,"2026-04-27 10:49:22"
3452,a0cf2f45b676df5a5b14e153971acf977cf034c2,LH:67|RH:67|TF:0|LE:0|RE:0|MO:0|SH:0|WA:0|FT:83,3,"2026-04-27 10:49:22"
3453,"2c2d5fc3c562dea2f44c098de00443355e7bb94c",LH:83|RH:26|TF:0|LE:0|RE:0|MO:0|SH:0|WA:83|FT:0,3,"2026-04-27 10:49:22"
3454,"5b71f97769059fda7c34d2b4691fca6b63c7fc8b",LH:95|RH:95|TF:0|LE:0|RE:0|MO:0|SH:0|WA:63|FT:63,4,"2026-04-27 10:49:22"
3455,"1cb7253c75da89e4bbd75dd792fe6338248ad326",LH:0|RH:67|TF:0|LE:0|RE:0|MO:0|SH:0|WA:83|FT:0,2,"2026-04-27 10:49:22"
3456,d90b3681c986c35e735cc92d93b8562f72d3f3b6,LH:83|RH:83|TF:0|LE:0|RE:0|MO:26|SH:0|WA:26|FT:0,4,"2026-04-27 10:49:22"
3457,"7ace44784ead8be42fb837af6e02a5b967805f03",LH:83|RH:73|TF:0|LE:0|RE:0|MO:0|SH:0|WA:0|FT:0,2,"2026-04-27 10:49:22"
3458,"1aa9fc1c2b710c1658f339f9d8a5105612361a37",LH:25|RH:25|TF:0|LE:0|RE:0|MO:0|SH:83|WA:83|FT:0,4,"2026-04-27 10:49:22"
3459,"05d9d2c62de572fbdcc88e9933dbb9dadd8b0a6d",LH:67|RH:67|TF:0|LE:0|RE:0|MO:92|SH:92|WA:92|FT:0,5,"2026-04-27 10:49:22"
3460,"868875bfa2e9d2808d0113f8bbd9d722045f28ef",LH:45|RH:45|TF:0|LE:0|RE:0|MO:0|SH:0|WA:0|FT:56,3,"2026-04-27 10:49:22"
3461,"3de3fc601b7a190b7eb8e649c70fdb936a2ba513",LH:83|RH:0|TF:0|LE:0|RE:0|MO:0|SH:0|WA:83|FT:83,3,"2026-04-27 10:49:22"
3462,"99b5b92db157fa57162a3b6a0e9f78dcc08f5731",LH:83|RH:95|TF:0|LE:0|RE:0|MO:0|SH:0|WA:83|FT:83,4,"2026-04-27 10:49:22"
3463,ff1a396b23bf32be3e6cea52fdf3203e924755bd,LH:73|RH:73|TF:0|LE:0|RE:0|MO:0|SH:0|WA:84|FT:0,3,"2026-04-27 10:49:22"
3464,f4c59e9e3f5c40b32a37dee4e36d140867659695,LH:0|RH:95|TF:0|LE:0|RE:0|MO:0|SH:0|WA:83|FT:83,3,"2026-04-27 10:49:22"
3465,b8fb618dbf793104f83a60d9466a26698f23522b,LH:95|RH:57|TF:0|LE:0|RE:0|MO:0|SH:0|WA:63|FT:0,3,"2026-04-27 10:49:22"
3466,a992f96081a33840fa9b9677c88fbde45cc698ba,LH:0|RH:0|TF:0|LE:0|RE:0|MO:102|SH:102|WA:102|FT:0,3,"2026-04-27 10:49:22"
3467,"76245ff76bd44cd8f3ba3315d005547c3782528e",LH:88|RH:95|TF:0|LE:0|RE:0|MO:0|SH:0|WA:0|FT:0,2,"2026-04-27 10:49:22"
3468,e139b7eb55c8adaea8207cb4520941b50115a9de,LH:0|RH:0|TF:0|LE:0|RE:0|MO:0|SH:0|WA:88|FT:88,2,"2026-04-27 10:49:22"
3469,"77e2b5560cb23d530abd1f6493a8dd6bd5e573e5",LH:25|RH:83|TF:0|LE:0|RE:0|MO:0|SH:0|WA:0|FT:0,2,"2026-04-27 10:49:22"
3470,"24a29faca63b3256c09a5e182d2e9f8ec533bb4f",LH:0|RH:0|TF:103|LE:103|RE:103|MO:0|SH:0|WA:0|FT:0,3,"2026-04-27 10:49:22"
3471,c40d606b2717e1f0d9c09bbc08ce32847c8c4ef9,LH:65|RH:95|TF:0|LE:0|RE:0|MO:0|SH:0|WA:0|FT:0,2,"2026-04-27 10:49:22"
3472,b55d6512fa646c5891060b5961cf6c7b0ffc2085,LH:80|RH:83|TF:0|LE:0|RE:0|MO:0|SH:0|WA:0|FT:0,2,"2026-04-27 10:49:22"
3473,e9d2d023dc9b589df1f6eb12381338bdb5654a24,LH:119|RH:119|TF:0|LE:0|RE:0|MO:0|SH:0|WA:0|FT:0,2,"2026-04-27 10:49:22"
3474,"4ff2a0f70029297bbb870412da9f3c51bcf9484a",LH:81|RH:29|TF:0|LE:0|RE:0|MO:0|SH:0|WA:0|FT:0,2,"2026-04-27 10:49:22"
3475,"6d442f79918af2a3c12788bf305d7bb5856225b2",LH:95|RH:95|TF:0|LE:0|RE:0|MO:0|SH:83|WA:83|FT:83,5,"2026-04-27 10:49:22"
3476,ef4f8b301f50453082b02c44951fb3a15eaeb52b,LH:83|RH:41|TF:0|LE:0|RE:0|MO:0|SH:0|WA:0|FT:0,2,"2026-04-27 10:49:22"
3477,"0e4a23b81db63cb732a4b5b440d67701cd376a02",LH:67|RH:84|TF:0|LE:0|RE:0|MO:0|SH:0|WA:0|FT:0,2,"2026-04-27 10:49:22"
3478,"16c441d492d90d0d538bb5496e9f773377a96efb",LH:60|RH:60|TF:0|LE:0|RE:0|MO:0|SH:0|WA:0|FT:40,3,"2026-04-27 10:49:22"
3479,cd6bfb86a33599fa97bc964256af20b94954864e,LH:63|RH:63|TF:0|LE:0|RE:0|MO:95|SH:95|WA:95|FT:0,5,"2026-04-27 10:49:22"
3480,"5709d2b9bcd226760f970a280c3e09649066d45a",LH:119|RH:0|TF:0|LE:0|RE:0|MO:0|SH:0|WA:0|FT:0,1,"2026-04-27 10:49:22"
3481,e597f85c629d37a670b6c7a34bfac531e44e3560,LH:83|RH:0|TF:0|LE:0|RE:0|MO:0|SH:0|WA:83|FT:0,2,"2026-04-27 10:49:22"
3482,c48b6c80abbc9df39c2efa03c7999ce914d659e1,LH:0|RH:73|TF:0|LE:0|RE:0|MO:90|SH:0|WA:0|FT:0,2,"2026-04-27 10:49:22"
3483,"8b43e9d244ee4d8163bfde219118b2127b4cd13f",LH:74|RH:74|TF:114|LE:114|RE:114|MO:0|SH:0|WA:0|FT:0,5,"2026-04-27 10:49:22"
3484,ece3265df5853a1555b3a5581ad3f20b8d899c9b,LH:95|RH:65|TF:0|LE:0|RE:0|MO:0|SH:0|WA:0|FT:0,2,"2026-04-27 10:49:22"
3485,"359bdfc0f7e74369a2ee50d4e1095784dda51c45",LH:60|RH:0|TF:0|LE:0|RE:0|MO:55|SH:0|WA:0|FT:0,2,"2026-04-27 10:49:22"
3486,"0beebe9b7aae18a18ab73d97c5c64dd5089a3cfd",LH:74|RH:0|TF:114|LE:114|RE:114|MO:0|SH:0|WA:0|FT:0,4,"2026-04-27 10:49:22"
3487,"86524420a38afe2cd8221567a4db788e915ff14b",LH:0|RH:67|TF:0|LE:0|RE:0|MO:0|SH:0|WA:0|FT:83,2,"2026-04-27 10:49:22"
3488,"57e348743985b2f7251c83c0920a260a5cabc909",LH:83|RH:83|TF:0|LE:0|RE:0|MO:0|SH:83|WA:83|FT:83,5,"2026-04-27 10:49:22"
3489,"595e766033b1185ca1829a160257103d89acbbb4",LH:0|RH:0|TF:0|LE:0|RE:0|MO:90|SH:0|WA:84|FT:0,2,"2026-04-27 10:49:22"
3490,c0f81a18219d0924e4df0602a92e3f60903a544e,LH:63|RH:95|TF:0|LE:0|RE:0|MO:0|SH:0|WA:56|FT:0,3,"2026-04-27 10:49:22"
3491,"83b2123f4c131017dcd1a9e03f7974b24dec527b",LH:83|RH:67|TF:0|LE:0|RE:0|MO:0|SH:0|WA:83|FT:0,3,"2026-04-27 10:49:22"
3492,"1f816781d90db50db10ff33f8b6a2a2b6153ef62",LH:67|RH:67|TF:0|LE:0|RE:0|MO:81|SH:0|WA:0|FT:0,3,"2026-04-27 10:49:22"
3493,ecda92164d3440ee86d74461ebdeb06c69b42306,LH:80|RH:82|TF:0|LE:0|RE:0|MO:0|SH:0|WA:0|FT:0,2,"2026-04-27 10:49:22"
3494,"6631a510204faa3c2990aa1640e26bbef25a68f8",LH:57|RH:57|TF:0|LE:0|RE:0|MO:0|SH:0|WA:83|FT:0,3,"2026-04-27 10:49:22"
3495,"8474788e734a08160614bb3e611f8d305f4b6ce7",LH:57|RH:57|TF:0|LE:0|RE:0|MO:95|SH:63|WA:63|FT:63,6,"2026-04-27 10:49:22"
3496,b1b96d64a8ecccacc91b73162e90dbe91f2db309,LH:0|RH:67|TF:111|LE:0|RE:0|MO:0|SH:0|WA:0|FT:0,2,"2026-04-27 10:49:22"
3497,e2fa1ece48a9d954ec74db2c9346225dae69ce5d,LH:0|RH:0|TF:0|LE:0|RE:0|MO:0|SH:83|WA:83|FT:83,3,"2026-04-27 10:49:22"
3498,"0ea6c2c66649e069d06e45402e7041b5e9eb0415",LH:0|RH:0|TF:0|LE:0|RE:97|MO:0|SH:0|WA:0|FT:0,1,"2026-04-27 10:49:22"
3499,"5f18d399f865d3076c68a044ec0163c8eb221a84",LH:63|RH:63|TF:0|LE:0|RE:0|MO:0|SH:0|WA:81|FT:81,4,"2026-04-27 10:49:22"
3500,e3c9e9d95f0a25a270a112b400b2e8ab78c6d5df,LH:95|RH:0|TF:0|LE:0|RE:0|MO:0|SH:0|WA:63|FT:0,2,"2026-04-27 10:49:22"
3501,"51ada946f7435bdd1be08a00fe8fcbd7897bc6c4",LH:67|RH:90|TF:0|LE:0|RE:0|MO:0|SH:89|WA:0|FT:0,3,"2026-04-27 10:49:22"
3502,df123ea67630be6a7031c3ed70365f5619b78b27,LH:67|RH:95|TF:0|LE:0|RE:0|MO:0|SH:0|WA:83|FT:0,3,"2026-04-27 10:49:22"
3503,"98969c8a0d672d11941a3e64f40d0a2c47e40746",LH:116|RH:116|TF:111|LE:0|RE:0|MO:0|SH:0|WA:0|FT:0,3,"2026-04-27 10:49:22"
3504,"65cd39a1e4dd87d1de2f23543e230bea1387ce89",LH:0|RH:0|TF:0|LE:0|RE:0|MO:89|SH:90|WA:0|FT:0,2,"2026-04-27 10:49:22"
3505,ac3d45b25008bf424925fa2ddc04e9cb140cc04e,LH:73|RH:28|TF:0|LE:0|RE:0|MO:0|SH:0|WA:0|FT:0,2,"2026-04-27 10:49:22"
3506,"14674d69af652a97e94125da8863ac04f36a59c6",LH:83|RH:95|TF:0|LE:0|RE:0|MO:0|SH:0|WA:83|FT:0,3,"2026-04-27 10:49:22"
3507,"163d1e13a094f5960f818a9ebd87f6574df9d7c8",LH:95|RH:0|TF:0|LE:0|RE:0|MO:0|SH:0|WA:83|FT:0,2,"2026-04-27 10:49:22"
3508,d96cfbbcc72be35a605e3201c4f623e53a6388d7,LH:0|RH:67|TF:92|LE:92|RE:92|MO:0|SH:0|WA:0|FT:0,4,"2026-04-27 10:49:22"
3509,"21a9073d398f665155351da9704e1bacdf9fe175",LH:63|RH:95|TF:0|LE:0|RE:0|MO:0|SH:0|WA:67|FT:0,3,"2026-04-27 10:49:22"
3510,"278c6c147bda3fbb06b6face11d14351fb594412",LH:80|RH:80|TF:0|LE:0|RE:0|MO:0|SH:0|WA:0|FT:56,3,"2026-04-27 10:49:22"
3511,f6f6d54e2136bc310fd24c14ecd0bbff99502ee5,LH:95|RH:95|TF:0|LE:0|RE:0|MO:0|SH:63|WA:63|FT:63,5,"2026-04-27 10:49:22"
3512,a1c9b25199bd537d339eaeaa266d9a0e08239314,LH:95|RH:95|TF:0|LE:0|RE:0|MO:0|SH:27|WA:0|FT:0,3,"2026-04-27 10:49:22"
3513,ccd43733771c5052ef4db3042c0df80d7c68f1e0,LH:0|RH:0|TF:0|LE:90|RE:90|MO:27|SH:90|WA:90|FT:0,5,"2026-04-27 10:49:22"
3514,d720316413bed76afccaedfe8989ebf2c8dc7ba2,LH:0|RH:0|TF:0|LE:0|RE:0|MO:63|SH:27|WA:63|FT:63,4,"2026-04-27 10:49:22"
3515,"0e5f2668fd2a6b21b6887b17c88d158b511707cb",LH:117|RH:117|TF:0|LE:0|RE:0|MO:0|SH:0|WA:0|FT:0,2,"2026-04-27 10:49:22"
3516,b5d3378ec97e83480dfa691a01fed95c88916340,LH:116|RH:0|TF:0|LE:0|RE:0|MO:0|SH:0|WA:0|FT:0,1,"2026-04-27 10:49:22"
3517,"2cf886547b17ede69fbd50129e7711d0e301a1da",LH:45|RH:45|TF:0|LE:0|RE:0|MO:0|SH:0|WA:0|FT:45,3,"2026-04-27 10:49:22"
3518,"3170b8dbab8f1a7c4a4b8002dab69d951ad0f8a7",LH:0|RH:0|TF:0|LE:0|RE:0|MO:0|SH:26|WA:0|FT:26,2,"2026-04-27 10:49:22"
3519,"7364aca0d12367826da0ca597ba3370feb56bbb8",LH:0|RH:67|TF:0|LE:0|RE:0|MO:0|SH:0|WA:83|FT:83,3,"2026-04-27 10:49:22"
3520,d5d3cf3f8078b9d71ec2cff37b0670b5e18186ba,LH:0|RH:63|TF:0|LE:0|RE:0|MO:67|SH:0|WA:67|FT:0,3,"2026-04-27 10:49:22"
3521,"5ecef6bca1b7c4166af046ff8cebb1a03af66b22",LH:90|RH:90|TF:0|LE:0|RE:0|MO:89|SH:27|WA:0|FT:0,4,"2026-04-27 10:49:22"
3522,"92d25126c6789824e9b9cf74f33d61a5eabba0c9",LH:0|RH:0|TF:0|LE:0|RE:0|MO:0|SH:27|WA:90|FT:90,3,"2026-04-27 10:49:22"
3523,"9608096c5689032b1a2ad624079ce4e772f76559",LH:76|RH:76|TF:0|LE:0|RE:0|MO:0|SH:27|WA:0|FT:0,3,"2026-04-27 10:49:22"
3524,"5a2ad0ed68e9f596b0f070f862aa5ecc70dafb09",LH:49|RH:118|TF:0|LE:0|RE:0|MO:0|SH:0|WA:0|FT:0,2,"2026-04-27 10:49:22"
3525,c0dcc92be12dc69067240d1cf2e029d27417174c,LH:83|RH:83|TF:0|LE:0|RE:0|MO:0|SH:0|WA:67|FT:0,3,"2026-04-27 10:49:22"
3526,"41521e4b8fedab323ee1f6b9f51c0dbccdd86d6e",LH:0|RH:80|TF:0|LE:0|RE:0|MO:0|SH:27|WA:0|FT:0,2,"2026-04-27 10:49:22"
3527,e6935669582e6000121541c9b243415643e09779,LH:26|RH:26|TF:0|LE:0|RE:0|MO:0|SH:83|WA:83|FT:83,5,"2026-04-27 10:49:22"
3528,"05667db221dbc457502951980644ae3952453bff",LH:67|RH:95|TF:0|LE:0|RE:0|MO:0|SH:63|WA:63|FT:63,5,"2026-04-27 10:49:22"
3529,cab6ba2ee52b7cac00c31d272269d37fe0aebd92,LH:94|RH:67|TF:0|LE:0|RE:0|MO:0|SH:0|WA:0|FT:0,2,"2026-04-27 10:49:22"
3530,"6f49d1e9290a112b792d7779316fcabfe6815742",LH:73|RH:83|TF:0|LE:0|RE:0|MO:0|SH:0|WA:0|FT:0,2,"2026-04-27 10:49:22"
3531,"321565912a0c1851eefcdd025bcad35fb8413e3f",LH:63|RH:63|TF:0|LE:0|RE:0|MO:0|SH:27|WA:0|FT:67,4,"2026-04-27 10:49:22"
3532,"188909faaddf6b8f38e565e079ce1e550a34c58d",LH:0|RH:90|TF:0|LE:0|RE:0|MO:0|SH:89|WA:89|FT:89,4,"2026-04-27 10:49:22"
3533,b866028e32fdbc3cdca2a866c5c8b55e71185209,LH:65|RH:65|TF:0|LE:0|RE:0|MO:0|SH:27|WA:0|FT:0,3,"2026-04-27 10:49:22"
3534,"6241dc4b6f8296a4a1f951b1fbcb22bc4abd77f5",LH:0|RH:26|TF:0|LE:0|RE:0|MO:0|SH:0|WA:83|FT:0,2,"2026-04-27 10:49:22"
3535,"5255c442d8c958fff9f432af986ec95a1c68f30f",LH:95|RH:0|TF:0|LE:0|RE:0|MO:0|SH:63|WA:63|FT:63,4,"2026-04-27 10:49:22"
3536,f7a0de261841dfba61a618c5aee504bcae013aa9,LH:0|RH:73|TF:0|LE:0|RE:0|MO:0|SH:0|WA:24|FT:0,2,"2026-04-27 10:49:22"
3537,d17fb3bd6fe1765b6147a18e657e72705491c614,LH:83|RH:83|TF:0|LE:0|RE:0|MO:83|SH:0|WA:0|FT:0,3,"2026-04-27 10:49:22"
3538,"4a073b948ad54a26061d38c71787fa7d1db34316",LH:73|RH:73|TF:0|LE:0|RE:0|MO:79|SH:0|WA:0|FT:0,3,"2026-04-27 10:49:22"
3539,adf94fcea44687c28ba77878b9403df26866274a,LH:57|RH:57|TF:0|LE:0|RE:0|MO:82|SH:0|WA:0|FT:0,3,"2026-04-27 10:49:22"
3540,c834dfeecac7cd37b1021c802fe2bba3470b890c,LH:0|RH:0|TF:0|LE:0|RE:0|MO:101|SH:101|WA:0|FT:0,2,"2026-04-27 10:49:22"
3541,"3b76f13651a143be596495eadb904755d6c31f4d",LH:0|RH:67|TF:0|LE:0|RE:0|MO:92|SH:92|WA:92|FT:0,4,"2026-04-27 10:49:22"
3542,"28431016c50842af611330b58417b2e2f045057a",LH:79|RH:0|TF:111|LE:0|RE:0|MO:0|SH:0|WA:0|FT:0,2,"2026-04-27 10:49:22"
3543,"7da0a772d64fbca72c96225d31c5652c6089e953",LH:0|RH:41|TF:114|LE:114|RE:114|MO:0|SH:0|WA:0|FT:0,4,"2026-04-27 10:49:22"
3544,"25959d9f57d942cc296aafca11e8410907f83e14",LH:55|RH:55|TF:0|LE:0|RE:0|MO:0|SH:55|WA:0|FT:0,3,"2026-04-27 10:49:22"
3545,"284a47ab3c6fb9b2b71b8a629d0a60a023402b25",LH:95|RH:67|TF:0|LE:0|RE:0|MO:0|SH:0|WA:83|FT:0,3,"2026-04-27 10:49:22"
3546,"8cb42d7791a05ea61b5cee7ff1eea46898ea03f2",LH:82|RH:74|TF:0|LE:0|RE:0|MO:0|SH:0|WA:0|FT:0,2,"2026-04-27 10:49:22"
3547,"0c97486452604e54715dea3392ceb7b7b924984e",LH:67|RH:83|TF:0|LE:0|RE:0|MO:0|SH:0|WA:83|FT:0,3,"2026-04-27 10:49:22"
3548,"51021a190eb6a0201997b94db70ea0e716a61c1b",LH:83|RH:83|TF:0|LE:0|RE:0|MO:0|SH:0|WA:73|FT:0,3,"2026-04-27 10:49:22"
3549,eca0a2b6c1ccf096933f67271c70838734226772,LH:59|RH:59|TF:0|LE:0|RE:0|MO:0|SH:0|WA:0|FT:58,3,"2026-04-27 10:49:22"
3550,"67dc1bd0af5828cfce854227415517552967103c",LH:83|RH:83|TF:0|LE:0|RE:0|MO:0|SH:83|WA:83|FT:0,4,"2026-04-27 10:49:22"
3551,"78275182fbe3a8b4f873076a515ec187d9e5730c",LH:83|RH:0|TF:0|LE:0|RE:0|MO:0|SH:0|WA:0|FT:83,2,"2026-04-27 10:49:22"
3552,a5fec32b1c9cdb823b6e56b8e27f9db4c8680b58,LH:73|RH:73|TF:0|LE:0|RE:0|MO:0|SH:0|WA:83|FT:83,4,"2026-04-27 10:49:22"
3553,"1915e290da82402931e6f6de21765ba100589680",LH:83|RH:83|TF:0|LE:0|RE:0|MO:0|SH:0|WA:0|FT:83,3,"2026-04-27 10:49:22"
3554,"5af33285b668e8d8af7eee7cea0c796759653281",LH:83|RH:83|TF:0|LE:0|RE:0|MO:26|SH:0|WA:0|FT:0,3,"2026-04-27 10:49:22"
3555,"6b65e782b186fe9bf01002677c01cc7d5124c8c2",LH:63|RH:63|TF:0|LE:67|RE:0|MO:0|SH:0|WA:0|FT:0,3,"2026-04-27 10:49:22"
3556,"194c704340814604af1900fdacb1454dbb2867ae",LH:50|RH:45|TF:0|LE:0|RE:0|MO:0|SH:0|WA:0|FT:0,2,"2026-04-27 10:49:22"
3557,"0f7a7d83539fb1023cd94f387bcc7d3fde7c3aec",LH:83|RH:80|TF:0|LE:0|RE:0|MO:0|SH:0|WA:0|FT:0,2,"2026-04-27 10:49:22"
3558,"7121cd885afee9e1a6ce9eedb15a6972b3832c0e",LH:73|RH:73|TF:0|LE:0|RE:0|MO:0|SH:0|WA:83|FT:0,3,"2026-04-27 10:49:22"
3559,"193803ae2863e00aa5b7fd85c65a8a3f3e0cad9f",LH:80|RH:0|TF:0|LE:0|RE:0|MO:0|SH:27|WA:0|FT:0,2,"2026-04-27 10:49:22"
3560,dad43a583af6af0adc5a958da416ec59afd0c395,LH:27|RH:73|TF:0|LE:0|RE:0|MO:0|SH:0|WA:0|FT:0,2,"2026-04-27 10:49:22"
3561,"449377c81ffbb0879e1a6062a34338bc534b295c",LH:67|RH:96|TF:0|LE:0|RE:0|MO:0|SH:0|WA:0|FT:0,2,"2026-04-27 10:49:22"
3562,"0f99f11c7d2c94afc1aaa6bc9527cc9a2415d8cd",LH:25|RH:25|TF:0|LE:0|RE:0|MO:0|SH:0|WA:83|FT:83,4,"2026-04-27 10:49:22"
3563,"2a5646991c399fbfd80d7421aeecf965ebbcbb05",LH:73|RH:27|TF:0|LE:0|RE:0|MO:0|SH:0|WA:0|FT:0,2,"2026-04-27 10:49:22"
3564,"9b58c01caa4244418961425104fb6d481b84741e",LH:95|RH:0|TF:0|LE:0|RE:0|MO:0|SH:0|WA:63|FT:63,3,"2026-04-27 10:49:22"
3565,"5c7d8d67d25f3c5e1e413e78b2442b4cc0f93ee5",LH:73|RH:73|TF:0|LE:0|RE:0|MO:0|SH:81|WA:0|FT:0,3,"2026-04-27 10:49:22"
3566,"7a76e05616e16d21fb679c802038848f21480c69",LH:67|RH:67|TF:0|LE:0|RE:0|MO:90|SH:27|WA:0|FT:0,4,"2026-04-27 10:49:22"
3567,e3d1d3120b2b30ff864a2d0436abc1df8b69410a,LH:67|RH:67|TF:0|LE:0|RE:0|MO:0|SH:95|WA:95|FT:0,4,"2026-04-27 10:49:22"
3568,e13fb17203db5e1151855f36b80199a8dd920268,LH:73|RH:73|TF:0|LE:0|RE:0|MO:0|SH:83|WA:83|FT:83,5,"2026-04-27 10:49:22"
3569,"509201974cd30cd4db35d8216e66f84432b28899",LH:73|RH:73|TF:0|LE:0|RE:0|MO:0|SH:0|WA:0|FT:83,3,"2026-04-27 10:49:22"
3570,"7f7a8795326b5e37d8e9266322c1da2a493e6d9e",LH:0|RH:0|TF:73|LE:73|RE:73|MO:0|SH:0|WA:0|FT:0,3,"2026-04-27 10:49:22"
3571,cdbd253c66d5a3fe0f708812d92cfcc8f0a289d4,LH:25|RH:0|TF:0|LE:0|RE:0|MO:0|SH:27|WA:0|FT:0,2,"2026-04-27 10:49:22"
3572,a7fc1f826d8c057e8cfd52c185b66a55140fe307,LH:110|RH:26|TF:0|LE:0|RE:0|MO:0|SH:0|WA:0|FT:0,2,"2026-04-27 10:49:22"
3573,"163b1e883cceda0cd382aa1df5a5fe07499fd3b3",LH:0|RH:83|TF:0|LE:0|RE:0|MO:0|SH:0|WA:83|FT:0,2,"2026-04-27 10:49:22"
3574,"97f73a79dfad04f8d3e1326cc1471612d459209f",LH:67|RH:67|TF:0|LE:0|RE:0|MO:0|SH:67|WA:0|FT:0,3,"2026-04-27 10:49:22"
3575,"2d2f2b0ba9ceeae738c60d831e61b572d31889c1",LH:73|RH:39|TF:0|LE:0|RE:0|MO:0|SH:0|WA:0|FT:0,2,"2026-04-27 10:49:22"
3576,"362a67426fba2f3962f9b0bb7eb13174298a65f7",LH:45|RH:45|TF:0|LE:0|RE:0|MO:50|SH:50|WA:0|FT:0,4,"2026-04-27 10:49:22"
3577,"31b0bb0a949889f6c0cd0a655f890246e3579a74",LH:56|RH:82|TF:0|LE:0|RE:0|MO:0|SH:0|WA:0|FT:0,2,"2026-04-27 10:49:22"
3578,"404a40a5d5cbd455ca4a848f8681990a8fc34cde",LH:26|RH:26|TF:0|LE:0|RE:0|MO:0|SH:0|WA:83|FT:83,4,"2026-04-27 10:49:22"
3579,b336cac9a4664b0711354d8b3245d9beb009a2ef,LH:0|RH:33|TF:0|LE:0|RE:0|MO:0|SH:27|WA:0|FT:0,2,"2026-04-27 10:49:22"
3580,"2812e53cb746b22aa14f2417107190eb34c3bec7",LH:67|RH:67|TF:0|LE:0|RE:0|MO:0|SH:0|WA:0|FT:32,3,"2026-04-27 10:49:22"
3581,c317c693bc3b059993b018ae033c75e7b8c62c69,LH:90|RH:90|TF:0|LE:0|RE:0|MO:0|SH:27|WA:89|FT:89,5,"2026-04-27 10:49:22"
3582,"3a33a64c0c2fe5d5ff86b58875b113f52ec70998",LH:0|RH:0|TF:0|LE:0|RE:0|MO:0|SH:27|WA:89|FT:0,2,"2026-04-27 10:49:22"
3583,"1038632074115281879a318741f3025c2a2dd08f",LH:63|RH:63|TF:0|LE:0|RE:0|MO:26|SH:0|WA:0|FT:0,3,"2026-04-27 10:49:22"
3584,"952905e0505f4698ce69299390a48e4bedc0fc39",LH:41|RH:41|TF:114|LE:114|RE:114|MO:0|SH:0|WA:0|FT:0,5,"2026-04-27 10:49:22"
3585,c51cc38d28efa9a55eeb5ae979e104637436948d,LH:95|RH:67|TF:0|LE:0|RE:0|MO:0|SH:63|WA:63|FT:63,5,"2026-04-27 10:49:22"
3586,b5b1601f7ec59099e5d0d0001071536935d34282,LH:63|RH:63|TF:0|LE:0|RE:0|MO:90|SH:27|WA:0|FT:0,4,"2026-04-27 10:49:22"
3587,ea5eb8ae3fdd73a42e7b7e658a38f0a22dc7cb42,LH:63|RH:80|TF:0|LE:0|RE:0|MO:0|SH:0|WA:0|FT:0,2,"2026-04-27 10:49:22"
3588,"4e05789db18f27aa8747cb271db467d4b0548a2f",LH:57|RH:57|TF:0|LE:0|RE:0|MO:0|SH:0|WA:95|FT:63,4,"2026-04-27 10:49:22"
3589,"735f1e15f479d964967d416e8f8058cbd1466b4d",LH:59|RH:74|TF:0|LE:0|RE:0|MO:0|SH:0|WA:0|FT:0,2,"2026-04-27 10:49:22"
3590,acc0c3563e95baaef446ec25c0c28b3c97f23f94,LH:45|RH:86|TF:0|LE:0|RE:0|MO:0|SH:0|WA:0|FT:0,2,"2026-04-27 10:49:22"
3591,"3b5ba3bd7032d8a113ae352ab5a63090d7ea2b56",LH:63|RH:90|TF:0|LE:0|RE:0|MO:0|SH:27|WA:0|FT:0,3,"2026-04-27 10:49:22"
3592,f7d2f67887cbfe3892f07449c3621f65eef0a5c7,LH:25|RH:25|TF:0|LE:0|RE:0|MO:0|SH:0|WA:83|FT:0,3,"2026-04-27 10:49:22"
3593,"5473dcf5367bed49b4200c5e74ae4249f067368a",LH:118|RH:118|TF:111|LE:0|RE:0|MO:0|SH:0|WA:0|FT:0,3,"2026-04-27 10:49:22"
3594,"5a59ece72e584ef47e0e5d3eaddf77811519399a",LH:79|RH:73|TF:0|LE:0|RE:0|MO:0|SH:0|WA:0|FT:0,2,"2026-04-27 10:49:22"
3595,c4937df8fa94ec62825b4a503ff5f28577446537,LH:57|RH:57|TF:0|LE:0|RE:0|MO:0|SH:95|WA:63|FT:63,5,"2026-04-27 10:49:22"
3596,f4391c1668eea6973eb34d08632faed4c0cf0fb2,LH:59|RH:59|TF:0|LE:0|RE:0|MO:81|SH:0|WA:0|FT:81,4,"2026-04-27 10:49:22"
3597,a3f2916ce307c613ae9177a95a4565f765231399,LH:82|RH:26|TF:0|LE:0|RE:0|MO:0|SH:0|WA:0|FT:0,2,"2026-04-27 10:49:22"
3598,"34cd97bd12c71ff01e1b559edad0f8686f084266",LH:80|RH:26|TF:0|LE:0|RE:0|MO:0|SH:0|WA:0|FT:0,2,"2026-04-27 10:49:22"
3599,a493caa5ad9c5dd7b0fc4f2a28cf3c7bcbe78689,LH:73|RH:80|TF:0|LE:0|RE:0|MO:0|SH:0|WA:0|FT:0,2,"2026-04-27 10:49:22"
3600,b967f474f2c36bfab7c015180d6bd2fc5f56f367,LH:0|RH:0|TF:0|LE:0|RE:0|MO:27|SH:0|WA:90|FT:63,3,"2026-04-27 10:49:22"
3601,"25aee4207290e487599e54d979c2dad1991819d7",LH:63|RH:95|TF:0|LE:0|RE:0|MO:0|SH:0|WA:0|FT:41,3,"2026-04-27 10:49:22"
3602,"53c079511aaee0946dece11407c109193b18e017",LH:49|RH:46|TF:0|LE:0|RE:0|MO:0|SH:0|WA:0|FT:0,2,"2026-04-27 10:49:22"
3603,"6f510bfd5260e56db6aa94b18e1afd020e2d5769",LH:0|RH:0|TF:0|LE:73|RE:0|MO:0|SH:27|WA:0|FT:0,2,"2026-04-27 10:49:22"
3604,f0a7a290835ac27f15ba430b95c74f39e800ae34,LH:67|RH:94|TF:0|LE:0|RE:0|MO:0|SH:0|WA:0|FT:0,2,"2026-04-27 10:49:22"
3605,ad72d552248e08e967661352095f1a5cbaeef08c,LH:76|RH:67|TF:0|LE:0|RE:0|MO:0|SH:0|WA:0|FT:0,2,"2026-04-27 10:49:22"
3606,"6bf7cedd8476ba7ba859020abbeebcd6624fa446",LH:41|RH:67|TF:0|LE:0|RE:0|MO:0|SH:26|WA:26|FT:26,5,"2026-04-27 10:49:22"
3607,"4fd76fd966587f079b351fb56ec07dc20f732741",LH:26|RH:24|TF:0|LE:0|RE:0|MO:0|SH:0|WA:0|FT:0,2,"2026-04-27 10:49:22"
3608,cd3ecc14f901635caa79c78e2a2b0d82b88919ca,LH:0|RH:0|TF:0|LE:0|RE:0|MO:103|SH:0|WA:0|FT:103,2,"2026-04-27 10:49:22"
3609,e2973031f4ab1dd07fa0a72994966f4f0600ed64,LH:0|RH:0|TF:0|LE:0|RE:0|MO:27|SH:0|WA:80|FT:0,2,"2026-04-27 10:49:22"
3610,"5a259866c4f7f179647cd2ccebac5c3afc12ad65",LH:27|RH:27|TF:0|LE:0|RE:0|MO:0|SH:0|WA:63|FT:0,3,"2026-04-27 10:49:22"
3611,"41601e9ec01424c2c48c9bac58da4b585fa1b0d5",LH:86|RH:0|TF:0|LE:0|RE:0|MO:0|SH:27|WA:0|FT:0,2,"2026-04-27 10:49:22"
3612,"51ca7ffa6920472c05c41115adec728f72db4f4a",LH:86|RH:67|TF:0|LE:0|RE:0|MO:0|SH:0|WA:0|FT:0,2,"2026-04-27 10:49:22"
3613,"7d80c93f2e2745d265b60e15e10668966da5eb33",LH:63|RH:60|TF:0|LE:0|RE:0|MO:67|SH:0|WA:0|FT:0,3,"2026-04-27 10:49:22"
3614,"0d0d46b2c6fe6d355f5bb61e7376683a513eea31",LH:56|RH:56|TF:0|LE:0|RE:0|MO:0|SH:27|WA:56|FT:0,4,"2026-04-27 10:49:22"
3615,e60ce1872ab721c4136d032096ddd10cf196e56c,LH:67|RH:67|TF:0|LE:0|RE:0|MO:0|SH:27|WA:63|FT:63,5,"2026-04-27 10:49:22"
3616,"2eb7b788481bc24e00ef42e4ca7221778f3bce41",LH:67|RH:0|TF:0|LE:0|RE:0|MO:0|SH:27|WA:63|FT:0,3,"2026-04-27 10:49:22"
3617,"55d87b109ca9df075e8f5d787d6bf5836659c812",LH:24|RH:74|TF:0|LE:0|RE:0|MO:0|SH:0|WA:0|FT:0,2,"2026-04-27 10:49:22"
3618,"12ba49e250641f442aa11f0653af3528fe6101e3",LH:67|RH:28|TF:0|LE:0|RE:0|MO:0|SH:27|WA:0|FT:0,3,"2026-04-27 10:49:22"
3619,cf87980728d6bc0db08ab908da7d09133742c975,LH:0|RH:27|TF:0|LE:0|RE:0|MO:0|SH:0|WA:63|FT:63,3,"2026-04-27 10:49:22"
3620,"13be1e1bf540c1f62f63a248f79952e201ef874e",LH:73|RH:90|TF:0|LE:0|RE:0|MO:0|SH:0|WA:0|FT:0,2,"2026-04-27 10:49:22"
3621,dbbf95db762ed9b6bdae28f6422da77e1bfbbd54,LH:0|RH:67|TF:0|LE:0|RE:0|MO:0|SH:27|WA:63|FT:0,3,"2026-04-27 10:49:22"
3622,"1e18451182f210ae64a0e88dd3e8f2f2f613fd1b",LH:86|RH:86|TF:0|LE:0|RE:0|MO:0|SH:0|WA:32|FT:32,4,"2026-04-27 10:49:22"
3623,f35200b2e08d75774053432cd4372d289955c003,LH:86|RH:86|TF:0|LE:0|RE:0|MO:0|SH:0|WA:67|FT:0,3,"2026-04-27 10:49:22"
3624,b5ef51528df521df2971b2a4755d8426c21009f0,LH:86|RH:86|TF:0|LE:0|RE:0|MO:0|SH:67|WA:67|FT:0,4,"2026-04-27 10:49:22"
3625,d0fba0ce67bf7625e92c5a16e94f3d1f3928416a,LH:32|RH:32|TF:0|LE:0|RE:0|MO:0|SH:0|WA:0|FT:86,3,"2026-04-27 10:49:22"
3626,"454f77d4eb3ab45261692975bb446c8d827d3eb9",LH:79|RH:86|TF:0|LE:0|RE:0|MO:0|SH:0|WA:0|FT:0,2,"2026-04-27 10:49:22"
3627,daeeff856ee8ded3459011a9a1406d297fe2bd38,LH:63|RH:63|TF:0|LE:0|RE:0|MO:0|SH:24|WA:24|FT:0,4,"2026-04-27 10:49:22"
3628,c8f0b2a1859660713feb562613c803773301250d,LH:95|RH:59|TF:0|LE:0|RE:0|MO:0|SH:0|WA:0|FT:0,2,"2026-04-27 10:49:22"
3629,"86fa6133b237988da7a74d4637c0df77ce875c38",LH:82|RH:80|TF:0|LE:0|RE:0|MO:0|SH:0|WA:0|FT:0,2,"2026-04-27 10:49:22"
3630,"9b15e42b9af1c8fce6cf026104109ba9362099cf",LH:57|RH:57|TF:0|LE:0|RE:0|MO:0|SH:0|WA:86|FT:0,3,"2026-04-27 10:49:22"
3631,a34e909a50619ca2acb60763d3b813bea9932541,LH:86|RH:86|TF:0|LE:0|RE:0|MO:0|SH:0|WA:56|FT:56,4,"2026-04-27 10:49:22"
3632,"6d202fb42f2f9640b6df87e4ed1a31c176b599a1",LH:0|RH:86|TF:0|LE:0|RE:0|MO:0|SH:0|WA:0|FT:32,2,"2026-04-27 10:49:22"
3633,"6a7b9c9ca45efe571333b2a0d75e7b3757a50ff9",LH:67|RH:67|TF:0|LE:0|RE:0|MO:0|SH:89|WA:0|FT:0,3,"2026-04-27 10:49:22"
3634,fe8a33554bfa0d5fe6aa735522bbe61c4da226be,LH:94|RH:34|TF:0|LE:0|RE:0|MO:0|SH:0|WA:0|FT:0,2,"2026-04-27 10:49:22"
3635,"840d0a2e423262b691c52e82fee4178cf9a7b950",LH:26|RH:26|TF:0|LE:0|RE:0|MO:67|SH:67|WA:67|FT:0,5,"2026-04-27 10:49:22"
3636,"6d5c8cc36be1731103aca1554b710fa0684da82d",LH:95|RH:63|TF:0|LE:0|RE:0|MO:0|SH:0|WA:0|FT:67,3,"2026-04-27 10:49:22"
3637,"357490f3e812c99119ba61da6bdf1757cbfee4d2",LH:82|RH:82|TF:0|LE:0|RE:0|MO:0|SH:63|WA:63|FT:63,5,"2026-04-27 10:49:22"
3638,ff0e14654081578a88f399a93a9206e2fc26a468,LH:86|RH:41|TF:0|LE:0|RE:0|MO:0|SH:0|WA:0|FT:0,2,"2026-04-27 10:49:22"
3639,"13cb45f57e8a53fec3b96f681bbfca6427a254be",LH:73|RH:63|TF:0|LE:0|RE:0|MO:0|SH:0|WA:56|FT:0,3,"2026-04-27 10:49:22"
3640,"70bee0302430713e134f791247cd21a0186ac26a",LH:74|RH:63|TF:0|LE:0|RE:0|MO:0|SH:27|WA:0|FT:0,3,"2026-04-27 10:49:22"
3641,b6f031aabf5dd259a851be8c08538053e41f4b4d,LH:67|RH:67|TF:0|LE:0|RE:0|MO:0|SH:27|WA:63|FT:0,4,"2026-04-27 10:49:22"
3642,"4d5c5b1f28421ee9af4eb23d2ec9b7fa491b9db3",LH:79|RH:63|TF:0|LE:0|RE:0|MO:0|SH:0|WA:0|FT:0,2,"2026-04-27 10:49:22"
3643,c3a375eff07e8081e49bd25c4867be018fc34b35,LH:3|RH:3|TF:0|LE:0|RE:0|MO:0|SH:0|WA:86|FT:0,3,"2026-04-27 10:49:22"
3644,"4536397d4830a1431f2b1d108e763228c9956b94",LH:73|RH:73|TF:0|LE:73|RE:0|MO:0|SH:27|WA:0|FT:0,4,"2026-04-27 10:49:22"
3645,"2093411a7be664a9024faf2fc40cb90fe0ad4a18",LH:63|RH:56|TF:0|LE:0|RE:0|MO:41|SH:0|WA:0|FT:0,3,"2026-04-27 10:49:22"
3646,"65dc0e3e86651a6594ebfb2017770a5e59e3dd3b",LH:63|RH:63|TF:0|LE:73|RE:0|MO:0|SH:0|WA:0|FT:0,3,"2026-04-27 10:49:22"
3647,d1bdc93dcef157b81498574744501d93b626eab4,LH:73|RH:73|TF:0|LE:0|RE:0|MO:90|SH:0|WA:0|FT:0,3,"2026-04-27 10:49:22"
3648,c8e0f800059975e530019f2ba2313363416bcc22,LH:0|RH:0|TF:0|LE:0|RE:0|MO:90|SH:27|WA:89|FT:0,3,"2026-04-27 10:49:22"
3649,"44da334ee8dee22512666c7acf3d908a56c33e72",LH:34|RH:34|TF:0|LE:0|RE:0|MO:0|SH:0|WA:86|FT:0,3,"2026-04-27 10:49:22"
3650,"37135583fcd45b1260c04c47c59923db00c222da",LH:63|RH:0|TF:0|LE:0|RE:0|MO:0|SH:0|WA:0|FT:58,2,"2026-04-27 10:49:22"
3651,"3abef0072266ab2e3445cd4dffcdbd6daaff351b",LH:73|RH:73|TF:0|LE:0|RE:0|MO:0|SH:27|WA:63|FT:0,4,"2026-04-27 10:49:22"
3652,"7ee66965b36122aa9b42775c59f36fc30fe84c6e",LH:41|RH:76|TF:0|LE:0|RE:0|MO:0|SH:0|WA:0|FT:0,2,"2026-04-27 10:49:22"
3653,fad38c323c0b25a858ee525c10f917ec9d6149ef,LH:0|RH:67|TF:0|LE:0|RE:0|MO:63|SH:0|WA:0|FT:0,2,"2026-04-27 10:49:22"
3654,"8042913b3929a465030c594a46c9ccd52a28dc4f",LH:63|RH:73|TF:0|LE:0|RE:0|MO:0|SH:0|WA:73|FT:0,3,"2026-04-27 10:49:22"
3655,a87ce16899c923419ca2975d0e80daa4a64d6f5a,LH:0|RH:0|TF:0|LE:0|RE:0|MO:90|SH:0|WA:89|FT:63,3,"2026-04-27 10:49:22"
3656,"2687dca3951222afea7e9ccf5c31ff50295840e0",LH:60|RH:60|TF:0|LE:0|RE:0|MO:0|SH:27|WA:63|FT:0,4,"2026-04-27 10:49:22"
3657,"25e71763a81e6392f367b078fb88ac51aa0d3f1d",LH:36|RH:86|TF:0|LE:0|RE:0|MO:0|SH:0|WA:0|FT:0,2,"2026-04-27 10:49:22"
3658,"08808548f7a3139fdc6c6c396ebd4809e1d6613e",LH:89|RH:90|TF:0|LE:0|RE:0|MO:0|SH:27|WA:0|FT:0,3,"2026-04-27 10:49:22"
3659,"2bd003538fcb47811e3a8735bb2a7d0456ef006e",LH:90|RH:58|TF:0|LE:0|RE:0|MO:0|SH:0|WA:0|FT:0,2,"2026-04-27 10:49:22"
3660,b4bbf7e1fa1f18873f2468e72d7d21a55bacb956,LH:86|RH:0|TF:0|LE:0|RE:0|MO:0|SH:0|WA:0|FT:32,2,"2026-04-27 10:49:22"
3661,ccd881c7e6d2104f0e71f17a1a0c5cadbc922306,LH:86|RH:78|TF:0|LE:0|RE:0|MO:0|SH:0|WA:0|FT:0,2,"2026-04-27 10:49:22"
3662,fb17c4ff8674834fd75346d66c1848126ef90f66,LH:86|RH:45|TF:0|LE:0|RE:0|MO:0|SH:0|WA:0|FT:0,2,"2026-04-27 10:49:22"
3663,"844389d23734d5e80c04e23bd1050b26b23a79ab",LH:63|RH:86|TF:0|LE:0|RE:0|MO:0|SH:0|WA:0|FT:0,2,"2026-04-27 10:49:22"
3664,"896c777ff4cd3867540854b99c99f628f79ab23a",LH:0|RH:0|TF:0|LE:0|RE:0|MO:27|SH:0|WA:94|FT:94,3,"2026-04-27 10:49:22"
3665,a9bfa6e5773485b6d73ed293eb790b10c814a16b,LH:83|RH:2|TF:0|LE:0|RE:0|MO:0|SH:0|WA:0|FT:0,2,"2026-04-27 10:49:22"
3666,"914901c75bd245afc69f892eb7f648f01e7146bd",LH:83|RH:83|TF:0|LE:0|RE:0|MO:73|SH:0|WA:0|FT:0,3,"2026-04-27 10:49:22"
3667,f6d6fcdbc85d4447d4db9ce91c7f5ce22436edf2,LH:82|RH:0|TF:0|LE:0|RE:0|MO:0|SH:0|WA:63|FT:0,2,"2026-04-27 10:49:22"
3668,"00d057c72c752a37f7b4da0f168a6e0a5e27c831",LH:60|RH:67|TF:0|LE:0|RE:0|MO:0|SH:27|WA:0|FT:0,3,"2026-04-27 10:49:22"
3669,"803a9bc7a28f8eddfd336018b8f80599549c5ff2",LH:63|RH:63|TF:0|LE:0|RE:0|MO:0|SH:67|WA:67|FT:67,5,"2026-04-27 10:49:22"
3670,"8da29dcc44dccc064dc51fa3f943c4a3f03dae2f",LH:0|RH:67|TF:0|LE:0|RE:0|MO:26|SH:26|WA:26|FT:26,5,"2026-04-27 10:49:22"
3671,"06fdf3298b7818ebec77ea0f1cf3e62613aa4d91",LH:63|RH:64|TF:0|LE:0|RE:0|MO:0|SH:27|WA:0|FT:0,3,"2026-04-27 10:49:22"
3672,ae9dcdddaa9e3340d4591fa19ffeb893bb5cad3a,LH:73|RH:0|TF:0|LE:0|RE:0|MO:0|SH:63|WA:63|FT:0,3,"2026-04-27 10:49:22"
3673,e0bd47c9376805dfda9e3e11698dc96b1398189c,LH:80|RH:80|TF:0|LE:0|RE:0|MO:27|SH:27|WA:0|FT:0,4,"2026-04-27 10:49:22"
3674,c53a04605dd82603c5e6904f138eb2b4f1fe99e7,LH:63|RH:82|TF:0|LE:0|RE:0|MO:0|SH:27|WA:0|FT:0,3,"2026-04-27 10:49:22"
3675,cc0368335214903f57c4e986a7f06ad2b1ef888b,LH:88|RH:88|TF:0|LE:0|RE:0|MO:49|SH:0|WA:0|FT:0,3,"2026-04-27 10:49:22"
3676,a8766952236ac9750f5ec17491d3ea90fd66f28e,LH:63|RH:63|TF:0|LE:0|RE:0|MO:63|SH:0|WA:0|FT:0,3,"2026-04-27 10:49:22"
3677,"706371af9dec5a10b0dfeecb25415c4ae09e864c",LH:57|RH:82|TF:0|LE:0|RE:0|MO:0|SH:0|WA:0|FT:0,2,"2026-04-27 10:49:22"
3678,e60ec6c2ee5705f7ff5a9b8fb58b4c6fc763a85c,LH:75|RH:58|TF:0|LE:0|RE:0|MO:0|SH:0|WA:0|FT:0,2,"2026-04-27 10:49:22"
3679,a6834542e296b72b9d5643b3bdd660457d4e4e7b,LH:89|RH:0|TF:0|LE:0|RE:0|MO:0|SH:27|WA:0|FT:0,2,"2026-04-27 10:49:22"
3680,"3aa71667fae986930f795c098e40f1545f262dc1",LH:67|RH:59|TF:0|LE:0|RE:0|MO:0|SH:0|WA:63|FT:0,3,"2026-04-27 10:49:22"
3681,c97c100de231732eccb182f80da918bd1cad988e,LH:95|RH:63|TF:0|LE:0|RE:0|MO:0|SH:0|WA:60|FT:0,3,"2026-04-27 10:49:22"
3682,"2ba07337487759fa6ee5613e4f17dcc211c61efc",LH:72|RH:72|TF:0|LE:0|RE:0|MO:0|SH:27|WA:0|FT:0,3,"2026-04-27 10:49:22"
3683,"2f000621953fe60ee533123ff83868e086e35e18",LH:90|RH:89|TF:0|LE:0|RE:0|MO:0|SH:27|WA:0|FT:0,3,"2026-04-27 10:49:22"
3684,"06a325f91db3dd9abcae5a7b0ef58e55ee405127",LH:73|RH:73|TF:0|LE:0|RE:0|MO:0|SH:89|WA:0|FT:0,3,"2026-04-27 10:49:22"
3685,a8ee9c090c5c3a626cecd64fdc22407fa6c0d64d,LH:63|RH:74|TF:0|LE:0|RE:0|MO:0|SH:0|WA:0|FT:0,2,"2026-04-27 10:49:22"
3686,a3bf26ba078d765313049fa792483889a08c3022,LH:45|RH:45|TF:0|LE:0|RE:0|MO:0|SH:0|WA:63|FT:0,3,"2026-04-27 10:49:22"
3687,"8a7d7eeaa6b6b04978567b432f2c722fe04f5850",LH:73|RH:0|TF:0|LE:0|RE:0|MO:0|SH:0|WA:0|FT:26,2,"2026-04-27 10:49:22"
3688,"05e9175ee26021c94de2bf336808337cab3fdaef",LH:58|RH:86|TF:0|LE:0|RE:0|MO:0|SH:0|WA:0|FT:0,2,"2026-04-27 10:49:22"
3689,b51123ff689da6be7b1e8a6c9286121c88039ae8,LH:0|RH:86|TF:0|LE:0|RE:0|MO:0|SH:27|WA:0|FT:0,2,"2026-04-27 10:49:22"
3690,"3453cc26d77fef301fbe2a8c91d145a59337dd65",LH:73|RH:62|TF:0|LE:0|RE:0|MO:0|SH:0|WA:0|FT:0,2,"2026-04-27 10:49:22"
3691,a470203f753fb21fed6cebfe99cd7d8094ea4824,LH:73|RH:0|TF:0|LE:0|RE:0|MO:0|SH:0|WA:0|FT:58,2,"2026-04-27 10:49:22"
3692,b5129d191c53313a87e6b7b4e72614aa710e331f,LH:0|RH:90|TF:0|LE:0|RE:0|MO:27|SH:0|WA:89|FT:0,3,"2026-04-27 10:49:22"
3693,"1908ba84921def02dbbd6bbe204b3dd3fccde6cc",LH:86|RH:38|TF:0|LE:0|RE:0|MO:0|SH:0|WA:0|FT:0,2,"2026-04-27 10:49:22"
3694,"7c01b00023adf1ab55e11493705208f94ab72bf6",LH:39|RH:24|TF:0|LE:0|RE:0|MO:0|SH:0|WA:0|FT:0,2,"2026-04-27 10:49:22"
3695,"1c86c44b15bad5fe643e96f5c04b973599b10ed1",LH:0|RH:0|TF:0|LE:0|RE:0|MO:89|SH:0|WA:89|FT:89,3,"2026-04-27 10:49:22"
3696,"6804306c554df4ab815b4401652d77f02f64af6e",LH:73|RH:92|TF:0|LE:0|RE:0|MO:0|SH:0|WA:0|FT:0,2,"2026-04-27 10:49:22"
3697,"682e5aa49581b7ba36dd56c3add21e52307c93e8",LH:67|RH:67|TF:0|LE:113|RE:113|MO:0|SH:0|WA:0|FT:0,4,"2026-04-27 10:49:22"
3698,"08bdd9cec7d2428388d4a0d7ad7eb49c2654b9f0",LH:86|RH:86|TF:0|LE:0|RE:0|MO:0|SH:0|WA:0|FT:39,3,"2026-04-27 10:49:22"
3699,e8a0c64f00e9f370262095f99d1c593c04580e3a,LH:74|RH:45|TF:0|LE:0|RE:0|MO:0|SH:0|WA:0|FT:0,2,"2026-04-27 10:49:22"
3700,ccf1d5ea1bd6e119dc593599df9f2c58a6befb5f,LH:0|RH:32|TF:0|LE:0|RE:0|MO:0|SH:0|WA:0|FT:32,2,"2026-04-27 10:49:22"
3701,"5f4c2b6280fa69fced81b454c456dcbe6e8cd6c5",LH:63|RH:58|TF:0|LE:0|RE:0|MO:0|SH:0|WA:56|FT:0,3,"2026-04-27 10:49:22"
3702,"6eca35cb2ab5265ad84e9ce292f358c5951f4074",LH:95|RH:67|TF:0|LE:0|RE:0|MO:0|SH:0|WA:60|FT:0,3,"2026-04-27 10:49:22"
3703,ca2f0b01930759d3475462ae47c09903f769a07a,LH:73|RH:110|TF:0|LE:0|RE:0|MO:0|SH:0|WA:0|FT:0,2,"2026-04-27 10:49:22"
3704,"010b9484b0625ca5ee98f3691582f0d717bf7a19",LH:0|RH:67|TF:114|LE:114|RE:114|MO:0|SH:0|WA:0|FT:0,4,"2026-04-27 10:49:22"
3705,"13c281088457806808066a065f8a0833b0b58021",LH:67|RH:67|TF:114|LE:114|RE:114|MO:0|SH:0|WA:0|FT:0,5,"2026-04-27 10:49:22"
3706,"90cd904a8962c59539e5526b918e904ae0229f38",LH:0|RH:67|TF:0|LE:0|RE:92|MO:0|SH:0|WA:0|FT:0,2,"2026-04-27 10:49:22"
3707,"0671b8e0efb2a6a09d4cb7f309ba1400085c862a",LH:110|RH:79|TF:0|LE:0|RE:0|MO:0|SH:0|WA:0|FT:0,2,"2026-04-27 10:49:22"
3708,c52f0240d5089474e938b04dd61d37a3816c44c1,LH:41|RH:60|TF:0|LE:0|RE:0|MO:67|SH:0|WA:0|FT:0,3,"2026-04-27 10:49:22"
3709,"30071e353e1ee4ed302152a1b513056444a6dd28",LH:67|RH:67|TF:0|LE:0|RE:0|MO:26|SH:26|WA:26|FT:26,6,"2026-04-27 10:49:22"
3710,dd4593eb8df03681750e6b8e211fc36b1864d3ca,LH:24|RH:80|TF:0|LE:0|RE:0|MO:0|SH:0|WA:0|FT:0,2,"2026-04-27 10:49:22"
3711,"1a67d3d2967db668668091d1029e21b3d95aaad1",LH:73|RH:73|TF:0|LE:0|RE:0|MO:0|SH:83|WA:83|FT:0,4,"2026-04-27 10:49:22"
3712,"8c1ff4c2526e2acb184eceb37379d54aa2431359",LH:90|RH:73|TF:0|LE:0|RE:0|MO:0|SH:0|WA:0|FT:0,2,"2026-04-27 10:49:22"
3713,c7e99494876fa60fcf43aea966fd550a0430063c,LH:26|RH:67|TF:0|LE:0|RE:0|MO:0|SH:0|WA:0|FT:26,3,"2026-04-27 10:49:22"
3714,d9d89af78b782c05c9a5c77b84af20230b9dcc97,LH:63|RH:67|TF:0|LE:0|RE:0|MO:0|SH:0|WA:73|FT:0,3,"2026-04-27 10:49:22"
3715,cba262e4506bc917fc51a5127111579df2f343b2,LH:56|RH:73|TF:0|LE:0|RE:0|MO:0|SH:27|WA:0|FT:0,3,"2026-04-27 10:49:22"
3716,"0d1914456ffca0cb6e31d0b2abeffe9bb8cd5b31",LH:73|RH:0|TF:0|LE:0|RE:0|MO:0|SH:27|WA:63|FT:0,3,"2026-04-27 10:49:22"
3717,"4f120c4f1a963463d903bf9ca8a0b173c3601d54",LH:56|RH:56|TF:0|LE:0|RE:0|MO:0|SH:27|WA:63|FT:63,5,"2026-04-27 10:49:22"
3718,"0032d92bdb2e9dffabb91f0fd7d2bb2fbf76cdb4",LH:43|RH:43|TF:0|LE:0|RE:0|MO:0|SH:27|WA:0|FT:0,3,"2026-04-27 10:49:22"
3719,bd11347d91ad4cb1b9bbabe301bacabe83662924,LH:86|RH:36|TF:0|LE:0|RE:0|MO:0|SH:0|WA:0|FT:0,2,"2026-04-27 10:49:22"
3720,"28fe64646948b97fcf31cee912a7a939080b60e7",LH:39|RH:0|TF:0|LE:0|RE:0|MO:110|SH:0|WA:0|FT:0,2,"2026-04-27 10:49:22"
3721,"2eef71877aff18925da859b663545debb7f8aef1",LH:57|RH:57|TF:0|LE:63|RE:63|MO:0|SH:63|WA:63|FT:63,7,"2026-04-27 10:49:22"
3722,d042b960f2e455adb47cd3326d09a964c878bffa,LH:0|RH:0|TF:74|LE:0|RE:0|MO:0|SH:27|WA:0|FT:0,2,"2026-04-27 10:49:22"
3723,f7bf7e50c1ac9112fb310cc930de093363be75c1,LH:41|RH:41|TF:0|LE:0|RE:0|MO:0|SH:0|WA:0|FT:67,3,"2026-04-27 10:49:22"
3724,"84e3f146f7b91c05b9b603567221bbb2de38abc1",LH:73|RH:73|TF:0|LE:0|RE:0|MO:26|SH:0|WA:0|FT:0,3,"2026-04-27 10:49:22"
3725,"2c49b7e079f858ca42109a39b436dd43dc7e8b61",LH:63|RH:63|TF:0|LE:0|RE:0|MO:0|SH:27|WA:73|FT:0,4,"2026-04-27 10:49:22"
3726,"58b5a8dfd38b0aeb36806268c1b8d2acefa0da6b",LH:86|RH:86|TF:0|LE:0|RE:0|MO:0|SH:0|WA:0|FT:36,3,"2026-04-27 10:49:22"
3727,"99a212a1c453ddf0c8f50d7b13cad21ca93e63e4",LH:73|RH:73|TF:0|LE:0|RE:0|MO:24|SH:24|WA:24|FT:0,5,"2026-04-27 10:49:22"
3728,b84cd26a76002ebb00cc411b8e53a66123d1eabf,LH:80|RH:80|TF:0|LE:0|RE:0|MO:24|SH:0|WA:24|FT:0,4,"2026-04-27 10:49:22"
3729,"131003170e82d3696fc5fa25e2af304fab626fe8",LH:67|RH:67|TF:0|LE:92|RE:0|MO:0|SH:0|WA:0|FT:0,3,"2026-04-27 10:49:22"
3730,"850578c97ef67303545e9df22e65f2d7fad01572",LH:1|RH:1|TF:0|LE:0|RE:0|MO:0|SH:0|WA:0|FT:86,3,"2026-04-27 10:49:22"
3731,"1a2b87c6f9bb4bcd5413e7c08e3f57efbba980eb",LH:73|RH:73|TF:0|LE:0|RE:0|MO:92|SH:92|WA:0|FT:0,4,"2026-04-27 10:49:22"
3732,"195b98eb29d68f1e3a7152bcb82114a51dd098f5",LH:73|RH:73|TF:0|LE:0|RE:73|MO:0|SH:27|WA:0|FT:0,4,"2026-04-27 10:49:22"
3733,e5cd62639a8b8b27a3980118c1e06b659a3e8c27,LH:67|RH:96|TF:0|LE:0|RE:0|MO:0|SH:27|WA:0|FT:0,3,"2026-04-27 10:49:22"
3734,ae7fd983697952dd4ddb294ed98cf8df1f99806e,LH:56|RH:56|TF:0|LE:0|RE:0|MO:0|SH:27|WA:56|FT:56,5,"2026-04-27 10:49:22"
3735,c28ec9658fc3a54dc2ef26d68e17f0a5fb16639b,LH:60|RH:82|TF:0|LE:0|RE:0|MO:0|SH:0|WA:0|FT:0,2,"2026-04-27 10:49:22"
3736,af111e8c1623c2255d6bdd01d0232ddd569c2eef,LH:0|RH:0|TF:0|LE:0|RE:0|MO:90|SH:89|WA:0|FT:0,2,"2026-04-27 10:49:22"
3737,"87cfd4d15534d0d44ecb7d2fe32f771a7954b103",LH:82|RH:60|TF:0|LE:0|RE:0|MO:0|SH:0|WA:0|FT:0,2,"2026-04-27 10:49:22"
3738,"693ed4693ece9daf32d952e3c5bcafd82aef12f2",LH:41|RH:41|TF:111|LE:0|RE:0|MO:0|SH:0|WA:0|FT:0,3,"2026-04-27 10:49:22"
3739,a6037d5fe0e125e0a2ae99d8b431dcff27164d0a,LH:73|RH:73|TF:0|LE:0|RE:0|MO:0|SH:0|WA:80|FT:0,3,"2026-04-27 10:49:22"
3740,b78ad01ed0554d95477c8f88311ec72408c16a06,LH:90|RH:0|TF:0|LE:0|RE:0|MO:0|SH:27|WA:89|FT:0,3,"2026-04-27 10:49:22"
3741,"15cceace82e22990bfce1ce3f8e45f096dde5882",LH:38|RH:38|TF:0|LE:0|RE:0|MO:0|SH:0|WA:0|FT:32,3,"2026-04-27 10:49:22"
3742,b4dd1ca73f3bd3888c81c31ac402f0438afc0cbc,LH:73|RH:73|TF:0|LE:0|RE:73|MO:0|SH:73|WA:0|FT:0,4,"2026-04-27 10:49:22"
3743,b58a970585ee90f26677799c19bbc33187a794e7,LH:45|RH:45|TF:0|LE:0|RE:0|MO:41|SH:0|WA:0|FT:0,3,"2026-04-27 10:49:22"
3744,"8fc8f45b2ce181f4739638ca4473feaf31aa6dfd",LH:63|RH:67|TF:0|LE:0|RE:0|MO:0|SH:0|WA:0|FT:58,3,"2026-04-27 10:49:22"
3745,b30ea017db08fca1205cae9f0427ac0f4749b0c4,LH:63|RH:63|TF:0|LE:0|RE:0|MO:0|SH:73|WA:73|FT:0,4,"2026-04-27 10:49:22"
3746,"5e54a2fa7048e446ab321844bbd814cc15918441",LH:63|RH:63|TF:0|LE:0|RE:0|MO:73|SH:0|WA:0|FT:73,4,"2026-04-27 10:49:22"
3747,"3dab0c85e7181b35f2dad5f81c0982cd14e70fa9",LH:28|RH:41|TF:0|LE:0|RE:0|MO:0|SH:0|WA:0|FT:0,2,"2026-04-27 10:49:22"
3748,"0fc2c2adae6ca5c1154e428e851fcd89f1255e0a",LH:79|RH:79|TF:0|LE:0|RE:0|MO:110|SH:0|WA:0|FT:0,3,"2026-04-27 10:49:22"
3749,d300dbb41811ffbca87b4d0e44cdec0cd5b80bfa,LH:63|RH:63|TF:0|LE:0|RE:0|MO:73|SH:0|WA:73|FT:0,4,"2026-04-27 10:49:22"
3750,a5ae834adebd3870a7a26259897ecb50d446a6dc,LH:0|RH:24|TF:0|LE:0|RE:0|MO:92|SH:0|WA:0|FT:0,2,"2026-04-27 10:49:22"
3751,"99d2409f6b2c5fc0f1ad49c854b3b4f75f7b7c58",LH:24|RH:95|TF:0|LE:0|RE:0|MO:0|SH:0|WA:0|FT:0,2,"2026-04-27 10:49:22"
3752,"713c0a5c36acd4abcfee65746127cd312172cc0e",LH:67|RH:63|TF:0|LE:0|RE:0|MO:0|SH:0|WA:73|FT:0,3,"2026-04-27 10:49:22"
3753,bbc7e528c982660165e989c7979cd9c260f4d057,LH:73|RH:73|TF:0|LE:0|RE:0|MO:0|SH:80|WA:80|FT:80,5,"2026-04-27 10:49:22"
3754,dd56ff2d9cd6eedec9a540688b862f8076ed533c,LH:83|RH:0|TF:0|LE:0|RE:0|MO:0|SH:0|WA:0|FT:26,2,"2026-04-27 10:49:22"
3755,"4d65ed21a865bf36bfdd398815d8fa8cd10d5dd7",LH:24|RH:24|TF:0|LE:0|RE:0|MO:0|SH:0|WA:73|FT:0,3,"2026-04-27 10:49:22"
3756,"2cdc4f4394deffc4459d60dc5aa2f2d2c9fd4074",LH:63|RH:63|TF:0|LE:0|RE:0|MO:0|SH:27|WA:0|FT:73,4,"2026-04-27 10:49:22"
3757,eb7133275b55c69752db38f7317daf09345b8f60,LH:54|RH:67|TF:0|LE:0|RE:0|MO:0|SH:0|WA:0|FT:0,2,"2026-04-27 10:49:22"
3758,"7f9ce92fbc195fff19d1fb0af2ce351dd15a33a6",LH:25|RH:25|TF:0|LE:0|RE:0|MO:0|SH:0|WA:84|FT:0,3,"2026-04-27 10:49:22"
3759,da87aa6e3a8a6d5a869acf36fdd2872ae03cfe0c,LH:0|RH:74|TF:114|LE:114|RE:114|MO:0|SH:0|WA:0|FT:0,4,"2026-04-27 10:49:22"
3760,"0a073c9d7cc5b92b89d448232ac018ea2c7f9c9b",LH:45|RH:45|TF:0|LE:0|RE:0|MO:0|SH:42|WA:0|FT:0,3,"2026-04-27 10:49:22"
3761,"97894be7215d13b458a8892ceef410b7b37c8e70",LH:79|RH:79|TF:0|LE:0|RE:0|MO:0|SH:0|WA:73|FT:0,3,"2026-04-27 10:49:22"
3762,a8ac4f555dd58dc3734adae06c1c07d600847e28,LH:67|RH:73|TF:0|LE:0|RE:0|MO:0|SH:0|WA:63|FT:63,4,"2026-04-27 10:49:22"
3763,"92c7633cfb3cef164a39de405a350bdbcb4ec7f0",LH:80|RH:80|TF:0|LE:0|RE:0|MO:0|SH:0|WA:24|FT:0,3,"2026-04-27 10:49:22"
3764,"4a4fa8554261e88a17dec03ba186260e4c501b83",LH:25|RH:25|TF:0|LE:0|RE:0|MO:0|SH:83|WA:83|FT:83,5,"2026-04-27 10:49:22"
3765,"3eee951f686d12f98796e24b6d5fc1d7242be517",LH:0|RH:0|TF:0|LE:0|RE:0|MO:27|SH:0|WA:89|FT:90,3,"2026-04-27 10:49:22"
3766,"73bb5de55ba9772e37ff4efa256ea94d5b2313f8",LH:45|RH:45|TF:0|LE:0|RE:0|MO:42|SH:0|WA:0|FT:0,3,"2026-04-27 10:49:22"
3767,"92da07eb7ac2e902472a6d24dacdc623d1cf4385",LH:40|RH:40|TF:0|LE:0|RE:0|MO:0|SH:0|WA:56|FT:56,4,"2026-04-27 10:49:22"
3768,f3d97ba10067d68ff0c8bceca35606a700cbd285,LH:82|RH:39|TF:0|LE:0|RE:0|MO:0|SH:0|WA:0|FT:0,2,"2026-04-27 10:49:22"
3769,a405a72557e7f22edb7a75386433a48b8b53efee,LH:24|RH:24|TF:0|LE:0|RE:0|MO:67|SH:67|WA:67|FT:0,5,"2026-04-27 10:49:22"
3770,ae09634d441e4500c7e383ac78cb8f46808ec94f,LH:63|RH:63|TF:0|LE:0|RE:0|MO:0|SH:0|WA:56|FT:73,4,"2026-04-27 10:49:22"
3771,"1ecea623639c3afcf15423c2b84a3ef4e8894d88",LH:57|RH:57|TF:0|LE:0|RE:0|MO:0|SH:27|WA:63|FT:63,5,"2026-04-27 10:49:22"
3772,"5e55c37afbe9b83db5de4e3033033df49d2d2ef9",LH:73|RH:73|TF:0|LE:0|RE:0|MO:67|SH:0|WA:63|FT:0,4,"2026-04-27 10:49:22"
3773,"534cfd88555bff45f0d06f06ebf4c228eea5b91e",LH:63|RH:67|TF:0|LE:0|RE:0|MO:0|SH:0|WA:0|FT:56,3,"2026-04-27 10:49:22"
3774,d02f485d0c63ba55364eb1798ae0dba437853963,LH:57|RH:57|TF:0|LE:0|RE:0|MO:0|SH:0|WA:0|FT:39,3,"2026-04-27 10:49:22"
3775,"75af21391b50f52d02c9afd298498d117f9ae485",LH:57|RH:95|TF:0|LE:0|RE:0|MO:0|SH:63|WA:63|FT:63,5,"2026-04-27 10:49:22"
3776,"9ef2cff182817bd3ad4a50eca23720c06088c09e",LH:73|RH:73|TF:0|LE:0|RE:0|MO:0|SH:80|WA:0|FT:0,3,"2026-04-27 10:49:22"
3777,c4f53826ab4d8104fbdb43578908633700666709,LH:57|RH:57|TF:0|LE:0|RE:0|MO:0|SH:0|WA:0|FT:65,3,"2026-04-27 10:49:22"
3778,e14ab09bdebcfc1ea5af35bf4d749ff79f535ccf,LH:57|RH:42|TF:0|LE:0|RE:0|MO:0|SH:0|WA:0|FT:0,2,"2026-04-27 10:49:22"
3779,b32a49f53b8ccf32dc8205e5c0925f0feab71148,LH:95|RH:63|TF:0|LE:0|RE:0|MO:0|SH:0|WA:0|FT:41,3,"2026-04-27 10:49:22"
3780,"249666dea6e0be49c51ceb5fa11cad51dea40cc7",LH:76|RH:76|TF:0|LE:0|RE:0|MO:0|SH:0|WA:73|FT:0,3,"2026-04-27 10:49:22"
3781,dc5f60b9986cf9fcf61edd43346fa6b20eb285ca,LH:26|RH:26|TF:0|LE:0|RE:0|MO:0|SH:0|WA:0|FT:67,3,"2026-04-27 10:49:22"
3782,c753feedc7c28b79d8c56fd97d874b81fb878179,LH:60|RH:67|TF:0|LE:0|RE:0|MO:0|SH:0|WA:63|FT:63,4,"2026-04-27 10:49:22"
3783,"8326c10b11a22f03db13c4c20bda756b72a4ce41",LH:45|RH:45|TF:0|LE:0|RE:0|MO:0|SH:0|WA:0|FT:58,3,"2026-04-27 10:49:22"
3784,c3751f84d8226c3ab992eab0698b837e5fe0ae48,LH:45|RH:73|TF:0|LE:0|RE:0|MO:0|SH:0|WA:0|FT:0,2,"2026-04-27 10:49:22"
3785,"9872407fc376a6c6b509caca756d90764c886804",LH:74|RH:80|TF:0|LE:0|RE:0|MO:0|SH:0|WA:0|FT:0,2,"2026-04-27 10:49:22"
3786,"5bfe47baf6e0db91957e47cb70cc99f3678611ca",LH:39|RH:110|TF:0|LE:0|RE:0|MO:0|SH:0|WA:0|FT:0,2,"2026-04-27 10:49:22"
3787,"6a2045ebc3811cef496d66717433bb76ea85e665",LH:41|RH:67|TF:0|LE:0|RE:0|MO:0|SH:0|WA:60|FT:60,4,"2026-04-27 10:49:22"
3788,"53fb38235036f9ddf619adec5d5cd0450db140ee",LH:73|RH:73|TF:0|LE:0|RE:0|MO:0|SH:0|WA:0|FT:67,3,"2026-04-27 10:49:22"
3789,"7492e00ea2813cb27409fc9dad21d4488439c1d9",LH:73|RH:73|TF:0|LE:0|RE:0|MO:90|SH:90|WA:90|FT:0,5,"2026-04-27 10:49:22"
3790,e35a47ef51624845d08819c54e0e9a754bb9af5e,LH:0|RH:0|TF:0|LE:0|RE:0|MO:0|SH:0|WA:89|FT:67,2,"2026-04-27 10:49:22"
3791,"5705330ecf3ff952f7d57b5a8002d56dbc0a30a4",LH:24|RH:24|TF:0|LE:0|RE:0|MO:0|SH:26|WA:26|FT:26,5,"2026-04-27 10:49:22"
3792,d5937bb9f3e94c8894b58bf02011805466ff80bf,LH:67|RH:41|TF:0|LE:0|RE:0|MO:0|SH:0|WA:0|FT:63,3,"2026-04-27 10:49:22"
3793,d58f5ce7ccc888f015c07fe5f858d9f41e68e093,LH:73|RH:73|TF:0|LE:0|RE:0|MO:0|SH:27|WA:0|FT:73,4,"2026-04-27 10:49:22"
3794,cb0c1cd2e31a7e0be7547c3c10e402fdb4b490dc,LH:73|RH:73|TF:0|LE:0|RE:0|MO:0|SH:27|WA:63|FT:63,5,"2026-04-27 10:49:22"
3795,a1876ea9f1783f5d79ca394727940deee3ac83e0,LH:43|RH:45|TF:0|LE:0|RE:0|MO:0|SH:0|WA:0|FT:0,2,"2026-04-27 10:49:22"
3796,c86426585e3ca33e15e21f69fd4f24c506fc4ee9,LH:63|RH:67|TF:0|LE:0|RE:0|MO:0|SH:0|WA:0|FT:73,3,"2026-04-27 10:49:22"
3797,"9b39abb60e9f7a0c5df51681eff682ea05c4f4c1",LH:82|RH:88|TF:0|LE:0|RE:0|MO:0|SH:0|WA:0|FT:0,2,"2026-04-27 10:49:22"
3798,"1cdd86fd83aa5add4b4d56b6dd484b0b228c5a88",LH:45|RH:0|TF:0|LE:0|RE:0|MO:0|SH:0|WA:0|FT:60,2,"2026-04-27 10:49:22"
3799,"65f8333133a318328a325f453503f9386d69a326",LH:73|RH:45|TF:0|LE:0|RE:0|MO:0|SH:0|WA:0|FT:0,2,"2026-04-27 10:49:22"
3800,"56e0e7fce397feb972c42fc53142a224d1602c77",LH:25|RH:25|TF:0|LE:0|RE:0|MO:0|SH:0|WA:80|FT:0,3,"2026-04-27 10:49:22"
3801,cf0dc05ee81cf1de7258833bd6c8bf486a2390b7,LH:77|RH:77|TF:0|LE:0|RE:0|MO:0|SH:0|WA:73|FT:0,3,"2026-04-27 10:49:22"
3802,bf76a7f82c105a2e9ae2c9b160a9f591ace8204a,LH:24|RH:24|TF:0|LE:0|RE:0|MO:67|SH:0|WA:67|FT:0,4,"2026-04-27 10:49:22"
3803,"761af6aa0fc397693d4256ffadfc46dee98c0948",LH:81|RH:81|TF:0|LE:73|RE:73|MO:0|SH:73|WA:73|FT:73,7,"2026-04-27 10:49:22"
3804,"7c5e718457c8d95f8939f4425a60fbb245864ce8",LH:95|RH:63|TF:0|LE:0|RE:0|MO:0|SH:0|WA:56|FT:56,4,"2026-04-27 10:49:22"
3805,f9a1f7ea13f024b0b6f0ede68272915bd17f6077,LH:60|RH:60|TF:0|LE:0|RE:0|MO:0|SH:0|WA:95|FT:0,3,"2026-04-27 10:49:22"
3806,"937cf67f85137dc5729c80de774a15684f12221c",LH:25|RH:25|TF:0|LE:0|RE:0|MO:0|SH:0|WA:82|FT:0,3,"2026-04-27 10:49:22"
3807,d115f252cac02e44335ce34a95cef528bce6dcc4,LH:73|RH:73|TF:0|LE:0|RE:0|MO:0|SH:80|WA:80|FT:0,4,"2026-04-27 10:49:22"
3808,"086d0d466a9b8b668c055b0c4c1356a5fb2dedef",LH:67|RH:67|TF:0|LE:67|RE:0|MO:0|SH:0|WA:0|FT:0,3,"2026-04-27 10:49:22"
3809,d69b02c5b694a02548e74681901c256f14884ff4,LH:73|RH:67|TF:0|LE:0|RE:0|MO:0|SH:26|WA:26|FT:26,5,"2026-04-27 10:49:22"
3810,"1efa800d0c3a50dca076f464ee0e317804640a7d",LH:73|RH:73|TF:92|LE:92|RE:92|MO:0|SH:0|WA:0|FT:0,5,"2026-04-27 10:49:22"
3811,b28cc9a672372b4b364a1c6c5d76f6f651edfa47,LH:57|RH:57|TF:0|LE:63|RE:63|MO:0|SH:63|WA:63|FT:0,6,"2026-04-27 10:49:22"
3812,"6bca897058d4cc176c6ad62b4c3b33ae264978e2",LH:67|RH:41|TF:0|LE:0|RE:0|MO:0|SH:63|WA:63|FT:63,5,"2026-04-27 10:49:22"
3813,"4cef0d77ce287b127ab5abf2204338f9d8113148",LH:63|RH:63|TF:0|LE:0|RE:0|MO:0|SH:0|WA:73|FT:41,4,"2026-04-27 10:49:22"
3814,"9486d28bebe43279b96d06b86e7c16cdc4167922",LH:73|RH:73|TF:0|LE:73|RE:0|MO:0|SH:0|WA:73|FT:0,4,"2026-04-27 10:49:22"
3815,"167161b713f2ca8ed09e788a14c2f9462c675058",LH:73|RH:73|TF:0|LE:0|RE:0|MO:0|SH:27|WA:73|FT:73,5,"2026-04-27 10:49:22"
3816,c7eba8e8773b88880b23f971a76cf5655380ac08,LH:73|RH:73|TF:0|LE:73|RE:0|MO:0|SH:0|WA:73|FT:73,5,"2026-04-27 10:49:22"
3817,"48b2c65e0c3912ef696afd3c4b548c4b389d5363",LH:73|RH:73|TF:0|LE:0|RE:73|MO:0|SH:0|WA:73|FT:73,5,"2026-04-27 10:49:22"
3818,ce5405297b1ccd827274927fbb57874ab11264eb,LH:73|RH:73|TF:0|LE:0|RE:0|MO:90|SH:90|WA:90|FT:90,6,"2026-04-27 10:49:22"
3819,"630473b976fb5a05901df94b455657a2aa926c35",LH:0|RH:67|TF:0|LE:67|RE:0|MO:0|SH:0|WA:0|FT:0,2,"2026-04-27 10:49:22"
3820,"45b1881a8ef5a46ab18d38bd8db38aa24edae30f",LH:92|RH:92|TF:0|LE:67|RE:67|MO:0|SH:0|WA:0|FT:0,4,"2026-04-27 10:49:22"
3821,"3609a17a6d15948a9921393a7428f838ed42ddb5",LH:45|RH:45|TF:0|LE:0|RE:0|MO:0|SH:0|WA:0|FT:39,3,"2026-04-27 10:49:22"
3822,ffc9b3baa4d18b31efb084a46765172f26b5d0a4,LH:0|RH:56|TF:0|LE:0|RE:0|MO:0|SH:63|WA:63|FT:63,4,"2026-04-27 10:49:22"
3823,"607c82d1166d7f7cde384e6b5c3cf42fdcab033f",LH:67|RH:60|TF:0|LE:0|RE:0|MO:0|SH:0|WA:0|FT:41,3,"2026-04-27 10:49:22"
3824,"45cb5fd8823d93d78a66a7c06d9ad3962da480a1",LH:63|RH:63|TF:0|LE:0|RE:0|MO:0|SH:73|WA:73|FT:73,5,"2026-04-27 10:49:22"
3825,fb5ddf188e05cbdaf9b1244ea212d43163c6624d,LH:63|RH:63|TF:0|LE:73|RE:0|MO:0|SH:0|WA:73|FT:0,4,"2026-04-27 10:49:22"
3826,aa62dd953805da6edd50212e386ae4f0e9323cb9,LH:73|RH:0|TF:0|LE:0|RE:0|MO:0|SH:73|WA:73|FT:73,4,"2026-04-27 10:49:22"
3827,"28e58abb4c0efccbdebf9c79d42be5dfef25b231",LH:63|RH:73|TF:0|LE:0|RE:0|MO:0|SH:0|WA:0|FT:73,3,"2026-04-27 10:49:22"
3828,"9b72eb30e10b447d228f6ac178a96aa94d513c2a",LH:73|RH:0|TF:0|LE:0|RE:0|MO:0|SH:26|WA:26|FT:26,4,"2026-04-27 10:49:22"
3829,"5e621bcf6e7a07dd203354ff3cb95468041c3587",LH:60|RH:60|TF:0|LE:0|RE:0|MO:0|SH:0|WA:0|FT:45,3,"2026-04-27 10:49:22"
3830,"37c62ff3015f5fede43915f34e00d8df5e5c53c9",LH:60|RH:0|TF:0|LE:0|RE:0|MO:0|SH:0|WA:0|FT:41,2,"2026-04-27 10:49:22"
3831,"751e94e809446579b4295440d4d2654576b03f7c",LH:73|RH:73|TF:0|LE:73|RE:73|MO:0|SH:73|WA:73|FT:73,7,"2026-04-27 10:49:22"
3832,"0e76230b029e7aa14351b5181d19d1125c4d7d08",LH:92|RH:67|TF:0|LE:0|RE:67|MO:0|SH:0|WA:0|FT:0,3,"2026-04-27 10:49:22"
3833,e2cca7c7bee7f53b9a918deca722e7fafcc865e8,LH:0|RH:44|TF:0|LE:0|RE:0|MO:0|SH:0|WA:0|FT:45,2,"2026-04-27 10:49:22"
3834,"4b84714078845f0b826a9e8f6e98add72e31f440",LH:73|RH:73|TF:0|LE:0|RE:0|MO:0|SH:0|WA:82|FT:0,3,"2026-04-27 10:49:22"
3835,"125223c9086f6301121a6b341fb6ff582ef2776a",LH:63|RH:95|TF:0|LE:0|RE:0|MO:0|SH:0|WA:0|FT:56,3,"2026-04-27 10:49:22"
3836,"5629031ffd2d28dbfa83f2ff6dadb7f15d8137fd",LH:50|RH:43|TF:0|LE:0|RE:0|MO:0|SH:0|WA:0|FT:0,2,"2026-04-27 10:49:22"
3837,"6b791c00ee218f59e9735cf6c7c99ac92340facd",LH:73|RH:73|TF:92|LE:0|RE:0|MO:0|SH:92|WA:0|FT:0,4,"2026-04-27 10:49:22"
3838,fe0abf15dce7e77a68677ecdd3755593be82bd77,LH:73|RH:73|TF:0|LE:0|RE:0|MO:0|SH:0|WA:80|FT:80,4,"2026-04-27 10:49:22"
3839,"1b0846cfa71d4d1d748f4bea5fee3fa86000d974",LH:73|RH:73|TF:0|LE:0|RE:0|MO:80|SH:80|WA:0|FT:0,4,"2026-04-27 10:49:22"
3840,bee69aec7ec3c9b90fb0f775fa3e1439f264a4f0,LH:0|RH:73|TF:0|LE:0|RE:0|MO:0|SH:73|WA:73|FT:73,4,"2026-04-27 10:49:22"
3841,"7f384a64a61675ba91d82d8ab1a1c82909c8adc2",LH:57|RH:57|TF:0|LE:0|RE:0|MO:82|SH:0|WA:82|FT:0,4,"2026-04-27 10:49:22"
3842,"31e7fe8de609c54b80a8b4d4624a4fb439f2b35c",LH:60|RH:43|TF:0|LE:0|RE:0|MO:0|SH:0|WA:0|FT:45,3,"2026-04-27 10:49:22"
3843,"00f1316cdbe4bc43b58c63f3f803af2517b653d0",LH:0|RH:41|TF:0|LE:0|RE:0|MO:0|SH:0|WA:0|FT:60,2,"2026-04-27 10:49:22"
3844,"7f98c9db041287232ad3ff9301142fe096e95e8d",LH:43|RH:43|TF:0|LE:0|RE:0|MO:45|SH:0|WA:0|FT:45,4,"2026-04-27 10:49:22"
3845,"7ff69952b5b7ab892f10d4f777e42b0b2aaa40d4",LH:45|RH:45|TF:0|LE:0|RE:0|MO:0|SH:0|WA:0|FT:60,3,"2026-04-27 10:49:22"
3846,"3a2ec6e1b0a7e7e3559b71a200119af59ee204e0",LH:45|RH:44|TF:0|LE:0|RE:0|MO:50|SH:0|WA:0|FT:0,3,"2026-04-27 10:49:22"
3847,"130149e38c92b4b1423a24645beb4fa8f78ca499",LH:45|RH:42|TF:0|LE:0|RE:0|MO:50|SH:0|WA:0|FT:0,3,"2026-04-27 10:49:22"
3848,"891f1d05e1785f19464684a3c9f611e36c3a77e3",LH:50|RH:42|TF:0|LE:0|RE:0|MO:0|SH:0|WA:0|FT:0,2,"2026-04-27 10:49:22"
3849,"8f4a6dc3200ac4a0f0878f8e6bbe2e5a673a94bc",LH:47|RH:47|TF:0|LE:0|RE:0|MO:0|SH:0|WA:0|FT:45,3,"2026-04-27 10:49:22"
3850,a09b9a743eb4f72150d368931fbe92cbfcaf8623,LH:73|RH:73|TF:0|LE:0|RE:0|MO:80|SH:80|WA:80|FT:0,5,"2026-04-27 10:49:22"
3851,a84114bde74350036aff9385b9a6979e1c8e5701,LH:15|RH:15|TF:0|LE:0|RE:0|MO:0|SH:0|WA:57|FT:57,4,"2026-04-27 10:49:22"
3852,"966eb43decbb41834253701350396150f8c03c0b",LH:73|RH:73|TF:0|LE:0|RE:0|MO:67|SH:67|WA:67|FT:0,5,"2026-04-27 10:49:22"
3853,"78bdca5eeabfe9284a602a10ce0058bc3350b54c",LH:73|RH:73|TF:0|LE:73|RE:0|MO:0|SH:73|WA:73|FT:73,6,"2026-04-27 10:49:22"
3854,"19b7bfdb432f8360223c85c2ff31af0792ea1a9e",LH:63|RH:41|TF:0|LE:0|RE:0|MO:0|SH:0|WA:0|FT:67,3,"2026-04-27 10:49:22"
3855,c95b38d2774ea10856e5d09326ee543707aa3063,LH:57|RH:57|TF:0|LE:0|RE:0|MO:0|SH:0|WA:82|FT:0,3,"2026-04-27 10:49:22"
3856,acb2c96875277224e1ef2aeb7eaa74d8dece3ec0,LH:44|RH:44|TF:0|LE:0|RE:0|MO:45|SH:0|WA:0|FT:45,4,"2026-04-27 10:49:22"
3857,"9731248aa285e4464bfb63fc0318bf0bfd622fde",LH:72|RH:72|TF:0|LE:0|RE:0|MO:0|SH:0|WA:82|FT:0,3,"2026-04-27 10:49:22"
3858,"5ea212f2de1c4e1cede56be3ec505fc393c3817d",LH:73|RH:73|TF:0|LE:0|RE:0|MO:24|SH:24|WA:24|FT:24,6,"2026-04-27 10:49:22"
3859,a6d8a6ecf21a97f237ddb685106893b4fc310fa0,LH:73|RH:73|TF:0|LE:0|RE:73|MO:0|SH:73|WA:73|FT:0,5,"2026-04-27 10:49:22"
3860,"63eedecfd07b418210c6bc96d4677cd201aca0fc",LH:63|RH:63|TF:0|LE:0|RE:0|MO:0|SH:0|WA:0|FT:39,3,"2026-04-27 10:49:22"
3861,"5f5e202578224479a34eaf7ca905dc52be055e88",LH:63|RH:73|TF:0|LE:0|RE:0|MO:0|SH:0|WA:0|FT:41,3,"2026-04-27 10:49:22"
3862,"6c7d7f58b69f9834f8f87641f1e11f4a285d8f4f",LH:67|RH:67|TF:0|LE:0|RE:0|MO:0|SH:73|WA:73|FT:73,5,"2026-04-27 10:49:22"
3863,"513bc25f6f97bffa5d243d0d3fc18af70aa0659a",LH:57|RH:57|TF:0|LE:0|RE:0|MO:95|SH:95|WA:95|FT:63,6,"2026-04-27 10:49:22"
3864,"0b188fc190b30ad9c34ecf714c9273765b3f5ef8",LH:95|RH:63|TF:0|LE:0|RE:0|MO:0|SH:0|WA:0|FT:56,3,"2026-04-27 10:49:22"
3865,"1dcbbcd50784c01c1b4044c5ea694e6612405d45",LH:73|RH:73|TF:0|LE:0|RE:0|MO:0|SH:67|WA:67|FT:0,4,"2026-04-27 10:49:22"
3866,d6159bc69569d29f31f0e5a3e066cd985727efd7,LH:63|RH:41|TF:0|LE:0|RE:0|MO:0|SH:0|WA:0|FT:73,3,"2026-04-27 10:49:22"
3867,"96915b715f6fe62e154e2eac346f1c94397e994f",LH:59|RH:41|TF:0|LE:0|RE:0|MO:0|SH:0|WA:73|FT:0,3,"2026-04-27 10:49:22"
3868,"82e06131158949f3a17db7e36b74f5a4b9e7e36e",LH:0|RH:63|TF:0|LE:0|RE:0|MO:0|SH:0|WA:0|FT:58,2,"2026-04-27 10:49:22"
3869,"627977e39b7841eeae9bcb40dbefc8a5f6922af5",LH:73|RH:73|TF:0|LE:0|RE:0|MO:90|SH:0|WA:90|FT:0,4,"2026-04-27 10:49:22"
3870,b6024fcb83dfd7d2b0f1a81b91c1eb2700e0f2ec,LH:60|RH:67|TF:0|LE:0|RE:0|MO:0|SH:0|WA:0|FT:41,3,"2026-04-27 10:49:22"
3871,aac0af8c2bdd133710e90b78f1d429cc1b24d150,LH:57|RH:57|TF:0|LE:0|RE:0|MO:41|SH:0|WA:73|FT:0,4,"2026-04-27 10:49:22"
3872,"2fd505c5be3a80a291c8832ae042b139e812a105",LH:73|RH:73|TF:0|LE:0|RE:0|MO:92|SH:0|WA:92|FT:0,4,"2026-04-27 10:49:22"
3873,"255eb0ab47b2b8df484593258d85dfae623c3b40",LH:63|RH:63|TF:0|LE:0|RE:0|MO:0|SH:0|WA:67|FT:41,4,"2026-04-27 10:49:22"
3874,"70518a9c93ae717b876954a2280f51de3c23a195",LH:82|RH:82|TF:0|LE:0|RE:0|MO:0|SH:0|WA:73|FT:0,3,"2026-04-27 10:49:22"
3875,c4ef95be2a320019e3984e6055e372f5de061cce,LH:24|RH:24|TF:0|LE:0|RE:0|MO:73|SH:73|WA:73|FT:73,6,"2026-04-27 10:49:22"
3876,"7ce307597496ccb55fd57e8e67f483e751695009",LH:43|RH:43|TF:0|LE:0|RE:0|MO:0|SH:0|WA:0|FT:39,3,"2026-04-27 10:49:22"
3877,ff7b2e86a62fba65932b822169c77bedadb49382,LH:63|RH:63|TF:0|LE:0|RE:0|MO:0|SH:0|WA:67|FT:56,4,"2026-04-27 10:49:22"
3878,"2a882f6f1c9a11ac1c77cde710b4795c829741f6",LH:73|RH:67|TF:0|LE:0|RE:0|MO:0|SH:0|WA:0|FT:41,3,"2026-04-27 10:49:22"
3879,"0ecd1c5ffb878d37761ca2efcae315aaf07c0784",LH:0|RH:73|TF:0|LE:0|RE:0|MO:0|SH:0|WA:0|FT:63,2,"2026-04-27 10:49:22"
3880,b501ab44fa8afbddff28de98767587a6ae11835c,LH:60|RH:60|TF:0|LE:0|RE:0|MO:0|SH:0|WA:67|FT:41,4,"2026-04-27 10:49:22"
3881,"8af9555d1a788745a1e8f4d92a93fdc585249727",LH:113|RH:0|TF:0|LE:113|RE:0|MO:0|SH:0|WA:0|FT:0,2,"2026-04-27 10:49:22"
3882,a61ed575e83040bbdba7eb8fc00d3445fbec50e9,LH:73|RH:73|TF:0|LE:67|RE:0|MO:0|SH:0|WA:0|FT:0,3,"2026-04-27 10:49:22"
3883,"4e8a039d6402b2991e0758c3a09fc2c5b6a12c1b",LH:73|RH:73|TF:0|LE:0|RE:0|MO:82|SH:0|WA:82|FT:0,4,"2026-04-27 10:49:22"
3884,"7a93dd926d339e676355181b7583d905c91a3f31",LH:67|RH:67|TF:0|LE:0|RE:0|MO:0|SH:0|WA:0|FT:45,3,"2026-04-27 10:49:22"
3885,"9e266415c64c634b7c820cc67ff1ef105aa05df8",LH:73|RH:67|TF:0|LE:0|RE:0|MO:0|SH:0|WA:73|FT:0,3,"2026-04-27 10:49:22"
3886,b704ac269d22dbb5286dcfee224a5765945c6fc1,LH:59|RH:59|TF:0|LE:0|RE:0|MO:95|SH:63|WA:63|FT:63,6,"2026-04-27 10:49:22"
3887,"18d42f79efc6c5194977fbecd60afb692566864e",LH:73|RH:73|TF:0|LE:0|RE:0|MO:0|SH:82|WA:82|FT:0,4,"2026-04-27 10:49:22"
3888,"40e0ac8d8a221ec813859c2085c683642fa73042",LH:73|RH:67|TF:0|LE:0|RE:0|MO:0|SH:63|WA:63|FT:63,5,"2026-04-27 10:49:22"
3889,cd738e205df393e28def8fc1c85f505b1246980a,LH:73|RH:73|TF:0|LE:0|RE:0|MO:80|SH:80|WA:80|FT:80,6,"2026-04-27 10:49:22"
3890,ed14f58acf3b53d2427916c8c64c0bac5e2bf956,LH:41|RH:41|TF:0|LE:0|RE:0|MO:0|SH:0|WA:73|FT:73,4,"2026-04-27 10:49:22"
3891,"51f4f0d3ebd587ae79ab1e7148e0c0c366c0fdc5",LH:24|RH:24|TF:0|LE:0|RE:0|MO:0|SH:24|WA:24|FT:24,5,"2026-04-27 10:49:22"
3892,ccdc66f7a4918faf242c3238bfbad9871b085290,LH:77|RH:77|TF:0|LE:0|RE:0|MO:110|SH:0|WA:0|FT:0,3,"2026-04-27 10:49:22"
3893,d9e2c0eb19491c5aa290737fab01d38d8e626b64,LH:80|RH:80|TF:0|LE:73|RE:73|MO:0|SH:73|WA:73|FT:73,7,"2026-04-27 10:49:22"
3894,f0f873d9d6876492428e3b81be1a9bb613cb70b6,LH:73|RH:73|TF:0|LE:0|RE:0|MO:67|SH:0|WA:0|FT:67,4,"2026-04-27 10:49:22"
3895,e24be177ea1b49ab012e8385b6f4461bf71ed0d2,LH:73|RH:0|TF:0|LE:0|RE:0|MO:73|SH:0|WA:0|FT:73,3,"2026-04-27 10:49:22"
3896,d929fbb8a2b8ed2f87c98ce55b2e03cb1caab1bc,LH:0|RH:73|TF:0|LE:0|RE:0|MO:0|SH:24|WA:24|FT:24,4,"2026-04-27 10:49:22"
3897,fda490118287182f5765f20e6f98d4ef7d4d8b05,LH:41|RH:67|TF:0|LE:0|RE:0|MO:0|SH:63|WA:63|FT:63,5,"2026-04-27 10:49:22"
3898,"725d56e5397f2b91608d8001e03053437497878e",LH:73|RH:73|TF:0|LE:0|RE:0|MO:0|SH:0|WA:0|FT:66,3,"2026-04-27 10:49:22"
3899,"99e6552e8d4ae738757e8cd06d1249667f456b5e",LH:73|RH:73|TF:0|LE:0|RE:0|MO:41|SH:0|WA:0|FT:41,4,"2026-04-27 10:49:22"
3900,"84d09067feef5410ece4031d1e8dda12d7e88ed8",LH:57|RH:57|TF:0|LE:0|RE:0|MO:0|SH:73|WA:73|FT:41,5,"2026-04-27 10:49:22"
3901,"3f3a8728f484080b5a2e26ae28577fb5a3fc1a09",LH:1|RH:1|TF:0|LE:0|RE:0|MO:0|SH:0|WA:0|FT:39,3,"2026-04-27 10:49:22"
3902,"6224ffbed12bf05cac83bf102fbbfb58396dcda3",LH:57|RH:57|TF:0|LE:0|RE:0|MO:67|SH:0|WA:95|FT:0,4,"2026-04-27 10:49:22"
3903,"8ff18f42ee2feec0f6824fa08bdf29cb0c4261d8",LH:57|RH:57|TF:0|LE:0|RE:0|MO:0|SH:67|WA:67|FT:67,5,"2026-04-27 10:49:22"
3904,f6a7ec13fbaa35de96eae16fdf8c07bc17e2a51e,LH:57|RH:41|TF:0|LE:0|RE:0|MO:0|SH:0|WA:73|FT:0,3,"2026-04-27 10:49:22"
3905,"531edc7bb1cb0420d32788e19f369da90d1356a7",LH:0|RH:73|TF:0|LE:0|RE:0|MO:0|SH:26|WA:26|FT:26,4,"2026-04-27 10:49:22"
3906,"8469d2a1ca30684918561918576ecbd3994bad55",LH:60|RH:41|TF:0|LE:0|RE:0|MO:0|SH:0|WA:67|FT:0,3,"2026-04-27 10:49:22"
3907,"0e079d6146a7eb7192eb578fcb7428df67f56397",LH:26|RH:26|TF:0|LE:0|RE:0|MO:73|SH:0|WA:73|FT:0,4,"2026-04-27 10:49:22"
3908,b023ca3389d9ad990daaa8f5ea18eb56f3e249ec,LH:60|RH:67|TF:0|LE:0|RE:0|MO:0|SH:0|WA:0|FT:56,3,"2026-04-27 10:49:22"
3909,baca3c2005caa597dd38c3ffab0e236a38cff7d5,LH:63|RH:63|TF:0|LE:0|RE:0|MO:0|SH:0|WA:0|FT:66,3,"2026-04-27 10:49:22"
3910,cda30d8bba9d1dd84e31a7b3a40462da29a75afb,LH:57|RH:57|TF:0|LE:0|RE:0|MO:0|SH:95|WA:95|FT:63,5,"2026-04-27 10:49:22"
3911,"1f6c5c0408ffb2fa855a98bfc10a2dc95b07cb65",LH:67|RH:41|TF:0|LE:0|RE:0|MO:0|SH:0|WA:0|FT:60,3,"2026-04-27 10:49:22"
3912,"515a9f08d314eeb492dd31f83fc4cef6facd01a2",LH:73|RH:63|TF:0|LE:0|RE:0|MO:0|SH:0|WA:0|FT:41,3,"2026-04-27 10:49:22"
3913,"8312f8b26854cd9652dd91078081145d997cabc5",LH:24|RH:24|TF:0|LE:0|RE:0|MO:0|SH:67|WA:67|FT:0,4,"2026-04-27 10:49:22"
3914,"81f46f5f9c5b998a6d13ec678efc06be57c4d9de",LH:41|RH:67|TF:0|LE:0|RE:0|MO:0|SH:0|WA:0|FT:60,3,"2026-04-27 10:49:22"
3915,"30540aa354575c5a2f634395e04df5c812dafbf3",LH:41|RH:67|TF:0|LE:0|RE:0|MO:0|SH:0|WA:0|FT:56,3,"2026-04-27 10:49:22"
3916,"23bb9c7e76d236cd2bc73632f12b5db3c2621fc9",LH:60|RH:67|TF:0|LE:0|RE:0|MO:0|SH:0|WA:56|FT:56,4,"2026-04-27 10:49:22"
3917,d732061d799e01418ffff1449d3006eca8965afc,LH:67|RH:41|TF:0|LE:0|RE:0|MO:0|SH:0|WA:0|FT:26,3,"2026-04-27 10:49:22"
3918,"20f86604a029eca646600980b23c6c7819e10cb4",LH:25|RH:25|TF:0|LE:0|RE:82|MO:0|SH:0|WA:0|FT:0,3,"2026-04-27 10:49:22"
3919,c6a27864c75f25eaa7b5fac428e7318433508524,LH:60|RH:67|TF:0|LE:0|RE:0|MO:0|SH:63|WA:63|FT:63,5,"2026-04-27 10:49:22"
3920,b398dc6040e18d0a81408ea7ad0313cef08dfc56,LH:57|RH:57|TF:0|LE:0|RE:0|MO:95|SH:95|WA:95|FT:0,5,"2026-04-27 10:49:22"
3921,"8e53243a6a9af93472c45510f5450f5121661a24",LH:73|RH:73|TF:0|LE:82|RE:0|MO:0|SH:0|WA:82|FT:0,4,"2026-04-27 10:49:22"
3922,"4269f3175c92cb97cd11d47571c3f30d1dff9d7e",LH:73|RH:73|TF:114|LE:114|RE:114|MO:0|SH:0|WA:0|FT:0,5,"2026-04-27 10:49:22"
3923,"47e9933b34460cd763c68aac3d12958a30c957d0",LH:41|RH:63|TF:0|LE:0|RE:0|MO:0|SH:0|WA:0|FT:67,3,"2026-04-27 10:49:22"
3924,ed87b4b520e6a0ee854d3b3eab6b6715931123d2,LH:63|RH:0|TF:0|LE:0|RE:0|MO:0|SH:0|WA:0|FT:64,2,"2026-04-27 10:49:22"
3925,"089e4c5adaacda2aaa98f48fb51a530fb5ae30c1",LH:59|RH:59|TF:114|LE:114|RE:0|MO:0|SH:0|WA:0|FT:0,4,"2026-04-27 10:49:22"
3926,"777d2e45dd4c33105646d43f54739541b091d5be",LH:63|RH:67|TF:0|LE:0|RE:0|MO:0|SH:0|WA:73|FT:73,4,"2026-04-27 10:49:22"
3927,c020f5392ed1f20c29757b1b61bd24595344101a,LH:0|RH:0|TF:0|LE:0|RE:0|MO:107|SH:0|WA:107|FT:0,2,"2026-04-27 10:49:22"
3928,d551f23af66b5dde7d8d1459bd85de14aee1e94f,LH:0|RH:0|TF:0|LE:0|RE:0|MO:63|SH:0|WA:89|FT:63,3,"2026-04-27 10:49:22"
3937,"54ad03a801fa04bb406e8b46908d7109807aa6ee",LH:29|RH:0|TF:0|LE:0|RE:0|MO:0|SH:27|WA:0|FT:0,2,"2026-05-16 13:00:26"
3938,"8003e6128ac89ee04bc6ef03783beb78d49ee822",LH:59|RH:0|TF:0|LE:0|RE:0|MO:0|SH:27|WA:0|FT:0,2,"2026-05-17 00:03:40"
3939,"5b686bdce6ca21a34c757a624bd33438014f83ac",LH:124|RH:124|TF:0|LE:0|RE:0|MO:0|SH:0|WA:0|FT:0,2,"2026-06-03 12:41:24"
3940,"2b434d22714056c4a01537bbf0ce61508bb82d6c",LH:0|RH:124|TF:0|LE:0|RE:0|MO:0|SH:0|WA:0|FT:0,1,"2026-06-03 12:41:24"
3941,"75c5f35c39cd3c7531cab4da0f04d8fc2d4ce816",LH:0|RH:124|TF:0|LE:0|RE:0|MO:0|SH:0|WA:57|FT:0,2,"2026-06-03 12:41:24"
3942,"963fb449ba2581f93517f5ebc1eea75f9214c400",LH:124|RH:0|TF:0|LE:0|RE:0|MO:0|SH:0|WA:0|FT:0,1,"2026-06-03 12:41:24"
3943,"38d9de59f2325d3fc0e6b3ed76e0206cc7b450e6",LH:41|RH:124|TF:0|LE:0|RE:0|MO:0|SH:0|WA:0|FT:0,2,"2026-06-03 12:41:24"
3944,d0daf1aa4048ca9e7aec9c063f9578488466b118,LH:124|RH:41|TF:0|LE:0|RE:0|MO:0|SH:0|WA:0|FT:0,2,"2026-06-03 12:41:24"
3945,"97b84a3c9765e94d177e6b8704ab05d4f93c783e",LH:124|RH:124|TF:0|LE:0|RE:0|MO:0|SH:0|WA:57|FT:0,3,"2026-06-03 12:41:24"
3946,"52251d057c146689457e5a9eeefdd796eb61d5bd",LH:0|RH:124|TF:0|LE:0|RE:0|MO:0|SH:0|WA:56|FT:0,2,"2026-06-03 12:41:24"
3947,ade68d2337da82611ad8b984fef0d5c2bbc29dbe,LH:124|RH:124|TF:0|LE:0|RE:0|MO:0|SH:0|WA:60|FT:0,3,"2026-06-03 12:41:24"
3948,be264160c4262e1103e5816397e76c81cfb3aa90,LH:124|RH:124|TF:0|LE:0|RE:0|MO:0|SH:27|WA:0|FT:0,3,"2026-06-03 12:41:24"
3949,"3bcfdb5acbe98d5117f02e1a11f2942fe94fe5e1",LH:0|RH:124|TF:0|LE:0|RE:0|MO:0|SH:0|WA:60|FT:0,2,"2026-06-03 12:41:24"
3950,e7bec19b0d3b15bf4cdc3da5672f24d63b7eb924,LH:124|RH:124|TF:0|LE:0|RE:0|MO:0|SH:0|WA:56|FT:56,4,"2026-06-03 12:41:24"
3951,"2b6900673ca5404e3d04f74dd8b3614593803aa5",LH:124|RH:124|TF:0|LE:0|RE:0|MO:0|SH:0|WA:63|FT:0,3,"2026-06-03 12:41:24"
3952,"3cab11bb4a91937a5d6b4750e35dbc319c727122",LH:58|RH:124|TF:0|LE:0|RE:0|MO:0|SH:0|WA:0|FT:0,2,"2026-06-03 12:41:24"
3953,"781458eb1245935913ac6982aa1ab398149fc161",LH:67|RH:124|TF:0|LE:0|RE:0|MO:0|SH:0|WA:0|FT:0,2,"2026-06-03 12:41:24"
3954,b9162a7f85de62032e0d6efbcbac5958999c167c,LH:63|RH:124|TF:0|LE:0|RE:0|MO:0|SH:0|WA:0|FT:0,2,"2026-06-03 12:41:24"
3955,"1f6d32714fa33281ae3dc7b69761edc6ebb5194a",LH:124|RH:0|TF:0|LE:0|RE:0|MO:0|SH:27|WA:0|FT:0,2,"2026-06-03 12:41:24"
3956,b450cdf4a6f7daa5fcc3daf23240e658d791d5f2,LH:124|RH:0|TF:0|LE:0|RE:0|MO:0|SH:0|WA:56|FT:0,2,"2026-06-03 12:41:24"
3957,f272d3c0e158970ed74753c2c457c2aaff5b8370,LH:95|RH:124|TF:0|LE:0|RE:0|MO:0|SH:0|WA:0|FT:0,2,"2026-06-03 12:41:24"
3958,"0bb9a5b226284a72a6bcc24c7daf677190c10aba",LH:124|RH:95|TF:0|LE:0|RE:0|MO:0|SH:0|WA:0|FT:0,2,"2026-06-03 12:41:24"
3959,"8ddc8990a2f5b0764aa008faee1f7877ff0317fd",LH:0|RH:124|TF:0|LE:0|RE:0|MO:0|SH:27|WA:0|FT:0,2,"2026-06-03 12:41:24"
3960,"63e9fa853273f2257c0762ec188f83f773956589",LH:95|RH:124|TF:0|LE:0|RE:0|MO:0|SH:0|WA:57|FT:0,3,"2026-06-03 12:41:24"
3961,"999a16a05ccd88de11d641cfada679487cccda6f",LH:124|RH:67|TF:0|LE:0|RE:0|MO:0|SH:0|WA:0|FT:0,2,"2026-06-03 12:41:24"
3962,"39714f37d6a7d33a8d453f2d2f9bbb78863049c4",LH:124|RH:0|TF:0|LE:0|RE:0|MO:0|SH:0|WA:57|FT:0,2,"2026-06-03 12:41:24"
3963,"3c17746d4f3ddabaed20946831dfe4ecc8f84d4f",LH:124|RH:0|TF:0|LE:0|RE:0|MO:0|SH:0|WA:60|FT:0,2,"2026-06-03 12:41:24"
3964,a6b91946295fe1d8d21292df0c05444d2cb56252,LH:124|RH:58|TF:0|LE:0|RE:0|MO:0|SH:0|WA:0|FT:0,2,"2026-06-03 12:41:24"
3965,f9b50247ea1de969ca86dd8636614c398629cee9,LH:124|RH:124|TF:0|LE:0|RE:0|MO:0|SH:0|WA:56|FT:0,3,"2026-06-03 12:41:24"
3966,f7630b2bf0f6535a1f5974bb48fe426eb6b80e2a,LH:124|RH:63|TF:0|LE:0|RE:0|MO:0|SH:0|WA:0|FT:0,2,"2026-06-03 12:41:24"
3967,e407d3e09fcce6c0a80632ad472c230689bbfcd4,LH:124|RH:67|TF:0|LE:0|RE:0|MO:0|SH:27|WA:0|FT:0,3,"2026-06-03 12:41:24"
3968,dc1f7bc12db47b20a689f37374343caa162eb135,LH:124|RH:0|TF:0|LE:0|RE:0|MO:0|SH:0|WA:56|FT:56,3,"2026-06-03 12:41:24"
3969,"0af095fc080dbb18c52c133561121e7fecc931fd",LH:73|RH:124|TF:0|LE:0|RE:0|MO:0|SH:0|WA:0|FT:0,2,"2026-06-03 12:41:24"
3970,"8c6fe4c0d7bd0aa523afd8ccf16ea02a7b359d0e",LH:124|RH:0|TF:0|LE:0|RE:0|MO:0|SH:0|WA:63|FT:0,2,"2026-06-03 12:41:24"
3971,"630e2b9085188267c7d8b515e501c05ef025fa71",LH:0|RH:124|TF:0|LE:0|RE:0|MO:0|SH:0|WA:63|FT:0,2,"2026-06-03 12:41:24"
3972,"9f84a70f0151be07e74a3c57df399ae672ac035e",LH:124|RH:95|TF:0|LE:0|RE:0|MO:0|SH:0|WA:57|FT:0,3,"2026-06-03 12:41:24"
3973,"7c9df00ece4664f903896009ec837ff0838fb932",LH:124|RH:73|TF:0|LE:0|RE:0|MO:0|SH:0|WA:0|FT:0,2,"2026-06-03 12:41:24"
3974,"70b9acf19b04e51ebda0a6c4e832526b35346b0e",LH:0|RH:0|TF:0|LE:0|RE:0|MO:0|SH:0|WA:124|FT:0,1,"2026-06-03 12:41:24"
3975,"67448167357b2319614021d9655832387d355c9c",LH:63|RH:63|TF:0|LE:0|RE:0|MO:0|SH:0|WA:124|FT:0,3,"2026-06-03 12:41:24"
3976,a51c5d1608f0a034bfa9555d7a0984b47d0f21ea,LH:63|RH:0|TF:0|LE:0|RE:0|MO:0|SH:0|WA:124|FT:0,2,"2026-06-03 12:41:24"
3977,a5a020924b1e4592c3f13bb19a4e7988abedb235,LH:63|RH:124|TF:0|LE:0|RE:0|MO:0|SH:27|WA:0|FT:0,3,"2026-06-03 12:41:24"
3978,"5e4b0709b8bf784060ceb75c235ed313c4e4af32",LH:124|RH:63|TF:0|LE:0|RE:0|MO:0|SH:27|WA:0|FT:0,3,"2026-06-03 12:41:24"
3979,"21921a256d82cc805930c1382c7fb5f612951e8a",LH:0|RH:63|TF:0|LE:0|RE:0|MO:0|SH:0|WA:124|FT:0,2,"2026-06-03 12:41:24"
3980,"8b79d2f57b0e08a2dcdf75783c607d8fd54e6107",LH:124|RH:93|TF:0|LE:0|RE:0|MO:0|SH:0|WA:0|FT:0,2,"2026-06-03 12:41:24"
3981,a7cccce9c86f81cf96643c07a4029f494e36ee59,LH:124|RH:41|TF:0|LE:0|RE:0|MO:0|SH:27|WA:0|FT:0,3,"2026-06-03 12:41:24"
3982,c1a22b05de7710846891eecb5a1d925c9fc62c5b,LH:124|RH:124|TF:0|LE:0|RE:0|MO:0|SH:90|WA:0|FT:0,3,"2026-06-03 12:41:24"
3983,"0611af51701820db49c13d667789b4e5e5f6e445",LH:0|RH:93|TF:0|LE:0|RE:0|MO:0|SH:90|WA:0|FT:0,2,"2026-06-03 12:41:24"
3984,"5e9c8f5826fb150602d1ad280cc9c859bb1e32f9",LH:93|RH:93|TF:0|LE:0|RE:0|MO:0|SH:0|WA:0|FT:0,2,"2026-06-03 12:41:24"
3985,ae68b9845d3b8926428781548f759a5aff5c803d,LH:93|RH:63|TF:0|LE:0|RE:0|MO:0|SH:0|WA:0|FT:0,2,"2026-06-03 12:41:24"
3986,"0611a5548f59cba4c886f2578494f101bd7973e8",LH:0|RH:93|TF:0|LE:0|RE:0|MO:0|SH:0|WA:0|FT:0,1,"2026-06-03 12:41:24"
3987,da12b48e35ca16a6b71fd4f1ea280890bceb1940,LH:93|RH:0|TF:0|LE:0|RE:0|MO:0|SH:0|WA:0|FT:0,1,"2026-06-03 12:41:24"
3988,"24a701ddaf2acb326b48e8615f6e29afda5ae58a",LH:93|RH:67|TF:0|LE:0|RE:0|MO:0|SH:0|WA:0|FT:0,2,"2026-06-03 12:41:24"
3989,b33a31b5633dc7677f116dd2acf71d7fddd54ccc,LH:93|RH:26|TF:0|LE:0|RE:0|MO:0|SH:0|WA:0|FT:0,2,"2026-06-03 12:41:24"
3990,e8469bea87407673fd2ece129fad9a936c79db90,LH:93|RH:67|TF:0|LE:0|RE:0|MO:0|SH:27|WA:0|FT:0,3,"2026-06-03 12:41:24"
3991,dc26f0bc0bbba03de439686576adbabfd5100722,LH:0|RH:93|TF:0|LE:0|RE:0|MO:0|SH:27|WA:0|FT:0,2,"2026-06-03 12:41:24"
3992,"27c2487b2e231803b9e7b4ff1a6bd53211d75f43",LH:93|RH:64|TF:0|LE:0|RE:0|MO:0|SH:0|WA:0|FT:0,2,"2026-06-03 12:41:24"
3993,ee10979f0a656d6dbbf1c4f5601712b7ca9826aa,LH:26|RH:93|TF:0|LE:0|RE:0|MO:0|SH:0|WA:0|FT:0,2,"2026-06-03 12:41:24"
3994,"0ae61d67fff9fed3128617c628ec0027e88ecaee",LH:0|RH:41|TF:0|LE:0|RE:0|MO:0|SH:0|WA:93|FT:0,2,"2026-06-03 12:41:24"
3995,"0de28a737020661202cc1f8bcb48b6d4691cb60b",LH:93|RH:0|TF:0|LE:0|RE:0|MO:0|SH:0|WA:56|FT:0,2,"2026-06-03 12:41:24"
3996,"2b2bbfe68fb3e53d87ae56f94f8e88ad35a614d9",LH:0|RH:93|TF:0|LE:0|RE:0|MO:0|SH:0|WA:56|FT:56,3,"2026-06-03 12:41:24"
3997,f2250d88268549faa9a921c60cc2898899a40526,LH:93|RH:93|TF:0|LE:0|RE:0|MO:0|SH:0|WA:56|FT:0,3,"2026-06-03 12:41:24"
3998,d97ef06512b8c9d012538b1df782ac5aa7192905,LH:93|RH:0|TF:0|LE:0|RE:0|MO:0|SH:27|WA:0|FT:0,2,"2026-06-03 12:41:24"
3999,"35a8b06658ce9fc719dd88c7bf9b71776b835eb2",LH:93|RH:63|TF:0|LE:0|RE:0|MO:67|SH:0|WA:0|FT:0,3,"2026-06-03 12:41:24"
4000,"35fc7624a378d1fc6009a3d2a5b559b7754f5eb9",LH:93|RH:25|TF:0|LE:0|RE:0|MO:0|SH:0|WA:0|FT:0,2,"2026-06-03 12:41:24"
4001,"8f5739c7af54022aff86bc9d2783df785ea58864",LH:93|RH:0|TF:0|LE:0|RE:0|MO:0|SH:0|WA:56|FT:56,3,"2026-06-03 12:41:24"
4002,"950b39121b0f7e5a7d98888a65f79185cb7f12ea",LH:41|RH:93|TF:0|LE:0|RE:0|MO:0|SH:0|WA:0|FT:0,2,"2026-06-03 12:41:24"
4003,e3f3e277364748d54373403aa783e9af125ddc6f,LH:0|RH:93|TF:0|LE:0|RE:0|MO:0|SH:0|WA:60|FT:0,2,"2026-06-03 12:41:24"
4004,"6e47b4c8ffeba662feb04644cf650487be70c7ac",LH:93|RH:93|TF:0|LE:0|RE:0|MO:0|SH:0|WA:0|FT:58,3,"2026-06-03 12:41:24"
4005,b7d4350f06c5dba39e6f7434d7167571dd384085,LH:93|RH:66|TF:0|LE:0|RE:0|MO:0|SH:0|WA:0|FT:0,2,"2026-06-03 12:41:24"
4006,"9809a30b4386a3143c2ddd1cb43d4e241cd8b7b9",LH:93|RH:39|TF:0|LE:0|RE:0|MO:0|SH:0|WA:0|FT:0,2,"2026-06-03 12:41:24"
4007,"7947d5786af3c060cb54d191dc60ee9558eaf274",LH:93|RH:67|TF:0|LE:0|RE:0|MO:0|SH:0|WA:57|FT:0,3,"2026-06-03 12:41:24"
4008,"2c095ac5a18b4495b607e96cb3973c2ea07aff53",LH:67|RH:93|TF:0|LE:0|RE:0|MO:0|SH:0|WA:0|FT:0,2,"2026-06-03 12:41:24"
4009,"49d8efdf82052de969311678657d607d7f73a674",LH:67|RH:93|TF:0|LE:0|RE:0|MO:0|SH:0|WA:26|FT:0,3,"2026-06-03 12:41:24"
4010,b51fbadca9f78cfca2961475c8c3178a0705ffe2,LH:93|RH:73|TF:0|LE:0|RE:0|MO:0|SH:0|WA:0|FT:0,2,"2026-06-03 12:41:24"
4011,f44cd02bca531402da47038cd61e11941213b019,LH:93|RH:93|TF:0|LE:0|RE:0|MO:0|SH:0|WA:60|FT:60,4,"2026-06-03 12:41:24"
4012,"4a9666785806e17181dfbb738eb13a91f08bf40b",LH:93|RH:2|TF:0|LE:0|RE:0|MO:0|SH:0|WA:0|FT:0,2,"2026-06-03 12:41:24"
4013,"3fec22c684edbd0d65122aadf39776b4393cb317",LH:63|RH:93|TF:0|LE:0|RE:0|MO:0|SH:0|WA:0|FT:0,2,"2026-06-03 12:41:24"
4014,"83fcee6b3c1bf69ff6ffdefc9227fc2f66ba056b",LH:93|RH:93|TF:0|LE:0|RE:0|MO:0|SH:0|WA:67|FT:0,3,"2026-06-03 12:41:24"
4015,f891cc140d42a37bba72618d72aa5f1969c406c6,LH:93|RH:93|TF:0|LE:0|RE:0|MO:0|SH:0|WA:56|FT:56,4,"2026-06-03 12:41:24"
4016,"46ad21b7bbc7f69e9f0f576d4e5cc7ba3f572a5b",LH:93|RH:93|TF:0|LE:0|RE:0|MO:0|SH:27|WA:56|FT:0,4,"2026-06-03 12:41:24"
4017,"3c6e1083437602a91063b62e0205b17164982296",LH:0|RH:93|TF:0|LE:0|RE:0|MO:0|SH:0|WA:63|FT:0,2,"2026-06-03 12:41:24"
4018,"0cc8bb98c3266c10525416a08da4ea5f8241f5e6",LH:93|RH:93|TF:0|LE:0|RE:0|MO:0|SH:27|WA:0|FT:0,3,"2026-06-03 12:41:24"
4019,"48cfe4706a841455b096cec0a974d2890eb63733",LH:93|RH:93|TF:0|LE:0|RE:0|MO:67|SH:0|WA:0|FT:0,3,"2026-06-03 12:41:24"
4020,"1d967c7ab7c6d94f88de02a2be27c1cbd2fc1d55",LH:58|RH:93|TF:0|LE:0|RE:0|MO:0|SH:0|WA:0|FT:0,2,"2026-06-03 12:41:24"
4021,"4ae2eca6d4b8a1a00d506d404f6e0e4cafb72d6a",LH:93|RH:41|TF:0|LE:0|RE:0|MO:0|SH:0|WA:0|FT:0,2,"2026-06-03 12:41:24"
4022,deb7711b29f3e6f279fdaf73148efa231d7218ef,LH:93|RH:89|TF:0|LE:0|RE:0|MO:0|SH:0|WA:0|FT:0,2,"2026-06-03 12:41:24"
4023,"9269bd728be2c772b4edb54e1d026a5a13b56501",LH:0|RH:93|TF:0|LE:0|RE:0|MO:67|SH:0|WA:0|FT:0,2,"2026-06-03 12:41:24"
4024,a55a0482f198526b6d8353fdd9e790fa602ffd1d,LH:93|RH:67|TF:0|LE:0|RE:0|MO:0|SH:0|WA:56|FT:56,4,"2026-06-03 12:41:24"
4025,"89cb580228d8b0475b2ba31883390f60c5b9fac0",LH:0|RH:93|TF:0|LE:0|RE:0|MO:41|SH:0|WA:0|FT:0,2,"2026-06-03 12:41:24"
4026,"43e7929bb0f959833515287f7de0c1b28f159629",LH:0|RH:93|TF:0|LE:0|RE:0|MO:0|SH:0|WA:63|FT:63,3,"2026-06-03 12:41:24"
4027,b58f967f9d11c7c631d20f9394d634176895ad7e,LH:63|RH:58|TF:0|LE:0|RE:0|MO:0|SH:0|WA:93|FT:0,3,"2026-06-03 12:41:24"
4028,"52bd2d7f1530b012112df6aded40470d96f05f24",LH:93|RH:0|TF:0|LE:0|RE:0|MO:0|SH:26|WA:26|FT:0,3,"2026-06-03 12:41:24"
4029,d921ac263f7a4264342c9f4c31f94bb32f93f619,LH:41|RH:93|TF:0|LE:0|RE:0|MO:0|SH:0|WA:63|FT:0,3,"2026-06-03 12:41:24"
4030,"0dbcbeeca41fd90752aa8ade26996c931ef0714a",LH:73|RH:67|TF:0|LE:0|RE:0|MO:0|SH:0|WA:93|FT:0,3,"2026-06-03 12:41:24"
4031,"36ca8eeda8292e1bb44ab0d566882f4a2a80eb9c",LH:0|RH:93|TF:0|LE:0|RE:0|MO:0|SH:0|WA:57|FT:0,2,"2026-06-03 12:41:24"
4032,d0bd4ac8fef9386d9efdb59093873e60e780ffa9,LH:93|RH:0|TF:0|LE:0|RE:0|MO:0|SH:0|WA:63|FT:0,2,"2026-06-03 12:41:24"
4033,"84c10eec0885299e85af79c8d67ab5899885d136",LH:0|RH:0|TF:0|LE:0|RE:0|MO:0|SH:93|WA:93|FT:0,2,"2026-06-03 12:41:24"
4034,b87504b09252653484d52b577c3ead808fefb5dd,LH:63|RH:93|TF:0|LE:0|RE:0|MO:41|SH:0|WA:0|FT:0,3,"2026-06-03 12:41:24"
4035,"890af3d84d9f6d8d4fc9075a285ef44dc352efa7",LH:93|RH:0|TF:0|LE:0|RE:0|MO:73|SH:0|WA:0|FT:0,2,"2026-06-03 12:41:24"
4036,"6218201a63c2cf479989adc36eb92a65b651eae4",LH:0|RH:67|TF:0|LE:0|RE:0|MO:0|SH:0|WA:93|FT:0,2,"2026-06-03 12:41:24"
4037,"949eefb324c9d4a07846110c753590d90153ed81",LH:93|RH:93|TF:0|LE:0|RE:0|MO:0|SH:0|WA:57|FT:0,3,"2026-06-03 12:41:24"
4038,"355d40a798659d5518e92ba2f32b43d954124753",LH:95|RH:93|TF:0|LE:0|RE:0|MO:0|SH:0|WA:0|FT:0,2,"2026-06-03 12:41:24"
4039,de7c63c1fb8533a8c1805cbeb4b3c2af8dd64251,LH:0|RH:93|TF:0|LE:0|RE:0|MO:0|SH:0|WA:0|FT:56,2,"2026-06-03 12:41:24"
4040,"0b4b24a174234157103aa70a59073d3236880b31",LH:67|RH:93|TF:0|LE:0|RE:0|MO:0|SH:0|WA:60|FT:0,3,"2026-06-03 12:41:24"
4041,fe215650d6b2dc3e78bf1e6a8c930597a36e09ce,LH:93|RH:0|TF:0|LE:0|RE:0|MO:0|SH:90|WA:0|FT:0,2,"2026-06-03 12:41:24"
4042,"42a5f373e56746e22afd6cfa05e48a2f596fb84f",LH:93|RH:93|TF:0|LE:0|RE:0|MO:0|SH:90|WA:0|FT:0,3,"2026-06-03 12:41:24"
4043,f15df892487ff0f6b6459cdbee3db6a921297c59,LH:0|RH:93|TF:0|LE:0|RE:0|MO:90|SH:27|WA:0|FT:0,3,"2026-06-03 12:41:24"
4044,"1cdac02985d46b2b4780b91982528c99a5e1172c",LH:93|RH:0|TF:0|LE:0|RE:0|MO:0|SH:90|WA:90|FT:0,3,"2026-06-03 12:41:24"
4045,"37cf511abd6c7fbcc577cb73a564e56629d99e90",LH:73|RH:93|TF:0|LE:0|RE:0|MO:0|SH:0|WA:0|FT:0,2,"2026-06-03 12:41:24"
4046,"0344c157266beaf39b9eb45f15352d97f3550092",LH:93|RH:0|TF:0|LE:0|RE:0|MO:27|SH:0|WA:0|FT:0,2,"2026-06-03 12:41:24"
4047,"71004b0a5f9a29ca06afd05caeef7de2d9576748",LH:41|RH:41|TF:0|LE:0|RE:0|MO:0|SH:0|WA:93|FT:0,3,"2026-06-03 12:41:24"
4048,fe985ed2656130973f12af8cdbd79aa235c5c74d,LH:67|RH:93|TF:0|LE:0|RE:0|MO:0|SH:0|WA:63|FT:0,3,"2026-06-03 12:41:24"
4049,"54182512b4979ce0b1f9ba50cd651353e86a44f3",LH:93|RH:41|TF:0|LE:0|RE:0|MO:0|SH:0|WA:56|FT:0,3,"2026-06-03 12:41:24"
4050,f3cfa1345fecabe8b9767de18f6d5f3e3ed8dbb9,LH:93|RH:0|TF:0|LE:0|RE:0|MO:0|SH:27|WA:56|FT:0,3,"2026-06-03 12:41:24"
4051,"612f84b91c4baccdd15653c83c45d8323f08f101",LH:93|RH:0|TF:0|LE:0|RE:0|MO:0|SH:0|WA:57|FT:0,2,"2026-06-03 12:41:24"
4052,"8b45c630b06514f790cf67631dc64eb7fd8a3a5a",LH:0|RH:93|TF:0|LE:0|RE:0|MO:0|SH:0|WA:60|FT:60,3,"2026-06-03 12:41:24"
4053,"1c3a9b79ab32196a97aaebf694ef8c06bddc4d7f",LH:93|RH:93|TF:0|LE:0|RE:0|MO:0|SH:26|WA:26|FT:0,4,"2026-06-03 12:41:24"
4054,"3155e5c19f2e8f32b2a8e13f1bbc0497df5271e2",LH:93|RH:93|TF:0|LE:0|RE:0|MO:0|SH:26|WA:26|FT:26,5,"2026-06-03 12:41:24"
4055,"931f0a0d29a36c3b95c112743a9caf9560b1a775",LH:0|RH:0|TF:0|LE:0|RE:0|MO:0|SH:27|WA:93|FT:0,2,"2026-06-03 12:41:24"
4056,f6b3f81f7cb6fc618a129a7a3198581baa296631,LH:93|RH:93|TF:0|LE:0|RE:0|MO:63|SH:0|WA:0|FT:0,3,"2026-06-03 12:41:24"
4057,b60cd6153d389118f5df2ae2ac52c3614342deaf,LH:0|RH:93|TF:0|LE:0|RE:0|MO:0|SH:0|WA:56|FT:0,2,"2026-06-03 12:41:24"
4058,d21b9fd09d9de64c899a99d9a78b789a4beff25a,LH:2|RH:93|TF:0|LE:0|RE:0|MO:0|SH:0|WA:0|FT:0,2,"2026-06-03 12:41:24"
4059,"0a4a15f02477c97668c0fcea8de8275fbc2f2387",LH:63|RH:63|TF:0|LE:0|RE:0|MO:0|SH:0|WA:93|FT:0,3,"2026-06-03 12:41:24"
4060,"6d55a41e9368f0ad021603d24f6cae68ca695547",LH:0|RH:93|TF:0|LE:0|RE:0|MO:0|SH:27|WA:60|FT:0,3,"2026-06-03 12:41:24"
4061,"6022f6f309dfc5a849d9c399ee23feb4e8bb561c",LH:93|RH:0|TF:0|LE:0|RE:0|MO:0|SH:0|WA:0|FT:56,2,"2026-06-03 12:41:24"
4062,"2afd3ef90396061a5a0c20087e1a92f07b75f407",LH:0|RH:73|TF:0|LE:0|RE:0|MO:0|SH:0|WA:93|FT:0,2,"2026-06-03 12:41:24"
4063,afdbffb4591f958b61d4c9f9019ec7712a6c5f45,LH:63|RH:93|TF:0|LE:0|RE:0|MO:0|SH:0|WA:60|FT:0,3,"2026-06-03 12:41:24"
4064,"5f2cc3465c1b050616afd1e55b5accac77101ab5",LH:93|RH:58|TF:0|LE:0|RE:0|MO:0|SH:0|WA:0|FT:0,2,"2026-06-03 12:41:24"
4065,"4ea719d2613b34b1d7f3a43adcfa58368ec011d7",LH:93|RH:93|TF:0|LE:0|RE:0|MO:0|SH:0|WA:63|FT:0,3,"2026-06-03 12:41:24"
4066,"96b9c3e8067a339761aabb213c65ac2aba08176c",LH:93|RH:93|TF:0|LE:0|RE:0|MO:0|SH:0|WA:0|FT:56,3,"2026-06-03 12:41:24"
4067,b15330575eb6fe8e45147a35dc4477faf4658ff1,LH:93|RH:0|TF:92|LE:0|RE:0|MO:0|SH:0|WA:0|FT:0,2,"2026-06-03 12:41:24"
4068,e529baa89fa676e1468a1ce8d61e5e4fa3cd2950,LH:0|RH:93|TF:0|LE:0|RE:0|MO:0|SH:0|WA:57|FT:57,3,"2026-06-03 12:41:24"
4069,"5c407249711c5b86093903ac7f50cd957e4a7066",LH:93|RH:93|TF:0|LE:0|RE:0|MO:0|SH:0|WA:60|FT:0,3,"2026-06-03 12:41:24"
4070,"33ba1bcf1d7e1263d919ecf49e012d2419a51d7e",LH:93|RH:93|TF:0|LE:0|RE:0|MO:0|SH:0|WA:57|FT:57,4,"2026-06-03 12:41:24"
4071,da599e7850fa2577bba68b45fd3e20a930a3ac91,LH:0|RH:0|TF:0|LE:0|RE:0|MO:0|SH:0|WA:93|FT:0,1,"2026-06-03 12:41:24"
4072,"627f20d4515ac9c66eb7ce0a2fb139250fdabf1a",LH:93|RH:0|TF:0|LE:0|RE:0|MO:0|SH:27|WA:56|FT:56,4,"2026-06-03 12:41:24"
4073,"1df2be664020be12440b38487e15ae8b7b8a3713",LH:0|RH:93|TF:92|LE:0|RE:0|MO:0|SH:0|WA:0|FT:0,2,"2026-06-03 12:41:24"
4074,"2c4c9ba54e2d768fba7b02726b70846550719bff",LH:93|RH:95|TF:0|LE:0|RE:0|MO:0|SH:0|WA:0|FT:0,2,"2026-06-03 12:41:24"
4075,f8ccad216e64231408f51d2436575e9302992d6a,LH:0|RH:93|TF:0|LE:0|RE:0|MO:0|SH:0|WA:26|FT:0,2,"2026-06-03 12:41:24"
4076,c4b55aa9d43abff7adf2b36feb88300bec2f931f,LH:63|RH:0|TF:0|LE:0|RE:0|MO:0|SH:0|WA:93|FT:0,2,"2026-06-03 12:41:24"
4077,c72d52daff7c2c896091eae97981ba8d760c7d3b,LH:93|RH:93|TF:0|LE:0|RE:0|MO:0|SH:0|WA:0|FT:63,3,"2026-06-03 12:41:24"
4078,f74ede0d27b3b89ef4d7d817bcc7d99efb0cd857,LH:93|RH:93|TF:0|LE:0|RE:0|MO:0|SH:0|WA:93|FT:0,3,"2026-06-03 12:41:24"
4079,"8a6ac010ffb72469e844119696090c8d7e6dd2f8",LH:0|RH:93|TF:0|LE:0|RE:0|MO:0|SH:27|WA:56|FT:0,3,"2026-06-03 12:41:24"
4080,edb920d538b5050540c3438ef75beec8fdc2eb7d,LH:41|RH:0|TF:0|LE:0|RE:0|MO:0|SH:0|WA:93|FT:0,2,"2026-06-03 12:41:24"
4081,"3351c0463c1aa9b0b5746c04a22b25362828521a",LH:93|RH:93|TF:0|LE:0|RE:0|MO:0|SH:0|WA:26|FT:0,3,"2026-06-03 12:41:24"
4082,c04a44a9f005f742638659e04335182aa08c66cc,LH:93|RH:0|TF:0|LE:0|RE:0|MO:0|SH:27|WA:63|FT:0,3,"2026-06-03 12:41:24"
4083,"8e379c26d2933955830d001f5e47e0558aaa2f11",LH:93|RH:63|TF:0|LE:0|RE:0|MO:0|SH:27|WA:0|FT:0,3,"2026-06-03 12:41:24"
4084,"3f21c50cc24285ba473446a60b9397dbc952ddcf",LH:67|RH:63|TF:0|LE:0|RE:0|MO:0|SH:0|WA:93|FT:0,3,"2026-06-03 12:41:24"
4085,"9044af4135c112190570e813e7d869274da3a6cc",LH:92|RH:93|TF:0|LE:0|RE:0|MO:0|SH:0|WA:0|FT:0,2,"2026-06-03 12:41:24"
4086,ac48e97db8bb0f778d62882392fc43cffbbdef6f,LH:93|RH:93|TF:92|LE:0|RE:0|MO:0|SH:0|WA:0|FT:0,3,"2026-06-03 12:41:24"
4087,"333b99575352906c6a58904eb958edf29bc7a30e",LH:93|RH:93|TF:0|LE:0|RE:0|MO:0|SH:13|WA:0|FT:0,3,"2026-06-03 12:41:24"
4088,c586380c9ef5bd520a0c75e63e607bfa147b6d32,LH:93|RH:0|TF:0|LE:0|RE:0|MO:0|SH:0|WA:60|FT:0,2,"2026-06-03 12:41:24"
4089,e6fd1198fb018e6b40d5099855ce59cdf017be00,LH:93|RH:67|TF:0|LE:0|RE:0|MO:0|SH:0|WA:56|FT:0,3,"2026-06-03 12:41:24"
4090,cce7212fa2236ebf04146cbbdd5f80601b00e40a,LH:0|RH:63|TF:0|LE:0|RE:0|MO:0|SH:27|WA:93|FT:0,3,"2026-06-03 12:41:24"
4091,b16d5b3d21cd528909649a576658e1a7a5ad6610,LH:0|RH:0|TF:0|LE:0|RE:0|MO:0|SH:93|WA:0|FT:0,1,"2026-06-03 12:41:24"
4092,b964a8f8e4e4ef36ce09277226a7f7fcc889cbe3,LH:63|RH:0|TF:0|LE:0|RE:0|MO:0|SH:27|WA:93|FT:0,3,"2026-06-03 12:41:24"
4093,"14cd9567fdae607e748cfe32e609d741c8ac56e5",LH:93|RH:93|TF:0|LE:0|RE:0|MO:0|SH:90|WA:90|FT:0,4,"2026-06-03 12:41:24"
4094,"39ddcc1f995dcb477b4a000046028d4d376371d3",LH:63|RH:93|TF:0|LE:0|RE:0|MO:0|SH:27|WA:0|FT:0,3,"2026-06-03 12:41:24"
4095,"37dbfced9fd9fc6e34a305cb2bb8cac763ce6eb5",LH:27|RH:93|TF:0|LE:0|RE:0|MO:0|SH:0|WA:0|FT:0,2,"2026-06-03 12:41:24"
4096,"9cd7b3e1e995ca6cad4f83388c8d1b4ab90fe7bc",LH:93|RH:93|TF:0|LE:0|RE:0|MO:73|SH:0|WA:0|FT:0,3,"2026-06-03 12:41:24"
4097,"83fa749ad2f8a99cbacbd17c6881203b055830c2",LH:67|RH:93|TF:0|LE:0|RE:0|MO:0|SH:0|WA:56|FT:0,3,"2026-06-03 12:41:24"
4098,"3c0d4801dfaa1274e6536aa723ab69171dccb9cd",LH:93|RH:0|TF:0|LE:0|RE:0|MO:0|SH:0|WA:66|FT:0,2,"2026-06-03 12:41:24"
4099,f7f3786845fac039ab0f4b8cafb3f2636240ffa7,LH:63|RH:63|TF:0|LE:0|RE:0|MO:0|SH:27|WA:93|FT:0,4,"2026-06-03 12:41:24"
4100,"09b640f2473b8fb8dc3bba891529cc15acdaf3ce",LH:0|RH:63|TF:0|LE:0|RE:0|MO:0|SH:0|WA:93|FT:0,2,"2026-06-03 12:41:24"
4101,"91e665eb4b7e2d7710cbb7f3a7d908ac3649aec1",LH:63|RH:76|TF:0|LE:0|RE:0|MO:0|SH:0|WA:93|FT:0,3,"2026-06-03 12:41:24"
4102,"4944095c11f8eea07a29c749abfbf135d5e1cd47",LH:67|RH:93|TF:0|LE:0|RE:0|MO:0|SH:27|WA:0|FT:0,3,"2026-06-03 12:41:24"
4103,"385e13cfaf4b77875651d2038d09c6d8587f06dd",LH:93|RH:0|TF:0|LE:0|RE:0|MO:0|SH:24|WA:0|FT:0,2,"2026-06-03 12:41:24"
4104,e05a5c3a018431a60c7350a4a4f92acef4dcc6d0,LH:93|RH:28|TF:0|LE:0|RE:0|MO:0|SH:0|WA:0|FT:0,2,"2026-06-03 12:41:24"
4105,"536b73affc7201f567942f4456b1a09cf794763c",LH:93|RH:76|TF:0|LE:0|RE:0|MO:0|SH:0|WA:0|FT:0,2,"2026-06-03 12:41:24"
4106,"027c36b6926cb1e78f4f315dd859f801e460be8f",LH:93|RH:80|TF:0|LE:0|RE:0|MO:0|SH:0|WA:0|FT:0,2,"2026-06-03 12:41:24"
4107,"24d72fb6520af62bf89e8165d180990b7829900f",LH:93|RH:93|TF:0|LE:0|RE:0|MO:27|SH:0|WA:0|FT:0,3,"2026-06-03 12:41:24"
4108,"0a845dbb158e443e21e7911d3586bb56531ea6a5",LH:0|RH:93|TF:0|LE:0|RE:0|MO:0|SH:24|WA:24|FT:0,3,"2026-06-03 12:41:24"
4109,b101c434f2125f0221cdb8167e17a453b0c85578,LH:93|RH:93|TF:0|LE:0|RE:0|MO:0|SH:24|WA:24|FT:0,4,"2026-06-03 12:41:24"
4110,"7ef0701952853622176d189cc34bb4a3198b2558",LH:93|RH:92|TF:0|LE:0|RE:0|MO:0|SH:0|WA:0|FT:0,2,"2026-06-03 12:41:24"
4111,"702626c23f3ec3acad09f5705607a29c9cf54dd0",LH:93|RH:0|TF:0|LE:0|RE:0|MO:0|SH:13|WA:0|FT:0,2,"2026-06-03 12:41:24"
4112,"8450256c45c9eb6e82d410a9f9fdc2b29dc3fff9",LH:93|RH:0|TF:0|LE:0|RE:0|MO:0|SH:0|WA:63|FT:63,3,"2026-06-03 12:41:24"
4113,fa4b80d23b60d65e8f28ffa1802468736c37513e,LH:39|RH:93|TF:0|LE:0|RE:0|MO:0|SH:0|WA:0|FT:0,2,"2026-06-03 12:41:24"
4114,"3c8ecb6d7f858204cd42e932e43f02435a162716",LH:93|RH:93|TF:0|LE:0|RE:0|MO:41|SH:0|WA:0|FT:0,3,"2026-06-03 12:41:24"
4115,f4ab5ebfb1ae4e8c6eef22e6fcc8d7c023f3f3ff,LH:93|RH:93|TF:0|LE:0|RE:0|MO:0|SH:0|WA:63|FT:63,4,"2026-06-03 12:41:24"
4116,"576370347124aa81f853fb08d42d31912503544d",LH:63|RH:67|TF:0|LE:0|RE:0|MO:0|SH:0|WA:93|FT:0,3,"2026-06-03 12:41:24"
4117,c6e9e7cc1a25f0fff74a0a78405e1701a9ece5a9,LH:73|RH:0|TF:0|LE:0|RE:0|MO:0|SH:0|WA:93|FT:0,2,"2026-06-03 12:41:24"
4118,bc22ee3a90b8cdfc3479715d7559775c3f8add6c,LH:67|RH:0|TF:0|LE:0|RE:0|MO:0|SH:0|WA:93|FT:0,2,"2026-06-03 12:41:24"
4119,"7eb63052ad1e7451700a5550256fb00121a061d9",LH:93|RH:93|TF:0|LE:0|RE:0|MO:0|SH:27|WA:63|FT:0,4,"2026-06-03 12:41:24"
4120,fd3264ad309daa5229f0b3294378b74865121132,LH:93|RH:0|TF:0|LE:0|RE:0|MO:0|SH:0|WA:57|FT:57,3,"2026-06-03 12:41:24"
4121,ce99b8e1259aa3b0d205a32b42de2ced22df6b2c,LH:93|RH:0|TF:0|LE:0|RE:0|MO:67|SH:0|WA:0|FT:0,2,"2026-06-03 12:41:24"
4122,bce792354fb92e6fee7a4e80111edc7cb17d9ac8,LH:93|RH:93|TF:0|LE:0|RE:0|MO:0|SH:24|WA:0|FT:0,3,"2026-06-03 12:41:24"
4123,"803af4db12963069afc25207208c440ec14f2b73",LH:93|RH:41|TF:0|LE:0|RE:0|MO:0|SH:27|WA:0|FT:0,3,"2026-06-03 12:41:24"
4124,"8f3a0af317a3dea843302faa9f617281f8bfd5fd",LH:93|RH:67|TF:0|LE:0|RE:0|MO:0|SH:0|WA:60|FT:0,3,"2026-06-03 12:41:24"
4125,"987f87d293e21e6f9b1eeb3554ffa82cc426ee6b",LH:93|RH:67|TF:0|LE:0|RE:0|MO:0|SH:0|WA:63|FT:0,3,"2026-06-03 12:41:24"
4126,"30de4c547015bbde6bc0d23fcd4d1fcd50e7385c",LH:63|RH:67|TF:0|LE:0|RE:0|MO:0|SH:27|WA:93|FT:0,4,"2026-06-03 12:41:24"
4127,"28ce3fd668f34b0fecb8da52c3e476e526085f0b",LH:63|RH:93|TF:0|LE:0|RE:0|MO:0|SH:0|WA:67|FT:0,3,"2026-06-03 12:41:24"
4128,"732596128d0c1f8013e84e93199abaf5366cc849",LH:62|RH:93|TF:0|LE:0|RE:0|MO:0|SH:0|WA:0|FT:0,2,"2026-06-03 12:41:24"
4129,"40b40643dcd4e47fd496b99f99b624e29f749d98",LH:0|RH:93|TF:0|LE:0|RE:0|MO:0|SH:0|WA:66|FT:0,2,"2026-06-03 12:41:24"
4130,"7d10e17af284d9996f10c0572abcb1f66c6683f8",LH:73|RH:73|TF:0|LE:0|RE:0|MO:0|SH:0|WA:93|FT:0,3,"2026-06-03 12:41:24"
4131,"88bb4eed35a55cebcd944be5293032b3b16c1a41",LH:64|RH:93|TF:0|LE:0|RE:0|MO:0|SH:0|WA:0|FT:0,2,"2026-06-03 12:41:24"
4132,"2f6ebc4b8856f3df13c659ade220b85456f5801f",LH:0|RH:93|TF:0|LE:0|RE:0|MO:73|SH:0|WA:0|FT:0,2,"2026-06-03 12:41:24"
4133,a38aa5eeff0209d97fa47b29e69e49c6422b8264,LH:63|RH:93|TF:0|LE:0|RE:0|MO:0|SH:0|WA:56|FT:0,3,"2026-06-03 12:41:24"
4134,"3124c4574a2a047a9d1c42e6ead960dea8b08c61",LH:93|RH:2|TF:0|LE:0|RE:0|MO:0|SH:27|WA:0|FT:0,3,"2026-06-03 12:41:24"
4135,"3af9dbd55a7b355aace73cb0c3b89e78379b2fb0",LH:93|RH:0|TF:0|LE:0|RE:0|MO:0|SH:24|WA:24|FT:0,3,"2026-06-03 12:41:24"
4136,be838b8db123129992d9431e769871b35e96e9d9,LH:93|RH:79|TF:0|LE:0|RE:0|MO:0|SH:0|WA:0|FT:0,2,"2026-06-03 12:41:24"
4137,"35bdb789dfdbf70de3bb4aecddc5c5a29dc30b96",LH:93|RH:0|TF:0|LE:0|RE:0|MO:0|SH:67|WA:0|FT:0,2,"2026-06-03 12:41:24"
4138,"4854ecc0dc6a858ebb6f2699c4e89568164c19ad",LH:73|RH:63|TF:0|LE:0|RE:0|MO:0|SH:0|WA:93|FT:0,3,"2026-06-03 12:41:24"
4139,ab2b95a3541e648f7a7227192165f27d4a3f0d04,LH:93|RH:0|TF:0|LE:0|RE:0|MO:0|SH:0|WA:73|FT:0,2,"2026-06-03 12:41:24"
4140,"6ee1626f92aafa2d67032f5e5e379f4b9bb0bc00",LH:0|RH:93|TF:0|LE:0|RE:0|MO:0|SH:27|WA:63|FT:0,3,"2026-06-03 12:41:24"
4141,"43f93f87123c4ef67bf06c09bf968c0734a831ae",LH:63|RH:73|TF:0|LE:0|RE:0|MO:0|SH:0|WA:93|FT:0,3,"2026-06-03 12:41:24"
4142,a7463d1d1fb36d490c8392498d42e5d483f203fd,LH:93|RH:73|TF:0|LE:0|RE:0|MO:0|SH:0|WA:63|FT:0,3,"2026-06-03 12:41:24"
4143,e4e11c223cb53e0defccd6d081e13e6b317ea7a1,LH:93|RH:0|TF:0|LE:0|RE:0|MO:0|SH:0|WA:26|FT:0,2,"2026-06-03 12:41:24"
4144,dc1291548cb76baeaac45b180cbd8d5cfce4c351,LH:2|RH:2|TF:0|LE:0|RE:0|MO:0|SH:0|WA:93|FT:0,3,"2026-06-03 12:41:24"
4145,"60d7ada629a41c583a1f9f276be11b2a0fbd5966",LH:93|RH:67|TF:0|LE:0|RE:0|MO:0|SH:26|WA:26|FT:26,5,"2026-06-03 12:41:24"
4146,"00c0b1ae7a0dce134a868d9c3b8cf9a1678ee220",LH:93|RH:67|TF:0|LE:0|RE:0|MO:0|SH:26|WA:26|FT:0,4,"2026-06-03 12:41:24"
4147,a52e4bdd751f5fb9ced8f59f29debe8e7599e91e,LH:74|RH:93|TF:0|LE:0|RE:0|MO:0|SH:0|WA:0|FT:0,2,"2026-06-03 12:41:24"
4148,"99b3d83325c7e99046c33b62ecd14c26bace5127",LH:93|RH:93|TF:0|LE:0|RE:0|MO:110|SH:0|WA:0|FT:0,3,"2026-06-03 12:41:24"
4149,"20c99dff51142da5bb44619f471e9a642193c380",LH:93|RH:0|TF:0|LE:0|RE:0|MO:0|SH:26|WA:26|FT:26,4,"2026-06-03 12:41:24"
4150,a67ae810ec7e622b50a132d165c00ef949d29be6,LH:93|RH:93|TF:0|LE:0|RE:73|MO:0|SH:0|WA:0|FT:0,3,"2026-06-03 12:41:24"
4151,c7da0cf03e54d3dd2b8f636e68fe57b291136203,LH:93|RH:63|TF:0|LE:0|RE:0|MO:0|SH:0|WA:67|FT:0,3,"2026-06-03 12:41:24"
4152,"077769eb2f7b1e8ab32f99ba557431e27b43bcb4",LH:132|RH:93|TF:0|LE:0|RE:0|MO:0|SH:0|WA:0|FT:0,2,"2026-06-03 12:41:24"
4153,e6368b135f09e8d7142f258a7446098fb7ded4c5,LH:93|RH:63|TF:0|LE:0|RE:0|MO:0|SH:0|WA:56|FT:0,3,"2026-06-03 12:41:24"
4154,c0035da764dbd274f15c9967064e5044cf2426d0,LH:63|RH:93|TF:0|LE:0|RE:0|MO:0|SH:0|WA:63|FT:0,3,"2026-06-03 12:41:24"
4155,a6b550d1c799a6524414fbefe882464ffccdf501,LH:93|RH:41|TF:0|LE:0|RE:0|MO:0|SH:0|WA:60|FT:0,3,"2026-06-03 12:41:24"
4156,"3819b833aceb23cfca9f19ad244827fcf1ca572f",LH:89|RH:93|TF:0|LE:0|RE:0|MO:0|SH:0|WA:0|FT:0,2,"2026-06-03 12:41:24"
4157,b50a585dd9879d60680ad766ebe92fcfe7cad971,LH:63|RH:41|TF:0|LE:0|RE:0|MO:0|SH:0|WA:93|FT:0,3,"2026-06-03 12:41:24"
4158,"34cf820a328fbc06236b77bd7c177d7bd4d8602b",LH:67|RH:67|TF:0|LE:0|RE:0|MO:0|SH:0|WA:93|FT:0,3,"2026-06-03 12:41:24"
4159,d16c12f847d1fcd8ca7e6d006f4fde6963bcc3a1,LH:93|RH:93|TF:0|LE:0|RE:0|MO:0|SH:0|WA:66|FT:0,3,"2026-06-03 12:41:24"
4160,c7d6404ce4fccd81d564859c7e5245141a2ec4c4,LH:0|RH:93|TF:0|LE:0|RE:0|MO:0|SH:26|WA:26|FT:0,3,"2026-06-03 12:41:24"
4161,"543fa070faf28e7ae94424fa30cc2ab11d88178d",LH:93|RH:93|TF:0|LE:0|RE:0|MO:0|SH:67|WA:0|FT:0,3,"2026-06-03 12:41:24"
4162,b827ee2b6ecd91d2fd4a745c1db61b6cd51ca653,LH:93|RH:0|TF:0|LE:0|RE:0|MO:90|SH:27|WA:0|FT:0,3,"2026-06-03 12:41:24"
4163,"29dc7b16c5ab1089c449438a0e8fc6361767db41",LH:93|RH:73|TF:0|LE:0|RE:0|MO:0|SH:27|WA:0|FT:0,3,"2026-06-03 12:41:24"
4164,"0bcf4e3d86dc466b73ef454047c624d87f71131f",LH:73|RH:93|TF:0|LE:0|RE:0|MO:0|SH:27|WA:0|FT:0,3,"2026-06-03 12:41:24"
4165,"599d1d0b6523f506d07c28eba26c2578cf76257d",LH:93|RH:62|TF:0|LE:0|RE:0|MO:0|SH:0|WA:0|FT:0,2,"2026-06-03 12:41:24"
4166,"8d82f208fea508032a3dadc034dc9359f75cc791",LH:66|RH:93|TF:0|LE:0|RE:0|MO:0|SH:0|WA:0|FT:0,2,"2026-06-03 12:41:24"
4167,"467a00d950fc42cf8ad7c5f3bf07c31e796bc4fd",LH:79|RH:93|TF:0|LE:0|RE:0|MO:0|SH:0|WA:0|FT:0,2,"2026-06-03 12:41:24"
4168,f8bb9ace558d40b7153501213ec0ad5a5c76e3c4,LH:41|RH:63|TF:0|LE:0|RE:0|MO:0|SH:0|WA:93|FT:0,3,"2026-06-03 12:41:24"
4169,"12a948d379a251752dc35e4bb8fb0f9a0c635f6d",LH:73|RH:93|TF:0|LE:0|RE:0|MO:0|SH:0|WA:63|FT:0,3,"2026-06-03 12:41:24"
4170,"34d5c2186f2237813636589013aad6e845bbb9ba",LH:93|RH:67|TF:0|LE:0|RE:0|MO:0|SH:27|WA:63|FT:0,4,"2026-06-03 12:41:24"
4171,da40846f762d01ac30b88a08a326a955b242c879,LH:63|RH:93|TF:0|LE:0|RE:0|MO:0|SH:90|WA:0|FT:0,3,"2026-06-03 12:41:24"
4172,"876b7f1824c5cc1c40a8d1c93f2fa6bd1890f87a",LH:93|RH:63|TF:0|LE:0|RE:0|MO:0|SH:0|WA:93|FT:0,3,"2026-06-03 12:41:24"
4173,"36585841f98cecf5668dc564d1bccf71f90a7b45",LH:93|RH:0|TF:0|LE:0|RE:0|MO:0|SH:0|WA:93|FT:0,2,"2026-06-03 12:41:24"
4174,bfa6afa87cec53a2f8a76eb8af1dcfe9d3dfebd9,LH:0|RH:93|TF:0|LE:0|RE:0|MO:0|SH:27|WA:56|FT:56,4,"2026-06-03 12:41:24"
4175,cbbdb6b0f9dba20b3dc0e7a7a90c4632c8dafef7,LH:93|RH:41|TF:0|LE:0|RE:0|MO:0|SH:0|WA:63|FT:0,3,"2026-06-03 12:41:24"
4176,"28f8cb92760b5560c3fae6855b0504706a189f1d",LH:93|RH:132|TF:0|LE:0|RE:0|MO:0|SH:0|WA:0|FT:0,2,"2026-06-03 12:41:24"
4177,"6e7f35c2fe4425edde0ad44964711e4be664dc47",LH:93|RH:127|TF:0|LE:0|RE:0|MO:0|SH:0|WA:0|FT:0,2,"2026-06-03 12:41:24"
4178,"6edab53ac3fb2df991825dbedda38ada1e7f54f4",LH:93|RH:0|TF:0|LE:0|RE:0|MO:0|SH:27|WA:60|FT:0,3,"2026-06-03 12:41:24"
4179,ab54bf4b9bf0c67ea2bef6ccae6e995fd065d7db,LH:93|RH:63|TF:0|LE:0|RE:0|MO:0|SH:0|WA:60|FT:0,3,"2026-06-03 12:41:24"
4180,"61119073282b4155de29f93b58ee702b2b88bdf0",LH:63|RH:95|TF:0|LE:0|RE:0|MO:0|SH:0|WA:93|FT:0,3,"2026-06-03 12:41:24"
4181,d5b6fea5e4d909175593395b7c54e142fa3628dc,LH:93|RH:63|TF:0|LE:0|RE:0|MO:0|SH:0|WA:63|FT:0,3,"2026-06-03 12:41:24"
4182,d6d6c57b2095563f0d1f16e63466c2100c22a501,LH:93|RH:93|TF:0|LE:0|RE:0|MO:90|SH:27|WA:0|FT:0,4,"2026-06-03 12:41:24"
4183,dee131372f81ee9be58df3be3427d2c239ea7d69,LH:0|RH:76|TF:0|LE:0|RE:0|MO:0|SH:0|WA:93|FT:0,2,"2026-06-03 12:41:24"
4184,"96e193df5049ad587eac7f83001ece385f3af288",LH:93|RH:0|TF:0|LE:0|RE:0|MO:0|SH:0|WA:67|FT:0,2,"2026-06-03 12:41:24"
4185,"70762f58fe101b7744de058117729300d13ea7d8",LH:93|RH:93|TF:0|LE:0|RE:0|MO:0|SH:27|WA:56|FT:56,5,"2026-06-03 12:41:24"
4186,"90e85ce5e9ab077ec5814a4b635953eda8417783",LH:93|RH:58|TF:0|LE:0|RE:0|MO:0|SH:27|WA:0|FT:0,3,"2026-06-03 12:41:24"
4187,ab06c96b720e294416f34047af65b22ad5703031,LH:93|RH:93|TF:0|LE:73|RE:0|MO:0|SH:0|WA:0|FT:0,3,"2026-06-03 12:41:24"
4188,"00a10f1fb82cb7425be2407103d68985e5a54041",LH:93|RH:76|TF:0|LE:0|RE:0|MO:0|SH:27|WA:0|FT:0,3,"2026-06-03 12:41:24"
4189,b2765964cea05e7ce8d3557f623c6b55c1dd71ba,LH:93|RH:0|TF:0|LE:0|RE:0|MO:41|SH:0|WA:0|FT:0,2,"2026-06-03 12:41:24"
4190,a1781be77b0f221287fb657d53e04a5bac4ada04,LH:93|RH:93|TF:0|LE:0|RE:0|MO:0|SH:0|WA:73|FT:0,3,"2026-06-03 12:41:24"
4191,dd7418dc37c7bd736adbb60ac9590c010ae4cade,LH:0|RH:93|TF:0|LE:0|RE:0|MO:0|SH:0|WA:93|FT:0,2,"2026-06-03 12:41:24"
4192,"4250b677597cff1216900631cf6cb8f99f157eb8",LH:82|RH:93|TF:0|LE:0|RE:0|MO:0|SH:0|WA:0|FT:0,2,"2026-06-03 12:41:24"
4193,"03c7829a39892d880f8c7460377681c039333d89",LH:76|RH:93|TF:0|LE:0|RE:0|MO:0|SH:0|WA:0|FT:0,2,"2026-06-03 12:41:24"
4194,f773a540aca4d417ebc63b0aa1fed620de15b21f,LH:127|RH:93|TF:0|LE:0|RE:0|MO:0|SH:0|WA:0|FT:0,2,"2026-06-03 12:41:24"
4195,"75916700d0f0b4d0ae1d6727862d1b6f47abcfa0",LH:41|RH:93|TF:0|LE:0|RE:0|MO:0|SH:0|WA:60|FT:0,3,"2026-06-03 12:41:24"
4196,"5ffe0c8aa36ae69a6f64f8d5e231640fb771b3b6",LH:93|RH:82|TF:0|LE:0|RE:0|MO:0|SH:0|WA:0|FT:0,2,"2026-06-03 12:41:24"
4197,f40c357bdb077c300b1e27fdd0978ff246d3b995,LH:0|RH:93|TF:0|LE:0|RE:0|MO:0|SH:0|WA:67|FT:0,2,"2026-06-03 12:41:24"
4198,"0e7a7f87137d5670111ea70a1c7120533418bc7c",LH:93|RH:93|TF:0|LE:0|RE:0|MO:0|SH:27|WA:60|FT:0,4,"2026-06-03 12:41:24"
4199,f0c481e5954216ca6cb10a2b05e04c4ffb52b6c1,LH:73|RH:93|TF:0|LE:0|RE:0|MO:0|SH:0|WA:56|FT:0,3,"2026-06-03 12:41:24"
4200,b3ac266e7924c30d0ab978cfee28d9e72924a09c,LH:0|RH:93|TF:0|LE:0|RE:0|MO:0|SH:0|WA:73|FT:0,2,"2026-06-03 12:41:24"
4201,c58588605d06bcbfc7ddffd417421542ff1858c0,LH:63|RH:93|TF:0|LE:0|RE:0|MO:67|SH:0|WA:67|FT:0,4,"2026-06-03 12:41:24"
4202,"167edb5381ac9088d75a955bd008e26324a4b3c7",LH:63|RH:93|TF:0|LE:0|RE:0|MO:0|SH:0|WA:93|FT:0,3,"2026-06-03 12:41:24"
4203,c5529707a83a1fb85496af62887a42bbec79c1bd,LH:41|RH:93|TF:0|LE:0|RE:0|MO:0|SH:27|WA:0|FT:0,3,"2026-06-03 12:41:24"
4204,"3a7fe8500d5f64c7f79da8d4e41c53b658d5fef3",LH:28|RH:93|TF:0|LE:0|RE:0|MO:0|SH:0|WA:0|FT:0,2,"2026-06-03 12:41:24"
4205,"88c7787f0c9362d3380a1377c9a2f8c3a8e0fbe0",LH:93|RH:0|TF:0|LE:0|RE:0|MO:0|SH:0|WA:60|FT:60,3,"2026-06-03 12:41:24"
4206,"02df0370e5ea1c9fa5227ab6a5a42b3fab2fde37",LH:93|RH:27|TF:0|LE:0|RE:0|MO:0|SH:0|WA:0|FT:0,2,"2026-06-03 12:41:24"
4207,"502491f1d2b383be48d67230777868345e9da921",LH:93|RH:42|TF:0|LE:0|RE:0|MO:0|SH:0|WA:0|FT:0,2,"2026-06-03 12:41:24"
4208,"07e9130346662cb21553197193d5873fa7ff36ff",LH:0|RH:93|TF:0|LE:0|RE:0|MO:0|SH:13|WA:0|FT:0,2,"2026-06-03 12:41:24"
4209,bd66c7752b6edc8a53829a94f0988b1c78c07e95,LH:93|RH:96|TF:0|LE:0|RE:0|MO:0|SH:27|WA:0|FT:0,3,"2026-06-03 12:41:24"
4210,"6ebac64aa2368a265f037f9dce39d836d29a6109",LH:41|RH:93|TF:0|LE:0|RE:0|MO:0|SH:0|WA:56|FT:0,3,"2026-06-03 12:41:24"
4211,"06e973c6a52ba731ce6a87c0e097d5886ed79aa8",LH:67|RH:127|TF:0|LE:0|RE:0|MO:0|SH:0|WA:0|FT:0,2,"2026-06-03 12:41:24"
4212,"8eb4f1444ed44b78a45e196d82c1d48428497fc2",LH:73|RH:127|TF:0|LE:0|RE:0|MO:0|SH:0|WA:0|FT:0,2,"2026-06-03 12:41:24"
4213,"53158324814120f68bc8c7e0f0237594af3f4f21",LH:63|RH:127|TF:0|LE:0|RE:0|MO:0|SH:0|WA:0|FT:0,2,"2026-06-03 12:41:24"
4214,bc2698285e9f1bf6bf921b0b9e65bd3a03375747,LH:127|RH:0|TF:0|LE:0|RE:0|MO:0|SH:0|WA:0|FT:0,1,"2026-06-03 12:41:24"
4215,b32160fd15dd60207158aaaae8b66c7835d61cf1,LH:0|RH:0|TF:0|LE:0|RE:0|MO:0|SH:0|WA:127|FT:0,1,"2026-06-03 12:41:24"
4216,e73c00ff49f97c67cdb7fe33e70d050e49352ae2,LH:0|RH:127|TF:0|LE:0|RE:0|MO:0|SH:0|WA:0|FT:0,1,"2026-06-03 12:41:24"
4217,"44d509fecc81fa9f9f54a99e16c9b45647964115",LH:63|RH:63|TF:0|LE:0|RE:0|MO:0|SH:0|WA:127|FT:0,3,"2026-06-03 12:41:24"
4218,d568358297e5d3ffbf766929a170f46f6591b28d,LH:127|RH:63|TF:0|LE:0|RE:0|MO:0|SH:0|WA:0|FT:0,2,"2026-06-03 12:41:24"
4219,"8271fc23ae09acaa7df0fdbdcaca694837443f69",LH:0|RH:63|TF:0|LE:0|RE:0|MO:0|SH:0|WA:127|FT:0,2,"2026-06-03 12:41:24"
4220,"03f264bb548b770ae561ae2375dfc214a4ea1b55",LH:127|RH:127|TF:0|LE:0|RE:0|MO:0|SH:0|WA:0|FT:0,2,"2026-06-03 12:41:24"
4221,"849b9143b1730524ef77ef13dbf8eb0152c03ce9",LH:127|RH:0|TF:0|LE:0|RE:0|MO:0|SH:27|WA:0|FT:0,2,"2026-06-03 12:41:24"
4222,"2b171c089bf43139467628b73c5ba293ab15ca73",LH:127|RH:82|TF:0|LE:0|RE:0|MO:0|SH:0|WA:0|FT:0,2,"2026-06-03 12:41:24"
4223,"34396fcef50342c9fe0ddbfb7a631424579916c9",LH:95|RH:127|TF:0|LE:0|RE:0|MO:0|SH:0|WA:0|FT:0,2,"2026-06-03 12:41:24"
4224,ee11ca9ac6fab4273e7c65660465dda44924c850,LH:63|RH:0|TF:0|LE:0|RE:0|MO:0|SH:0|WA:127|FT:0,2,"2026-06-03 12:41:24"
4225,e4cfebed8dbfe95fa1e948ac6d09fcc1e303ddc1,LH:127|RH:73|TF:0|LE:0|RE:0|MO:0|SH:0|WA:0|FT:0,2,"2026-06-03 12:41:24"
4226,c276b4834fcf6b40f27e4f170e5742307790f5b7,LH:127|RH:67|TF:0|LE:0|RE:0|MO:0|SH:0|WA:0|FT:0,2,"2026-06-03 12:41:24"
4227,d785179e34c7588ac9fa46db4a24b1ea971f492e,LH:0|RH:127|TF:0|LE:0|RE:0|MO:0|SH:27|WA:0|FT:0,2,"2026-06-03 12:41:24"
4228,"631c3aa52bcffaab3a352d5a9a48d73f6cb5a938",LH:127|RH:127|TF:0|LE:0|RE:0|MO:0|SH:27|WA:0|FT:0,3,"2026-06-03 12:41:24"
4229,ec882b9e8bda6da00e28918711b4ec5d04be8a83,LH:82|RH:127|TF:0|LE:0|RE:0|MO:0|SH:0|WA:0|FT:0,2,"2026-06-03 12:41:24"
4230,"554defd7a43c9d5ea7be4e93d7a7061ec85c3b73",LH:94|RH:127|TF:0|LE:0|RE:0|MO:0|SH:0|WA:0|FT:0,2,"2026-06-03 12:41:24"
4231,"41950ace16666770b81b7b7697ece6d5098231a7",LH:127|RH:95|TF:0|LE:0|RE:0|MO:0|SH:0|WA:0|FT:0,2,"2026-06-03 12:41:24"
4232,"21c3a056169ef832b4ab5767a039438a4528fd85",LH:0|RH:0|TF:0|LE:0|RE:0|MO:0|SH:27|WA:62|FT:0,2,"2026-06-03 13:40:59"
4233,"09c961cc620433f81bb63105f0e60133ad658b99",LH:0|RH:63|TF:0|LE:0|RE:0|MO:0|SH:90|WA:0|FT:0,2,"2026-06-03 13:40:59"
4234,"5fd8fbf72901886eb4a5ea3a06dbb112303faaa1",LH:94|RH:0|TF:0|LE:0|RE:0|MO:0|SH:0|WA:60|FT:0,2,"2026-06-03 13:40:59"
4235,"3fdbe9d23fc345e2674afff0e1c8d40e05f6e95a",LH:89|RH:0|TF:0|LE:0|RE:0|MO:0|SH:90|WA:0|FT:0,2,"2026-06-03 13:40:59"
4236,"8659072ba77367fc6ac2da2e6e4032f882195074",LH:66|RH:64|TF:0|LE:0|RE:0|MO:0|SH:0|WA:56|FT:0,3,"2026-06-03 13:40:59"
4237,e3a7ff01af2c8e455f9435d0e543d7cfba942973,LH:63|RH:63|TF:0|LE:0|RE:0|MO:0|SH:0|WA:66|FT:0,3,"2026-06-03 13:40:59"
4238,f5ff79c420eec047c69d079de8e76afda2d08f55,LH:41|RH:0|TF:0|LE:0|RE:0|MO:0|SH:0|WA:57|FT:0,2,"2026-06-03 13:40:59"
4239,"17b4d86b64b4580f1932de1a16ea13869e6d3fc9",LH:0|RH:41|TF:0|LE:0|RE:0|MO:0|SH:0|WA:57|FT:0,2,"2026-06-03 13:40:59"
4240,d52e76ab4caee2ffc570a1c621fd983ad8831c22,LH:41|RH:67|TF:0|LE:0|RE:0|MO:0|SH:0|WA:57|FT:0,3,"2026-06-03 13:40:59"
4241,"2466da5267804b569b5c701bf11a06db2249c357",LH:95|RH:67|TF:0|LE:0|RE:0|MO:0|SH:0|WA:26|FT:0,3,"2026-06-03 13:40:59"
4242,"5e9a1eadf182e4d401f121289e824c69e84e6db0",LH:0|RH:67|TF:0|LE:0|RE:0|MO:0|SH:67|WA:0|FT:0,2,"2026-06-03 13:40:59"
4243,"29e5fc22537839a99d506c2486e74e98e4afeddf",LH:73|RH:63|TF:0|LE:0|RE:0|MO:0|SH:0|WA:67|FT:0,3,"2026-06-03 13:40:59"
4244,"60864eadefb92355d7b67e98b099583056a76274",LH:95|RH:67|TF:0|LE:0|RE:0|MO:0|SH:0|WA:57|FT:57,4,"2026-06-03 13:40:59"
4245,"8373cd8ae0abb8298df886b7f38b8f63627866b6",LH:0|RH:63|TF:0|LE:0|RE:0|MO:0|SH:13|WA:0|FT:0,2,"2026-06-03 13:40:59"
4246,"9bc1bb8e0c959a0d7330893641d0242705e49b35",LH:0|RH:0|TF:0|LE:0|RE:0|MO:0|SH:27|WA:60|FT:60,3,"2026-06-03 13:40:59"
4247,"995c52aa44fe99109448dfb34f34e9de9f0662a4",LH:67|RH:0|TF:0|LE:0|RE:0|MO:0|SH:27|WA:57|FT:0,3,"2026-06-03 13:40:59"
4248,"608b9a47c108d7cbd561015d4ceb6f20dff78287",LH:0|RH:63|TF:0|LE:0|RE:0|MO:0|SH:95|WA:0|FT:0,2,"2026-06-03 13:40:59"
4249,ca81bafaa5032949408b0714c1f61a92dfe166b0,LH:63|RH:41|TF:0|LE:0|RE:0|MO:0|SH:0|WA:73|FT:0,3,"2026-06-03 13:40:59"
4250,"24f132b0c35b8dcdc0a5dffd9f98b3f085d6dc48",LH:63|RH:0|TF:0|LE:0|RE:0|MO:0|SH:13|WA:0|FT:0,2,"2026-06-03 13:40:59"
4251,"1a29f375f5793d2afdfa8ced9f4e40ed26a909bb",LH:0|RH:67|TF:0|LE:0|RE:0|MO:0|SH:27|WA:26|FT:0,3,"2026-06-03 13:40:59"
4252,"8042df40737aeaa66c91124c14acd6a77547caa1",LH:0|RH:67|TF:0|LE:0|RE:0|MO:0|SH:27|WA:56|FT:0,3,"2026-06-03 13:40:59"
4253,"1452d28e547d7b8e4d521d49924ced1083e25935",LH:75|RH:63|TF:0|LE:0|RE:0|MO:0|SH:0|WA:0|FT:0,2,"2026-06-03 13:40:59"
4254,"788d71d4be472a313d444a14fde5f8d0d98ad9be",LH:58|RH:73|TF:0|LE:0|RE:0|MO:0|SH:0|WA:63|FT:0,3,"2026-06-03 13:40:59"
4255,"6fea5f9cc66f0cb0b312200d0d37566a9c090106",LH:63|RH:41|TF:0|LE:0|RE:0|MO:0|SH:0|WA:57|FT:0,3,"2026-06-03 13:40:59"
4256,ce96348ea9af8e9eef3903018542e39aedb0b879,LH:63|RH:0|TF:0|LE:0|RE:0|MO:0|SH:95|WA:0|FT:0,2,"2026-06-03 13:40:59"
4257,"470ba2e2a13132455d6e9e6f361659879aae393b",LH:66|RH:0|TF:0|LE:0|RE:0|MO:0|SH:0|WA:56|FT:0,2,"2026-06-03 13:40:59"
4258,"69bb374d0d58dbb6caac645436e2abecc9556868",LH:63|RH:41|TF:0|LE:0|RE:0|MO:73|SH:0|WA:0|FT:0,3,"2026-06-03 13:40:59"
4259,"96497f824445dd6523e67761703290ef93c41099",LH:132|RH:132|TF:0|LE:0|RE:0|MO:0|SH:0|WA:0|FT:0,2,"2026-06-03 13:40:59"
4260,"9adadc7a96e5826f477d8057384559c0936aa78d",LH:0|RH:76|TF:0|LE:0|RE:0|MO:0|SH:0|WA:56|FT:0,2,"2026-06-03 13:40:59"
4261,"6988176c86d0f5ff4bf1f278d83d3955cfe74d72",LH:0|RH:63|TF:0|LE:0|RE:0|MO:0|SH:0|WA:41|FT:0,2,"2026-06-03 13:40:59"
4262,"5da76c5ae887ee0b12ea2943b1e7993987023e94",LH:95|RH:67|TF:0|LE:0|RE:0|MO:0|SH:0|WA:59|FT:0,3,"2026-06-03 13:40:59"
4263,c2eae3604d11c7b2fcfbc2bc9c867ce0f0317f0a,LH:63|RH:95|TF:0|LE:0|RE:0|MO:0|SH:0|WA:57|FT:0,3,"2026-06-03 13:40:59"
4264,aee2c692b871b3cb0beb2d2b265e5483e0080bf1,LH:63|RH:67|TF:0|LE:0|RE:0|MO:0|SH:27|WA:60|FT:0,4,"2026-06-03 13:40:59"
4265,ec616139b122f26b6de5dc4e6f9a221fdf0d791f,LH:73|RH:67|TF:0|LE:0|RE:0|MO:0|SH:0|WA:60|FT:0,3,"2026-06-03 13:40:59"
4266,"7655340f641fe3c2e135ba06fc2a46add65a7e00",LH:63|RH:0|TF:0|LE:0|RE:0|MO:0|SH:0|WA:26|FT:0,2,"2026-06-03 13:40:59"
4267,c9a8a0cff49e1b80a46ff35f162f192f1d99c996,LH:41|RH:0|TF:0|LE:0|RE:0|MO:67|SH:0|WA:0|FT:0,2,"2026-06-03 13:40:59"
4268,e36f898f208e4b6bc5171bb9062cf1c8e33df0e5,LH:0|RH:73|TF:0|LE:0|RE:0|MO:0|SH:27|WA:56|FT:0,3,"2026-06-03 13:40:59"
4269,f13ad1e0f9d5fa78076331f33434abf1dc18b74c,LH:41|RH:63|TF:0|LE:0|RE:0|MO:0|SH:0|WA:57|FT:0,3,"2026-06-03 13:40:59"
4270,"75c170d708e119b6e0b7546d4bab8a5ed49f4ee9",LH:0|RH:132|TF:0|LE:0|RE:0|MO:0|SH:0|WA:0|FT:0,1,"2026-06-03 13:40:59"
4271,"44a14afdbe841aa3072065a89212a250556d32fd",LH:0|RH:64|TF:0|LE:0|RE:0|MO:0|SH:0|WA:56|FT:0,2,"2026-06-03 13:40:59"
4272,eb872aeeedce4a756a7fe67bf7fbeb7c62a7e33d,LH:0|RH:95|TF:0|LE:0|RE:0|MO:0|SH:0|WA:57|FT:0,2,"2026-06-03 13:40:59"
4273,c97d3bb2736041e5e2e658aa13d61f47d7851cd8,LH:0|RH:63|TF:0|LE:0|RE:0|MO:0|SH:0|WA:57|FT:57,3,"2026-06-03 13:40:59"
4274,d8d5d14c033a989de739e6c9c40506b060f90de3,LH:0|RH:58|TF:0|LE:0|RE:0|MO:0|SH:27|WA:56|FT:0,3,"2026-06-03 13:40:59"
4275,"86286a9bb51c3a5ba3646f93fec7a0ca48a9d993",LH:73|RH:67|TF:0|LE:0|RE:0|MO:0|SH:0|WA:57|FT:0,3,"2026-06-03 13:40:59"
4276,"33b78f1bcbf1bf9686b4f303bdc84c149ff470a0",LH:67|RH:63|TF:0|LE:0|RE:0|MO:67|SH:0|WA:0|FT:0,3,"2026-06-03 13:40:59"
4277,d8be584e29290ff2f5ec04e6247299b61058852d,LH:82|RH:0|TF:0|LE:0|RE:0|MO:0|SH:0|WA:60|FT:0,2,"2026-06-03 13:40:59"
4278,"1009f6c4dfb1cbdf620c44515b1b2b8bbefb5cac",LH:0|RH:63|TF:0|LE:0|RE:0|MO:0|SH:27|WA:56|FT:56,4,"2026-06-03 13:40:59"
4279,"1d522d97b358a145c369b9a83ee106c3f5415153",LH:63|RH:58|TF:0|LE:0|RE:0|MO:0|SH:0|WA:60|FT:0,3,"2026-06-03 13:40:59"
4280,"95464ba39b5d711baa57abe063326a1843ea15c1",LH:73|RH:41|TF:0|LE:0|RE:0|MO:0|SH:0|WA:60|FT:0,3,"2026-06-03 13:40:59"
4281,"70599f8912a99a95c39a112cafdbf85beb45b66e",LH:0|RH:41|TF:0|LE:0|RE:0|MO:0|SH:26|WA:26|FT:0,3,"2026-06-03 13:40:59"
4282,"14dbd7d3ca4cfa78b5ab9eb5a8586663b2307887",LH:67|RH:0|TF:0|LE:0|RE:0|MO:0|SH:26|WA:0|FT:0,2,"2026-06-03 13:40:59"
4283,"49009d75861888b116f4ed92c99dde3b6532b3b4",LH:73|RH:63|TF:0|LE:0|RE:0|MO:0|SH:0|WA:60|FT:0,3,"2026-06-03 13:40:59"
4284,d4bc41cddc929af770234fdc876676be093230b7,LH:63|RH:67|TF:0|LE:0|RE:0|MO:0|SH:27|WA:56|FT:0,4,"2026-06-03 13:40:59"
4285,abec60520ef0e32250d06882e7908fb646d83e04,LH:0|RH:66|TF:0|LE:0|RE:0|MO:0|SH:0|WA:56|FT:0,2,"2026-06-03 13:40:59"
4286,"70db1198a1f0894a5cb1749cf77326e9b70577da",LH:0|RH:95|TF:0|LE:0|RE:0|MO:0|SH:0|WA:60|FT:0,2,"2026-06-03 13:40:59"
4287,"8658f7911bc8f8737083be9da9eccabbebdc3512",LH:67|RH:63|TF:0|LE:0|RE:0|MO:73|SH:0|WA:73|FT:0,4,"2026-06-03 13:40:59"
4288,"212fc866a2817fb877ff94cb1b0411c3ef39b046",LH:0|RH:62|TF:0|LE:0|RE:0|MO:0|SH:0|WA:56|FT:0,2,"2026-06-03 13:40:59"
4289,"56f583bbef1e92124dd79b65bf08b94c2d2b3ca7",LH:63|RH:0|TF:0|LE:0|RE:0|MO:0|SH:0|WA:66|FT:0,2,"2026-06-03 13:40:59"
4290,"7a1b9f65b366cdfdeafce08924c7a84ef9632d5a",LH:95|RH:0|TF:0|LE:0|RE:0|MO:0|SH:0|WA:60|FT:0,2,"2026-06-03 13:40:59"
4291,c10709caafa12e47a92b5e224c6f600359b56cfe,LH:62|RH:64|TF:0|LE:0|RE:0|MO:0|SH:0|WA:0|FT:0,2,"2026-06-03 13:40:59"
4292,cc9506efbd8b1310f190df5231245bead60eb440,LH:41|RH:63|TF:0|LE:0|RE:0|MO:0|SH:0|WA:67|FT:0,3,"2026-06-03 13:40:59"
4293,a0af52f239cd2362ecc6e5c7b2e058f1b8a97b36,LH:63|RH:0|TF:0|LE:0|RE:0|MO:0|SH:0|WA:57|FT:0,2,"2026-06-03 13:40:59"
4294,"4a27c95c731b76c45adae861fdef456b09ccabfd",LH:67|RH:2|TF:0|LE:0|RE:0|MO:0|SH:27|WA:0|FT:0,3,"2026-06-03 13:40:59"
4295,"49f055f68ee6ea5d20fb00ad8b8b94059f69abb3",LH:0|RH:73|TF:0|LE:0|RE:0|MO:0|SH:0|WA:59|FT:0,2,"2026-06-03 13:40:59"
4296,"14331225ba24e4c7c69af7f881b3b9868488c63d",LH:1|RH:1|TF:0|LE:0|RE:0|MO:0|SH:0|WA:24|FT:0,3,"2026-06-03 13:40:59"
4297,"95f75b94e895b3bf0d5f0950bcf3d0b23db09621",LH:58|RH:63|TF:0|LE:0|RE:0|MO:0|SH:0|WA:60|FT:0,3,"2026-06-03 13:40:59"
4298,f62de03159d38801d924473406ba2d4f3beb128e,LH:67|RH:0|TF:0|LE:0|RE:0|MO:0|SH:27|WA:60|FT:0,3,"2026-06-03 13:40:59"
4299,"85e98587bf035b678c1e4d0ec4a2f8cb1e869d96",LH:95|RH:67|TF:0|LE:0|RE:0|MO:0|SH:0|WA:57|FT:0,3,"2026-06-03 13:40:59"
4300,"046553cb9f42e4ef07456d156c303ba4f569d526",LH:80|RH:0|TF:0|LE:0|RE:0|MO:0|SH:0|WA:56|FT:0,2,"2026-06-03 13:40:59"
4301,cf1817bb01eafef91b64ef00128ed765bf0f141f,LH:0|RH:80|TF:0|LE:0|RE:0|MO:0|SH:0|WA:56|FT:0,2,"2026-06-03 13:40:59"
4302,c15e095cefd6503ea92ed423844e81c3ddf31d3f,LH:0|RH:87|TF:0|LE:0|RE:0|MO:0|SH:0|WA:0|FT:0,1,"2026-06-03 13:40:59"
4303,"136cfff7b750e38713ad28a372b26a8a2fa8ffda",LH:41|RH:0|TF:0|LE:0|RE:0|MO:0|SH:0|WA:67|FT:0,2,"2026-06-03 13:40:59"
4304,d67e5082f84706649f70390e1184cbf9910b4605,LH:0|RH:63|TF:0|LE:0|RE:0|MO:0|SH:0|WA:66|FT:0,2,"2026-06-03 13:40:59"
4305,"36df1d1b20752a7c0a8bd32b20ec4db816738bc6",LH:0|RH:45|TF:0|LE:0|RE:0|MO:0|SH:0|WA:60|FT:0,2,"2026-06-03 13:40:59"
4306,"5aa03a172e1826f76ad41944c9580e578ee918cb",LH:63|RH:0|TF:0|LE:0|RE:0|MO:0|SH:27|WA:56|FT:56,4,"2026-06-03 13:40:59"
4307,f50b837489d969962ecf67a1c9c8c6992073c574,LH:0|RH:63|TF:0|LE:0|RE:0|MO:0|SH:27|WA:60|FT:0,3,"2026-06-03 13:40:59"
4308,e1e1553a795928137cae95019a3d87ecd248361a,LH:0|RH:67|TF:0|LE:0|RE:0|MO:0|SH:0|WA:66|FT:0,2,"2026-06-03 13:40:59"
4309,"882cfacb119af385895259c3bef2232286fd8c47",LH:95|RH:63|TF:0|LE:0|RE:0|MO:0|SH:0|WA:59|FT:0,3,"2026-06-03 13:40:59"
4310,"48beb7687e8690d372be2d89fc4f9c9c9af5613c",LH:0|RH:63|TF:0|LE:0|RE:0|MO:0|SH:67|WA:0|FT:0,2,"2026-06-03 13:40:59"
4311,"321ef622f4d2a8103411b3659d5cbe099d18ff93",LH:63|RH:41|TF:0|LE:0|RE:0|MO:41|SH:0|WA:0|FT:0,3,"2026-06-03 13:40:59"
4312,ec21f78d50173ca398ee8e8beac446a63ffa3045,LH:63|RH:73|TF:0|LE:0|RE:0|MO:41|SH:0|WA:0|FT:0,3,"2026-06-03 13:40:59"
4313,"989d68b7f43ae6fd882abf69798aa677160b5552",LH:0|RH:73|TF:0|LE:0|RE:0|MO:0|SH:0|WA:57|FT:57,3,"2026-06-03 13:40:59"
4314,ffec8a3bfcaddff6e1fb129d3b4485f016ae5bec,LH:41|RH:63|TF:92|LE:0|RE:0|MO:0|SH:0|WA:0|FT:0,3,"2026-06-03 13:40:59"
4315,"5371ccd5bec675f6b78a25bc18a557c51c18d625",LH:41|RH:67|TF:0|LE:0|RE:0|MO:0|SH:26|WA:26|FT:0,4,"2026-06-03 13:40:59"
4316,"3d1aa0a2459ded4ecd2e2cd0afe88edb0c35a541",LH:63|RH:63|TF:0|LE:0|RE:0|MO:0|SH:95|WA:57|FT:0,4,"2026-06-03 13:40:59"
4317,"8fb6b512d8770435abdd989b257ddaa4599da206",LH:95|RH:0|TF:0|LE:0|RE:0|MO:0|SH:0|WA:57|FT:0,2,"2026-06-03 13:40:59"
4318,"9473dd5e4c7a55dd793aff468570f0a1793d3254",LH:0|RH:0|TF:0|LE:0|RE:0|MO:0|SH:27|WA:57|FT:0,2,"2026-06-03 13:40:59"
4319,"636df2ff975b24649b6dfa9416d925ab088edb21",LH:67|RH:95|TF:0|LE:0|RE:0|MO:0|SH:0|WA:60|FT:0,3,"2026-06-03 13:40:59"
4320,"8c65fe2bd732a58fdfe9d039ef476f23930074ff",LH:63|RH:63|TF:0|LE:0|RE:0|MO:0|SH:92|WA:0|FT:0,3,"2026-06-03 13:40:59"
4321,a370b6c8c69916e9c17eb3b99bb70cc2223f8ee5,LH:87|RH:0|TF:0|LE:0|RE:0|MO:0|SH:0|WA:0|FT:0,1,"2026-06-03 13:40:59"
4322,"9bc362e2dfd914cee0639195f83c07b1c6a5a748",LH:0|RH:41|TF:92|LE:0|RE:0|MO:0|SH:0|WA:0|FT:0,2,"2026-06-03 13:40:59"
4323,cb175dfde7042485fcd2c731554a9a428f4aa39d,LH:73|RH:63|TF:0|LE:0|RE:0|MO:41|SH:0|WA:0|FT:0,3,"2026-06-03 13:40:59"
4324,"08261a8054d3b2a7a9721129aa68b12e97129110",LH:0|RH:0|TF:0|LE:0|RE:0|MO:0|SH:0|WA:66|FT:0,1,"2026-06-03 13:40:59"
4325,"8dc7b920594b13b6030331eafcf33bc37220cc4a",LH:83|RH:95|TF:0|LE:0|RE:0|MO:0|SH:83|WA:83|FT:0,4,"2026-06-03 13:40:59"
4326,a5930440a32dedccfd8ae3635b262ebf4a7ffc59,LH:0|RH:95|TF:0|LE:0|RE:0|MO:0|SH:83|WA:83|FT:83,4,"2026-06-03 13:40:59"
4327,"2ff0bc099945f49762ef78224a458c2ccb9e2ce3",LH:95|RH:63|TF:0|LE:0|RE:0|MO:0|SH:0|WA:57|FT:0,3,"2026-06-03 13:40:59"
4328,"78fdf0e9251a03516a1a5803cd840e80c285e8d8",LH:0|RH:73|TF:0|LE:0|RE:0|MO:0|SH:0|WA:60|FT:0,2,"2026-06-03 13:40:59"
4329,adc2dc97ac278eb42212c2ecded77282c3c43606,LH:0|RH:67|TF:0|LE:0|RE:0|MO:0|SH:0|WA:28|FT:0,2,"2026-06-03 13:40:59"
4330,"36a1249cd04a50f510b5a320989cad439f7fe2a0",LH:0|RH:67|TF:0|LE:0|RE:0|MO:0|SH:24|WA:0|FT:0,2,"2026-06-03 13:40:59"
4331,"47069f96db1ec13df6e447016b439d4dc986b2d9",LH:0|RH:0|TF:0|LE:0|RE:0|MO:0|SH:27|WA:28|FT:28,3,"2026-06-03 13:40:59"
4332,a45dbdd817f6761814a9b1908b233a0d07a03967,LH:63|RH:95|TF:0|LE:0|RE:0|MO:0|SH:0|WA:59|FT:0,3,"2026-06-03 13:40:59"
4333,"18e371acbd4f501a11f02e73aaf16b90d14fb486",LH:64|RH:64|TF:0|LE:0|RE:0|MO:0|SH:0|WA:56|FT:0,3,"2026-06-03 13:40:59"
4334,ed5340aa41ba6d3081834d29843a05dbab4e15ea,LH:63|RH:0|TF:0|LE:0|RE:0|MO:0|SH:0|WA:59|FT:0,2,"2026-06-03 13:40:59"
4335,"2581c1bf6c8d9741e322b3d532f1b6aa9d589a1a",LH:0|RH:63|TF:0|LE:0|RE:0|MO:0|SH:0|WA:60|FT:60,3,"2026-06-03 13:40:59"
4336,b87a02fea16ce7afc82d666ee428c7bbab4939b2,LH:73|RH:63|TF:0|LE:0|RE:0|MO:0|SH:0|WA:57|FT:0,3,"2026-06-03 13:40:59"
4337,"376faba51feafe6a187796ae8734db329bfa2ebb",LH:4|RH:4|TF:0|LE:0|RE:0|MO:0|SH:27|WA:0|FT:0,3,"2026-06-03 13:40:59"
4338,"6e5928bae54b10639b6a5c505fa2473e36e5c22d",LH:67|RH:63|TF:0|LE:0|RE:0|MO:0|SH:0|WA:60|FT:60,4,"2026-06-03 13:40:59"
4339,"9de795ba3282211a3c225044620b799f0e688c2e",LH:0|RH:0|TF:0|LE:0|RE:0|MO:0|SH:0|WA:65|FT:0,1,"2026-06-03 13:40:59"
4340,f16e5e21434cb65a0027ddfb2ae393f903e64a4d,LH:95|RH:0|TF:0|LE:0|RE:0|MO:0|SH:0|WA:59|FT:0,2,"2026-06-03 13:40:59"
4341,b21132a3d53483ce8db4da75e59c4113b7843e15,LH:0|RH:63|TF:0|LE:0|RE:0|MO:41|SH:0|WA:60|FT:0,3,"2026-06-03 13:40:59"
4342,e9382c7c94d85270e4397015392694598d8dbdfd,LH:0|RH:63|TF:0|LE:0|RE:0|MO:41|SH:0|WA:41|FT:0,3,"2026-06-03 13:40:59"
4343,"83ef560de6187d45e0ee1e2855e2069c3bda1f9a",LH:41|RH:0|TF:0|LE:0|RE:0|MO:0|SH:0|WA:66|FT:0,2,"2026-06-03 13:40:59"
4344,"6da49f1394a117dd9cbad19910b09e76f12a61fb",LH:41|RH:63|TF:0|LE:0|RE:0|MO:73|SH:0|WA:0|FT:0,3,"2026-06-03 13:40:59"
4345,"822c616d4dced2eed02f443c5cfd5131de702839",LH:132|RH:0|TF:0|LE:0|RE:0|MO:0|SH:0|WA:0|FT:0,1,"2026-06-03 13:40:59"
4346,"273cadd2e372db4308f2f73754c85a7d1d9ad122",LH:58|RH:64|TF:0|LE:0|RE:0|MO:0|SH:0|WA:0|FT:0,2,"2026-06-03 13:40:59"
4347,"6aebb202f666e9b0781bc57c33fc28d6bca8303f",LH:63|RH:0|TF:0|LE:0|RE:0|MO:0|SH:0|WA:57|FT:57,3,"2026-06-03 13:40:59"
4348,"54373b04539a8ce6061c580b974ddd0494f7adba",LH:63|RH:63|TF:0|LE:0|RE:0|MO:0|SH:27|WA:57|FT:0,4,"2026-06-03 13:40:59"
4349,"83e20852c3bc017855d796a9963cee22bb5f275d",LH:67|RH:58|TF:0|LE:0|RE:0|MO:0|SH:0|WA:56|FT:0,3,"2026-06-03 13:40:59"
4350,"1e4dfff75c2c5b82663dc3c21de770078b771517",LH:67|RH:63|TF:0|LE:0|RE:0|MO:0|SH:0|WA:57|FT:57,4,"2026-06-03 13:40:59"
4351,c2e6cf51efe147f9395705be1c91e34d338f3884,LH:67|RH:95|TF:0|LE:0|RE:0|MO:0|SH:83|WA:83|FT:0,4,"2026-06-03 13:40:59"
4352,"833ebf2344d4895fcbc99da1c6387d6fdaf12ad0",LH:58|RH:63|TF:0|LE:0|RE:0|MO:0|SH:0|WA:57|FT:0,3,"2026-06-03 13:40:59"
4353,e27bce2240a6f9a8fe12478debcc35743fb51224,LH:63|RH:67|TF:0|LE:0|RE:0|MO:0|SH:0|WA:67|FT:0,3,"2026-06-03 13:40:59"
4354,aa163ff92ddbb1a844f5eda8f2c7e12b943864cb,LH:73|RH:0|TF:0|LE:0|RE:0|MO:0|SH:0|WA:57|FT:57,3,"2026-06-03 13:40:59"
4355,"60d06f1b652092579df6d885cf9587615aa06535",LH:67|RH:95|TF:0|LE:0|RE:0|MO:0|SH:0|WA:57|FT:0,3,"2026-06-03 13:40:59"
4356,"73f2c27d1644c07692bb028050e076c54d721599",LH:63|RH:67|TF:0|LE:0|RE:0|MO:67|SH:0|WA:0|FT:0,3,"2026-06-03 13:40:59"
4357,bcc3ebced1e5ceefd28f5519d57bdffc31b89a69,LH:63|RH:67|TF:0|LE:0|RE:0|MO:0|SH:0|WA:66|FT:0,3,"2026-06-03 13:40:59"
4358,b007e0bfd208ac52988366c2b197e8697925ab8f,LH:0|RH:39|TF:0|LE:0|RE:0|MO:0|SH:0|WA:60|FT:0,2,"2026-06-03 13:40:59"
4359,"7f7ed30ebf6e83e263d432f151941a3decdf9d9f",LH:63|RH:0|TF:74|LE:0|RE:0|MO:0|SH:0|WA:0|FT:0,2,"2026-06-03 13:40:59"
4360,c6c8913827aaa333bdd13fea086f45b03ad5f626,LH:67|RH:63|TF:0|LE:0|RE:0|MO:0|SH:0|WA:41|FT:0,3,"2026-06-03 13:40:59"
4361,ae1e7d3a601a4223fded53dd6b926680a13de375,LH:73|RH:0|TF:0|LE:0|RE:0|MO:0|SH:0|WA:57|FT:0,2,"2026-06-03 13:40:59"
4362,"0a6e7093734f36aac969f3584141af6fad3cc522",LH:0|RH:95|TF:0|LE:0|RE:0|MO:0|SH:0|WA:59|FT:0,2,"2026-06-03 13:40:59"
4363,"45868c4cb590b6b410612f3af12aa78076b993b4",LH:63|RH:41|TF:0|LE:0|RE:0|MO:67|SH:0|WA:67|FT:0,4,"2026-06-03 13:40:59"
4364,"7929f8e92b0db3fa2520239efae54b7110367bf9",LH:0|RH:63|TF:0|LE:0|RE:0|MO:0|SH:92|WA:0|FT:0,2,"2026-06-03 13:40:59"
4365,c0d51966808c39ebac50fee373b102dcc3aa549e,LH:2|RH:63|TF:0|LE:0|RE:0|MO:0|SH:0|WA:0|FT:0,2,"2026-06-03 13:40:59"
4366,"630acde874b5ba3ba8c89388bd0c7a3004dcc7df",LH:0|RH:67|TF:0|LE:0|RE:0|MO:0|SH:27|WA:60|FT:0,3,"2026-06-03 13:40:59"
4367,"981be5924fe9bb3e2aef93d0a41136388c6a0cdd",LH:63|RH:73|TF:0|LE:0|RE:0|MO:67|SH:0|WA:67|FT:0,4,"2026-06-03 13:40:59"
4368,"25e938390f2118ad4ba42de97872e4253b326652",LH:58|RH:67|TF:0|LE:0|RE:0|MO:0|SH:0|WA:56|FT:0,3,"2026-06-03 13:40:59"
4369,"85d300744899db0af7217a544a055733230755c6",LH:63|RH:0|TF:0|LE:0|RE:0|MO:0|SH:27|WA:57|FT:0,3,"2026-06-03 13:40:59"
4370,dbd45d88a9986f467452793675d8a304052d97c8,LH:95|RH:0|TF:0|LE:0|RE:0|MO:0|SH:0|WA:56|FT:0,2,"2026-06-03 13:40:59"
4371,"67223d51494ad04d4552353ead26cce34cc30764",LH:64|RH:41|TF:0|LE:0|RE:0|MO:0|SH:0|WA:0|FT:0,2,"2026-06-03 13:40:59"
4372,"4a5cb2032cb36582382de8c590cd7ef55f854af6",LH:62|RH:41|TF:0|LE:0|RE:0|MO:0|SH:0|WA:0|FT:0,2,"2026-06-03 13:40:59"
4373,e3032cac251ec3ea6d99ac63f14103548e5ca1bc,LH:63|RH:95|TF:0|LE:0|RE:0|MO:41|SH:0|WA:0|FT:0,3,"2026-06-03 13:40:59"
4374,a6ed793e7a7805ede48f5c818e9af05f3cb93fe2,LH:0|RH:132|TF:0|LE:0|RE:0|MO:0|SH:0|WA:56|FT:0,2,"2026-06-03 13:40:59"
4375,"52fd658007d9652fb75b8174e8d098af51f2e1b2",LH:0|RH:67|TF:0|LE:73|RE:0|MO:0|SH:0|WA:0|FT:0,2,"2026-06-03 13:40:59"
4376,"0e9f5efb11af1742c95b70377db427e81789ff14",LH:0|RH:67|TF:0|LE:0|RE:0|MO:0|SH:95|WA:0|FT:0,2,"2026-06-03 13:40:59"
4377,"126fa85ca7f9703524e7029e2fd9938b9024d733",LH:67|RH:95|TF:0|LE:0|RE:0|MO:0|SH:0|WA:57|FT:57,4,"2026-06-03 13:40:59"
4378,"027a8b130b78c49370f394c5aa9f23a2b40532a6",LH:41|RH:63|TF:0|LE:0|RE:0|MO:67|SH:0|WA:67|FT:0,4,"2026-06-03 13:40:59"
4379,b803af132b0f249d406c64b630095c95d24caf62,LH:41|RH:0|TF:0|LE:0|RE:0|MO:0|SH:27|WA:56|FT:0,3,"2026-06-03 13:40:59"
4380,"388b60ee90ff398e4589e1cefba0cf8f9ea270e0",LH:89|RH:89|TF:0|LE:0|RE:0|MO:0|SH:90|WA:0|FT:0,3,"2026-06-03 13:40:59"
4381,bdea934cbe69b08fb87c51d3ca8924991ceb2565,LH:95|RH:95|TF:0|LE:0|RE:0|MO:0|SH:0|WA:57|FT:0,3,"2026-06-03 13:40:59"
4382,"5824de1de2a99b03fd92407677bc0d70c74cb68c",LH:0|RH:0|TF:0|LE:0|RE:0|MO:0|SH:0|WA:63|FT:60,2,"2026-06-03 13:40:59"
4383,"83b24c7a42e872a8fe4934822b942f7122336ab8",LH:0|RH:73|TF:0|LE:0|RE:0|MO:41|SH:0|WA:0|FT:0,2,"2026-06-03 13:40:59"
4384,"431a5a0aac0ef5ab0cfaf19b291ee4c91f0fe035",LH:0|RH:41|TF:0|LE:0|RE:0|MO:0|SH:27|WA:60|FT:0,3,"2026-06-03 13:40:59"
4385,"31e2058525134bd59f35b2f1d47dc07b0cc3f3c8",LH:63|RH:0|TF:0|LE:0|RE:0|MO:0|SH:27|WA:56|FT:0,3,"2026-06-03 13:40:59"
4386,"94d41d7b9331ec941307c0d0dceb8fa841014f85",LH:41|RH:0|TF:0|LE:0|RE:0|MO:0|SH:27|WA:60|FT:0,3,"2026-06-03 13:40:59"
4387,a6756ee3beedef395b4b859b53b5801f1fa3f887,LH:82|RH:63|TF:0|LE:0|RE:0|MO:0|SH:27|WA:0|FT:0,3,"2026-06-03 13:40:59"
4388,"1539685023adae7ecdb3ecf27542d582fd32c382",LH:95|RH:63|TF:0|LE:0|RE:0|MO:41|SH:0|WA:0|FT:0,3,"2026-06-03 13:40:59"
4389,c02336e6924efa20cb4b203e6eb14931bb38c632,LH:63|RH:41|TF:92|LE:0|RE:0|MO:0|SH:0|WA:0|FT:0,3,"2026-06-03 13:40:59"
4390,"95b79ba585b1620473ca7a484cffa9574cf31607",LH:73|RH:0|TF:0|LE:0|RE:0|MO:0|SH:27|WA:56|FT:0,3,"2026-06-03 13:40:59"
4391,"237790cc883cb5442a00ae8ff4d289dd1d7b8124",LH:0|RH:63|TF:0|LE:0|RE:0|MO:0|SH:27|WA:63|FT:0,3,"2026-06-03 13:40:59"
4392,d4d3f972f6d169ff9d2f1e747cb9189ab74f1990,LH:67|RH:0|TF:0|LE:0|RE:0|MO:0|SH:95|WA:0|FT:0,2,"2026-06-03 13:40:59"
4393,"4a9d95cd17f0614940fd6f0b1d364c777ec7929b",LH:95|RH:63|TF:0|LE:0|RE:0|MO:0|SH:0|WA:57|FT:57,4,"2026-06-03 13:40:59"
4394,a83797f2c594ef92d5e33799880305b9493535cc,LH:67|RH:67|TF:0|LE:0|RE:0|MO:0|SH:0|WA:66|FT:0,3,"2026-06-03 13:40:59"
4395,"1add0ab2a1d24199ce72d6d8f76826d0b6d743da",LH:63|RH:67|TF:0|LE:0|RE:0|MO:0|SH:0|WA:41|FT:0,3,"2026-06-03 13:40:59"
4396,"453d96bcee767b3016e72949cfdab7386c09a0f8",LH:0|RH:63|TF:0|LE:0|RE:0|MO:0|SH:0|WA:59|FT:0,2,"2026-06-03 13:40:59"
4397,a7c8da869db0feae0e25dd1f6cc482fa26304c45,LH:132|RH:66|TF:0|LE:0|RE:0|MO:0|SH:0|WA:0|FT:0,2,"2026-06-03 13:40:59"
4398,"90ec37f5ffae2f1c115f92b5a959c46ab5900d7e",LH:67|RH:0|TF:0|LE:0|RE:0|MO:0|SH:0|WA:66|FT:0,2,"2026-06-03 13:40:59"
4399,"948f23313e457ba2870defdc54c19af918638b9e",LH:63|RH:75|TF:0|LE:0|RE:0|MO:0|SH:0|WA:0|FT:0,2,"2026-06-03 13:40:59"
4400,"02ac9fc1b083553c329aa0db01ed6ba9b929b674",LH:63|RH:63|TF:92|LE:0|RE:0|MO:0|SH:0|WA:57|FT:0,4,"2026-06-03 13:40:59"
4401,"982e931c1268531c2578bf95a41dc5fa52f5324d",LH:63|RH:63|TF:0|LE:0|RE:0|MO:41|SH:0|WA:67|FT:0,4,"2026-06-03 13:40:59"
4402,d87d42026baa6711524b7beeb6744c5ccf0fe840,LH:41|RH:0|TF:0|LE:0|RE:0|MO:41|SH:0|WA:0|FT:0,2,"2026-06-03 13:40:59"
4403,c7bb5c4ebaa0fbc7b41436b69e78096a73cc8bc2,LH:0|RH:89|TF:0|LE:0|RE:0|MO:0|SH:90|WA:0|FT:0,2,"2026-06-03 13:40:59"
4404,"4faee079aef49f73dac0a5fb8bd3bedc6fa9caac",LH:63|RH:41|TF:0|LE:0|RE:0|MO:0|SH:0|WA:60|FT:60,4,"2026-06-03 13:40:59"
4405,"2f7e23509203bf6bb5d02c162b6d30844910f817",LH:63|RH:0|TF:0|LE:0|RE:0|MO:41|SH:27|WA:0|FT:0,3,"2026-06-03 13:40:59"
4406,e346be44c90c3c077f078c849739dade59f3d86a,LH:66|RH:58|TF:0|LE:0|RE:0|MO:0|SH:0|WA:0|FT:0,2,"2026-06-03 13:40:59"
4407,"46457ad34f959dc13cc8b8ea0f65f130d0b79714",LH:63|RH:67|TF:0|LE:0|RE:0|MO:67|SH:0|WA:67|FT:0,4,"2026-06-03 13:40:59"
4408,cfe0cc5a054f06840e442255235359598629fda3,LH:62|RH:0|TF:0|LE:0|RE:0|MO:0|SH:0|WA:56|FT:56,3,"2026-06-03 13:40:59"
4409,"630f1c673eeee6f1b76f0c3f1f283f82248de6ca",LH:0|RH:62|TF:0|LE:0|RE:0|MO:0|SH:0|WA:66|FT:0,2,"2026-06-03 13:40:59"
4410,af2803e551b1f8cd73f223504cbf85e341179fc8,LH:64|RH:0|TF:0|LE:0|RE:0|MO:0|SH:0|WA:56|FT:0,2,"2026-06-03 13:40:59"
4411,e1540af5dcedb64f0b96696ccb3eddf14019d0ca,LH:63|RH:58|TF:0|LE:0|RE:0|MO:0|SH:0|WA:57|FT:0,3,"2026-06-03 13:40:59"
4412,"6e67f00fcc7d706ff9b5eaaa8ae702ec3d2aee6a",LH:8|RH:8|TF:0|LE:0|RE:0|MO:0|SH:27|WA:0|FT:0,3,"2026-06-03 13:40:59"
4413,"4be06b9aaf87135e1735a283fa2a0cb371cdf642",LH:0|RH:73|TF:0|LE:0|RE:0|MO:0|SH:0|WA:57|FT:0,2,"2026-06-03 13:40:59"
4414,"0bb6da309435779e4a1da6f9c44c035e97e679cc",LH:132|RH:67|TF:0|LE:0|RE:0|MO:0|SH:0|WA:0|FT:0,2,"2026-06-03 13:40:59"
4415,b9adf6eb4dbe292573792deeecfb2137bb242fba,LH:63|RH:63|TF:0|LE:0|RE:0|MO:0|SH:0|WA:45|FT:0,3,"2026-06-03 13:40:59"
4416,f6d781091296dc6581ace6cf6c85548075b795b9,LH:26|RH:1|TF:0|LE:0|RE:0|MO:0|SH:27|WA:0|FT:0,3,"2026-06-03 13:40:59"
4417,b4178dddbbf6130a2994bd004540359604d76005,LH:58|RH:0|TF:0|LE:0|RE:0|MO:0|SH:27|WA:63|FT:0,3,"2026-06-03 13:40:59"
4418,"4d609c1e40a795b5897e1a100951e85e4f53c026",LH:63|RH:73|TF:0|LE:0|RE:0|MO:0|SH:0|WA:60|FT:0,3,"2026-06-03 13:40:59"
4419,"99a983bf8072b335753199e683586bc46f4efae3",LH:0|RH:63|TF:0|LE:0|RE:0|MO:0|SH:27|WA:73|FT:0,3,"2026-06-03 13:40:59"
4420,b56de4156a8738a7a6f328e5c21b6cbe364d4456,LH:63|RH:73|TF:0|LE:0|RE:0|MO:0|SH:0|WA:57|FT:0,3,"2026-06-03 13:40:59"
4421,"97017ba6c76b005abaee2d9b8500bac3a5893455",LH:63|RH:0|TF:0|LE:0|RE:0|MO:0|SH:0|WA:60|FT:60,3,"2026-06-03 13:40:59"
4422,c7d897e8d4b87e1bb5a7b3efeb31e9dae520b344,LH:0|RH:95|TF:0|LE:0|RE:0|MO:0|SH:0|WA:56|FT:0,2,"2026-06-03 13:40:59"
4423,e1a8afee3d5f2292b198f1ae36aef9d5c2299944,LH:63|RH:73|TF:0|LE:0|RE:0|MO:0|SH:0|WA:67|FT:0,3,"2026-06-03 13:40:59"
4424,af3b0ac70df38a7c6ef5b71310fdfd71cb4d2731,LH:67|RH:0|TF:0|LE:0|RE:0|MO:0|SH:27|WA:56|FT:56,4,"2026-06-03 13:40:59"
4425,"7fc6eb52790ae8f256485022a4dc50a93fb998ec",LH:63|RH:67|TF:0|LE:0|RE:0|MO:0|SH:0|WA:57|FT:0,3,"2026-06-03 13:40:59"
4426,"37abd266b19f3227ec87a25bafddf799bd36e1ed",LH:0|RH:82|TF:0|LE:0|RE:0|MO:0|SH:0|WA:56|FT:0,2,"2026-06-03 13:40:59"
4427,"8985f6f2ba458c77e4f4ceefb6774714d81d6a27",LH:63|RH:0|TF:0|LE:0|RE:0|MO:41|SH:0|WA:60|FT:0,3,"2026-06-03 13:40:59"
4428,"920e5f98b690748109514a38735e8ebdf5a5d23a",LH:63|RH:73|TF:0|LE:0|RE:0|MO:0|SH:0|WA:63|FT:0,3,"2026-06-03 13:40:59"
4429,"5dd0ce53bc42246f3525fe9a2032f85f0c4158e9",LH:0|RH:94|TF:0|LE:0|RE:0|MO:0|SH:0|WA:60|FT:0,2,"2026-06-03 13:40:59"
4430,d7b44b2b24a19ee319bab43bca4dd7fa30063666,LH:109|RH:0|TF:0|LE:0|RE:0|MO:0|SH:27|WA:0|FT:0,2,"2026-06-03 13:40:59"
4431,e31ab5bda0c725887337ad920bfb33b0267324e0,LH:0|RH:67|TF:0|LE:0|RE:0|MO:0|SH:0|WA:59|FT:0,2,"2026-06-03 13:40:59"
4432,"541f2d45385fef49e2bf22ed2f4b18e9f24ec4d5",LH:41|RH:92|TF:0|LE:0|RE:0|MO:0|SH:0|WA:0|FT:0,2,"2026-06-03 13:40:59"
4433,d837438501db01aacfe30a0e9b0233a47c9a1168,LH:66|RH:64|TF:0|LE:0|RE:0|MO:0|SH:27|WA:0|FT:0,3,"2026-06-03 13:40:59"
4434,"216ef36e4f88375931c1f17a69848958f4f66d95",LH:66|RH:63|TF:0|LE:0|RE:0|MO:0|SH:0|WA:56|FT:0,3,"2026-06-03 13:40:59"
4435,"5477a18718e3717d98823ce7c35a471b7a566bc7",LH:63|RH:0|TF:0|LE:0|RE:0|MO:0|SH:0|WA:41|FT:0,2,"2026-06-03 13:40:59"
4436,d1871f848e771d683303736c24993c67b8eaa885,LH:63|RH:64|TF:0|LE:0|RE:0|MO:0|SH:0|WA:66|FT:0,3,"2026-06-03 13:40:59"
4437,"61f8869431bb96e014685ff00c0a2a1d31e9cac6",LH:62|RH:0|TF:0|LE:0|RE:0|MO:0|SH:0|WA:56|FT:0,2,"2026-06-03 13:40:59"
4438,e5e0b63ac9f5cdb40b1ddf426a93440d5e0e0e59,LH:0|RH:63|TF:0|LE:0|RE:0|MO:0|SH:0|WA:59|FT:59,3,"2026-06-03 13:40:59"
4439,e77e84a8fe6257fc725e3f5d8e6ccdece7f8a97d,LH:67|RH:63|TF:0|LE:0|RE:0|MO:0|SH:0|WA:67|FT:0,3,"2026-06-03 13:40:59"
4440,"551991404b37a98122076d07488036ee158ca388",LH:63|RH:0|TF:0|LE:0|RE:0|MO:41|SH:0|WA:56|FT:0,3,"2026-06-03 13:40:59"
4441,"9347a9348ab8e46a63a7d42c9d3b6c4f93a90033",LH:41|RH:73|TF:0|LE:0|RE:0|MO:0|SH:0|WA:60|FT:0,3,"2026-06-03 13:40:59"
4442,f610bd385b682204cca4733d41b0ced522d4b5dd,LH:63|RH:67|TF:0|LE:0|RE:0|MO:0|SH:0|WA:60|FT:60,4,"2026-06-03 13:40:59"
4443,"4f1c8e5e487aeb87cc73f4ae41c850d62f81fed9",LH:1|RH:67|TF:0|LE:0|RE:0|MO:0|SH:27|WA:0|FT:0,3,"2026-06-03 13:40:59"
4444,"9f2dc8bdb2e54dbbe91e930e96ed2f0d5f78e5e4",LH:0|RH:0|TF:0|LE:0|RE:0|MO:0|SH:95|WA:0|FT:0,1,"2026-06-03 13:40:59"
4445,b4e0d0fcf5ed58e40415752a53ef97e8cf0060e4,LH:0|RH:67|TF:0|LE:0|RE:0|MO:0|SH:90|WA:0|FT:0,2,"2026-06-03 13:40:59"
4446,e0af37dd2546d5e68a306f32538a3a97e1d35672,LH:67|RH:132|TF:0|LE:0|RE:0|MO:0|SH:0|WA:0|FT:0,2,"2026-06-03 13:40:59"
4447,"8e97c282868b5391597df4076e7a1d68e3950b58",LH:74|RH:0|TF:0|LE:0|RE:0|MO:0|SH:0|WA:56|FT:0,2,"2026-06-03 13:40:59"
4448,"390e23cfcbef55f07cd26fe44ff231bf9c93a9cf",LH:63|RH:0|TF:0|LE:0|RE:0|MO:0|SH:27|WA:60|FT:0,3,"2026-06-03 13:40:59"
4449,d3d4e477b9c61f631110290403fe78a9df86453c,LH:63|RH:64|TF:0|LE:0|RE:0|MO:0|SH:0|WA:56|FT:0,3,"2026-06-03 13:40:59"
4450,"5b15fc567f63838fe87c0662a978e91ef95a145d",LH:67|RH:0|TF:0|LE:0|RE:0|MO:0|SH:27|WA:56|FT:0,3,"2026-06-03 13:40:59"
4451,fb2ba4aec3499838a588e5d274c3ad20c056b833,LH:34|RH:0|TF:0|LE:0|RE:0|MO:0|SH:27|WA:0|FT:0,2,"2026-06-03 13:40:59"
4452,"91b9922c9886409d4cc6cdf77dd5ab1e74b46754",LH:67|RH:66|TF:0|LE:0|RE:0|MO:0|SH:0|WA:56|FT:0,3,"2026-06-03 13:40:59"
4453,b70eb475754786743d58bca24d2f72e7c5bc0079,LH:67|RH:63|TF:0|LE:0|RE:0|MO:0|SH:27|WA:56|FT:0,4,"2026-06-03 13:40:59"
4454,"285f546c0fc98f556735f3aa9500da05672ee927",LH:0|RH:64|TF:0|LE:0|RE:0|MO:0|SH:0|WA:66|FT:0,2,"2026-06-03 13:40:59"
4455,db66b45f1899933e47aa2e3c2a1127cc2cc24eba,LH:26|RH:0|TF:0|LE:0|RE:0|MO:0|SH:0|WA:56|FT:0,2,"2026-06-03 13:40:59"
4456,effe8366f3280ef1788fb9475138f8d3117dcfb8,LH:39|RH:0|TF:0|LE:0|RE:0|MO:0|SH:0|WA:60|FT:0,2,"2026-06-03 13:40:59"
4457,"80d9f374bae087cac61a4aa68a1120eabe7b2e9e",LH:82|RH:82|TF:82|LE:0|RE:0|MO:0|SH:0|WA:0|FT:0,3,"2026-06-03 13:40:59"
4458,"0eb359955662d5f700f03bf52b8c0c0e52b53944",LH:0|RH:0|TF:0|LE:0|RE:0|MO:0|SH:27|WA:57|FT:57,3,"2026-06-03 13:40:59"
4459,"8c17297e6ba1f7727e75dc66366900bd68b42d85",LH:63|RH:63|TF:0|LE:0|RE:0|MO:67|SH:27|WA:67|FT:0,5,"2026-06-03 13:40:59"
4460,"454d5cc170e4c536ab451ea4b8d0e6c8d5901682",LH:63|RH:95|TF:0|LE:0|RE:0|MO:67|SH:0|WA:67|FT:0,4,"2026-06-03 13:40:59"
4461,"0bedb7266676b5201b05e17bfd999ea5f674e4c6",LH:0|RH:0|TF:0|LE:0|RE:0|MO:0|SH:27|WA:59|FT:59,3,"2026-06-03 13:40:59"
4462,d34e768ba80a0782748ed40477656ea969ce5594,LH:0|RH:0|TF:0|LE:0|RE:0|MO:0|SH:27|WA:59|FT:0,2,"2026-06-03 13:40:59"
4463,"68146c266ef02a264a3f415adb540d57182076d5",LH:41|RH:0|TF:0|LE:0|RE:0|MO:0|SH:27|WA:63|FT:0,3,"2026-06-03 13:40:59"
4464,d068e70ee7f7fe0cdc202030f18351d07b237f61,LH:73|RH:0|TF:0|LE:0|RE:0|MO:0|SH:27|WA:56|FT:56,4,"2026-06-03 13:40:59"
4465,daf06d55d7131ca038eff1998a3c722e5f308723,LH:87|RH:87|TF:0|LE:0|RE:0|MO:0|SH:0|WA:0|FT:0,2,"2026-06-03 13:40:59"
4466,"4390b1c77e3bc14536b62e2b1d62271f43a0dfab",LH:95|RH:63|TF:0|LE:0|RE:0|MO:0|SH:0|WA:73|FT:0,3,"2026-06-03 13:40:59"
4467,a222828e68adf967487a159cc3eabada090d83d2,LH:0|RH:63|TF:0|LE:0|RE:0|MO:41|SH:0|WA:56|FT:0,3,"2026-06-03 13:40:59"
4468,"095c329f7f88d7f6d8816f40043747be8a4b651e",LH:63|RH:63|TF:0|LE:0|RE:0|MO:67|SH:0|WA:60|FT:0,4,"2026-06-03 13:40:59"
4469,"12960ebcacba1d37be40ce76bca2fc8ad4e74d33",LH:0|RH:76|TF:0|LE:0|RE:0|MO:0|SH:0|WA:63|FT:0,2,"2026-06-03 13:40:59"
4470,"5041f63768ad38d73a0495b4947b1722dc28c9ed",LH:73|RH:63|TF:0|LE:0|RE:0|MO:73|SH:0|WA:0|FT:0,3,"2026-06-03 13:40:59"
4471,d81c90ece4ef2b5c71b82df1cef4b34b6cc1a565,LH:67|RH:66|TF:0|LE:0|RE:0|MO:0|SH:27|WA:0|FT:0,3,"2026-06-03 13:40:59"
4472,d9cc6798953d8e38b1bc006878622c07b57bd0ce,LH:92|RH:41|TF:0|LE:0|RE:0|MO:0|SH:0|WA:0|FT:0,2,"2026-06-03 13:40:59"
4473,"54133947a75348348b6191412e6440fe319ba45a",LH:0|RH:41|TF:0|LE:0|RE:0|MO:0|SH:27|WA:56|FT:0,3,"2026-06-03 13:40:59"
4474,"601f3bc333929c6f862dececcd49ae7ebd99f522",LH:63|RH:0|TF:0|LE:0|RE:73|MO:0|SH:0|WA:0|FT:0,2,"2026-06-03 13:40:59"
4475,"55c3afb5053fb16fed040459f970cb85de79eaee",LH:0|RH:63|TF:92|LE:0|RE:0|MO:0|SH:27|WA:0|FT:0,3,"2026-06-03 13:40:59"
4476,b0205c8f9992a736ec45dc8746c69bcd32acd34b,LH:0|RH:67|TF:0|LE:0|RE:0|MO:0|SH:27|WA:57|FT:0,3,"2026-06-03 13:40:59"
4477,b5b784e73292a28aa6518d3d52b599b3136f4d01,LH:132|RH:0|TF:0|LE:0|RE:0|MO:0|SH:27|WA:0|FT:0,2,"2026-06-03 13:40:59"
4478,"8ec07d53a1f2f07454269111d5b1f04bf8656d89",LH:67|RH:0|TF:0|LE:0|RE:0|MO:0|SH:0|WA:41|FT:0,2,"2026-06-03 13:40:59"
4479,"9f9b180d94d10404b910de270c66d04d07035b1f",LH:0|RH:0|TF:0|LE:0|RE:0|MO:0|SH:27|WA:66|FT:0,2,"2026-06-03 13:40:59"
4480,"4588d48de0be0c3d5eee4606e8fcbc94d53918b0",LH:73|RH:63|TF:0|LE:0|RE:0|MO:0|SH:0|WA:63|FT:0,3,"2026-06-03 13:40:59"
4481,"714a62893217c43e8c1d1c2d94d94ee2aee60cb4",LH:63|RH:63|TF:0|LE:0|RE:0|MO:0|SH:27|WA:57|FT:57,5,"2026-06-03 13:40:59"
4482,dd01d46fb02ecd8242ce1fefabecacace1df0196,LH:0|RH:0|TF:0|LE:0|RE:0|MO:0|SH:27|WA:56|FT:63,3,"2026-06-03 13:40:59"
4483,"54ccf069a21e6eb61619af0269149cb8c38a11be",LH:0|RH:63|TF:0|LE:0|RE:0|MO:73|SH:0|WA:73|FT:0,3,"2026-06-03 13:40:59"
4484,"212a595fe9606f2f202f150cb5938c373ebdc68b",LH:63|RH:67|TF:0|LE:0|RE:0|MO:0|SH:0|WA:57|FT:57,4,"2026-06-03 13:40:59"
4485,a5eb212a1ad667465265f326bf9d580bcd5710de,LH:63|RH:0|TF:0|LE:0|RE:0|MO:0|SH:90|WA:0|FT:0,2,"2026-06-03 13:40:59"
4486,"59197614ef81ac5abf21e58d49a667edc7d53079",LH:67|RH:41|TF:0|LE:0|RE:0|MO:0|SH:0|WA:57|FT:0,3,"2026-06-03 13:40:59"
4487,ee0a1963e12cdbe971b9c2178c891b40160a9575,LH:63|RH:0|TF:0|LE:0|RE:0|MO:63|SH:0|WA:0|FT:0,2,"2026-06-03 13:40:59"
4488,e44e59f8e1c9b495e06528396920765423483dba,LH:63|RH:0|TF:0|LE:0|RE:0|MO:0|SH:27|WA:67|FT:0,3,"2026-06-03 13:40:59"
4489,"54fb3ced16ddddd37ed7d05b7785aafe789524c8",LH:0|RH:26|TF:0|LE:0|RE:0|MO:0|SH:0|WA:56|FT:0,2,"2026-06-03 13:40:59"
4490,"360cfb576dff6221374af2c8538317f7fb4705fb",LH:67|RH:89|TF:0|LE:0|RE:0|MO:0|SH:0|WA:0|FT:0,2,"2026-06-03 13:40:59"
4491,"509941d05adb2282fc5371b39d8a697b6051deb4",LH:67|RH:0|TF:0|LE:0|RE:0|MO:0|SH:67|WA:0|FT:0,2,"2026-06-03 13:40:59"
4492,ee4d20a2fcc6151efdef4fceec98cc9edd2f47fc,LH:0|RH:67|TF:0|LE:0|RE:0|MO:0|SH:27|WA:56|FT:56,4,"2026-06-03 13:40:59"
4493,c077a29e1421bf5fb38012406ea071fd7ee43256,LH:41|RH:41|TF:0|LE:0|RE:0|MO:0|SH:27|WA:60|FT:0,4,"2026-06-03 13:40:59"
4494,"37dca5e45db2b6a5098805fa0be30ed0b088bc48",LH:41|RH:0|TF:0|LE:0|RE:0|MO:0|SH:0|WA:60|FT:60,3,"2026-06-03 13:40:59"
4495,f0dcd6993462e59a3b7499e5a89172f0eeef9f9f,LH:40|RH:0|TF:0|LE:0|RE:0|MO:0|SH:0|WA:60|FT:0,2,"2026-06-03 13:40:59"
4496,"49d7eb3594bb4c8568667b591ae7f718a6149dda",LH:0|RH:65|TF:0|LE:0|RE:0|MO:0|SH:0|WA:56|FT:0,2,"2026-06-03 13:40:59"
4497,a665f838d832b1bf71f5ba5759b1f6bc43d7533b,LH:63|RH:0|TF:0|LE:73|RE:0|MO:0|SH:0|WA:0|FT:0,2,"2026-06-03 13:40:59"
4498,"2396f730ead12ecc78f84ed4a7a20b810b652ccf",LH:63|RH:83|TF:0|LE:0|RE:0|MO:0|SH:0|WA:0|FT:0,2,"2026-06-03 13:40:59"
4499,"1c093531a613ea279afefca5bf74772049ec88c1",LH:63|RH:41|TF:0|LE:0|RE:0|MO:0|SH:0|WA:63|FT:0,3,"2026-06-03 13:40:59"
4500,"57e15ad4c7b7460b44dcfe90d2613dcb61366085",LH:41|RH:0|TF:0|LE:0|RE:0|MO:73|SH:0|WA:0|FT:0,2,"2026-06-03 13:40:59"
4501,"9f2b0e0c22e9d71e92b5d5a6dee69a9a56844d8d",LH:66|RH:0|TF:0|LE:0|RE:0|MO:0|SH:0|WA:56|FT:56,3,"2026-06-03 13:40:59"
4502,"53b0b91659cb8a25ae2cdd25781fdbb93f5c88a4",LH:0|RH:76|TF:0|LE:0|RE:0|MO:0|SH:0|WA:60|FT:0,2,"2026-06-03 13:40:59"
4503,"293cca2f16139ef09ac840fa0dd0fbffb091c17c",LH:67|RH:0|TF:0|LE:0|RE:0|MO:0|SH:24|WA:0|FT:0,2,"2026-06-03 13:40:59"
4504,a44d1db39e597388976de7fa2b36c160c36de323,LH:0|RH:41|TF:0|LE:0|RE:0|MO:0|SH:0|WA:66|FT:0,2,"2026-06-03 13:40:59"
4505,"9f52e7b3c28c63953587dac63505e3c929648cff",LH:82|RH:0|TF:0|LE:0|RE:0|MO:0|SH:0|WA:57|FT:0,2,"2026-06-03 13:40:59"
4506,"9bce45c408a2e293997626f6caf133fe22eaa130",LH:58|RH:66|TF:0|LE:0|RE:0|MO:0|SH:0|WA:0|FT:0,2,"2026-06-03 13:40:59"
4507,"17c9317a12cfd8dd9ef1ce49d9fdb1ad11a15d3f",LH:0|RH:82|TF:0|LE:0|RE:0|MO:0|SH:0|WA:60|FT:0,2,"2026-06-03 13:40:59"
4508,afe8100dc82da0a77243e65120031f7e9e8a7a52,LH:0|RH:63|TF:0|LE:73|RE:0|MO:0|SH:0|WA:0|FT:0,2,"2026-06-03 13:40:59"
4509,c2d06ac672639ad63c6d779a098fdc4e8545837b,LH:63|RH:58|TF:0|LE:0|RE:0|MO:0|SH:0|WA:73|FT:0,3,"2026-06-03 13:40:59"
4510,"28e4f0c9fa6bae1c10b6eb7e64fbc7fea84c5c78",LH:0|RH:39|TF:0|LE:0|RE:0|MO:0|SH:0|WA:56|FT:0,2,"2026-06-03 13:40:59"
4511,"60a9b8b129890223639d9de591f9e85f28663a7d",LH:0|RH:73|TF:0|LE:0|RE:0|MO:0|SH:27|WA:63|FT:0,3,"2026-06-03 13:40:59"
4512,"27dcf1ddc7ab4d2122f573fd382b4c94cbda67c9",LH:63|RH:63|TF:0|LE:0|RE:0|MO:0|SH:27|WA:66|FT:0,4,"2026-06-03 13:40:59"
4513,"44ed2af89d15df8878de9751dc8bb85de7937784",LH:92|RH:66|TF:0|LE:0|RE:0|MO:0|SH:0|WA:0|FT:0,2,"2026-06-03 13:40:59"
4514,"50f12c213344a532bc343fbacb5ecf9268b6b0b1",LH:0|RH:63|TF:0|LE:0|RE:0|MO:67|SH:27|WA:0|FT:0,3,"2026-06-03 13:40:59"
4515,"7b41e023d61318a445cee4d599587c57f95c5406",LH:0|RH:73|TF:0|LE:0|RE:0|MO:0|SH:27|WA:56|FT:56,4,"2026-06-03 13:40:59"
4516,"95bb14e2b27a69ad00a6856ee7aff420aa9ae0c9",LH:64|RH:66|TF:0|LE:0|RE:0|MO:0|SH:0|WA:0|FT:0,2,"2026-06-03 13:40:59"
4517,"757bc38df9c1919fc8068150b38d32294d6ac217",LH:73|RH:0|TF:0|LE:0|RE:0|MO:0|SH:0|WA:66|FT:0,2,"2026-06-03 13:40:59"
4518,ae59aac42d94d733c2b8ef1ecd3f3d5ed4e1522b,LH:73|RH:63|TF:0|LE:0|RE:0|MO:0|SH:0|WA:73|FT:0,3,"2026-06-03 13:40:59"
4519,"39289fe867e3b06f8e7477a72364170ab91b0eae",LH:63|RH:95|TF:0|LE:0|RE:0|MO:0|SH:0|WA:57|FT:57,4,"2026-06-03 13:40:59"
4520,"3d4df09b30bb908508f803ecf7b7c0fdb06f05ee",LH:64|RH:73|TF:0|LE:0|RE:0|MO:0|SH:0|WA:0|FT:0,2,"2026-06-03 13:40:59"
4521,"55fd8e415ba0760b011ebc4e294135abec5232ea",LH:63|RH:67|TF:0|LE:0|RE:0|MO:0|SH:95|WA:0|FT:0,3,"2026-06-03 13:40:59"
4522,"99a39583a2fcfeeba0cbc07d7b9dcd50645d2042",LH:67|RH:63|TF:0|LE:0|RE:0|MO:0|SH:0|WA:66|FT:0,3,"2026-06-03 13:40:59"
4523,"8d58d61145d759b26dc35a15b3ea6a3b52b91145",LH:63|RH:96|TF:0|LE:0|RE:0|MO:0|SH:0|WA:0|FT:0,2,"2026-06-03 13:40:59"
4524,"1fc3c7de80a9ffd31d0b32d21e01b5f9f7b43e77",LH:82|RH:82|TF:0|LE:0|RE:0|MO:0|SH:0|WA:57|FT:0,3,"2026-06-03 13:40:59"
4525,"0aca394fbf14b7bd64c9ff6321ca460909ce24c3",LH:63|RH:0|TF:0|LE:0|RE:0|MO:0|SH:27|WA:73|FT:0,3,"2026-06-03 13:40:59"
4526,"9b9f39fc8ec7892594e78ede3ca317f51487428c",LH:63|RH:62|TF:0|LE:0|RE:0|MO:0|SH:27|WA:0|FT:0,3,"2026-06-03 13:40:59"
4527,"619433cc2c21c489028a73db92e9de5675bc490f",LH:0|RH:63|TF:0|LE:0|RE:0|MO:73|SH:27|WA:0|FT:0,3,"2026-06-03 13:40:59"
4528,"3dd39fc3b0b16b63717d483d4825ad1a28b72b77",LH:62|RH:0|TF:0|LE:0|RE:0|MO:0|SH:0|WA:66|FT:0,2,"2026-06-03 13:40:59"
4529,c9b087ee66d670722ed29ca56375996364c5b9e2,LH:62|RH:62|TF:0|LE:0|RE:0|MO:0|SH:0|WA:66|FT:0,3,"2026-06-03 13:40:59"
4530,dc182f66fe5325136db157a458f7534d59682b1b,LH:132|RH:41|TF:0|LE:0|RE:0|MO:0|SH:0|WA:0|FT:0,2,"2026-06-03 13:40:59"
4531,"17b672c35f195242537ddc16dd383673908fe766",LH:0|RH:87|TF:0|LE:0|RE:0|MO:0|SH:27|WA:0|FT:0,2,"2026-06-03 13:40:59"
4532,abbc61c0ee5ae7c60fcc3f077649f6f4d792db87,LH:63|RH:67|TF:0|LE:0|RE:0|MO:0|SH:0|WA:59|FT:0,3,"2026-06-03 13:40:59"
4533,"9db952b695ffcbb82d21b7b076fa7eb7b12c0358",LH:0|RH:63|TF:0|LE:0|RE:0|MO:0|SH:27|WA:57|FT:0,3,"2026-06-03 13:40:59"
4534,"531d400cda7fee22793ec61372c250af79b015d9",LH:67|RH:64|TF:0|LE:0|RE:0|MO:0|SH:0|WA:63|FT:0,3,"2026-06-03 13:40:59"
4535,"945c291672005debf22b807f612f93f47aa43d29",LH:0|RH:63|TF:0|LE:0|RE:73|MO:0|SH:0|WA:0|FT:0,2,"2026-06-03 13:40:59"
4536,"7bcf4107ad28be7be5cfe7a52b21acff8773af48",LH:0|RH:0|TF:0|LE:0|RE:0|MO:63|SH:27|WA:0|FT:0,2,"2026-06-03 13:40:59"
4537,"3c63c05fbb4db1a2cc014bc692ce0efc25e908dd",LH:67|RH:67|TF:0|LE:0|RE:0|MO:0|SH:90|WA:0|FT:0,3,"2026-06-03 13:40:59"
4538,"71faaf1428c05543188aef5811cf4132178f44df",LH:67|RH:95|TF:0|LE:0|RE:0|MO:0|SH:0|WA:59|FT:0,3,"2026-06-03 13:40:59"
4539,e0bac5d743f1cb29c7805ac01d8d1b96bdc16573,LH:0|RH:43|TF:0|LE:0|RE:0|MO:0|SH:27|WA:0|FT:0,2,"2026-06-03 13:40:59"
4540,a8dc71d333d1dd2766250eff7ca26859c68c9473,LH:75|RH:0|TF:0|LE:0|RE:0|MO:0|SH:27|WA:0|FT:0,2,"2026-06-03 13:40:59"
4541,"72e469d2ccb4a8ef005ebcc83693dd10389679b9",LH:100|RH:0|TF:0|LE:0|RE:0|MO:0|SH:27|WA:0|FT:0,2,"2026-06-03 13:40:59"
4542,f3619acd3c3cecfcb40484bf8532597f7dbf2564,LH:0|RH:63|TF:0|LE:0|RE:0|MO:63|SH:0|WA:0|FT:0,2,"2026-06-03 13:40:59"
4543,"414fb1240efb5f26f038b6751a80d71a8ba81759",LH:58|RH:0|TF:0|LE:0|RE:0|MO:0|SH:27|WA:56|FT:0,3,"2026-06-03 13:40:59"
4544,"293381d94a0358e80cf6b7582257eb371070e558",LH:66|RH:67|TF:0|LE:0|RE:0|MO:0|SH:0|WA:56|FT:0,3,"2026-06-03 13:40:59"
4545,cba7d8f04ea8270b913c018aa8e9e2e4ce7bfe08,LH:25|RH:82|TF:0|LE:0|RE:0|MO:0|SH:0|WA:0|FT:0,2,"2026-06-03 13:40:59"
4546,caa95bddd5c2086c64777fb8b0b678ed82026f40,LH:0|RH:36|TF:0|LE:0|RE:0|MO:0|SH:27|WA:0|FT:0,2,"2026-06-03 13:40:59"
4547,b29bdb58ab5ca8c20a0417f43456f39489f8798c,LH:0|RH:0|TF:0|LE:0|RE:0|MO:0|SH:27|WA:0|FT:36,2,"2026-06-03 13:40:59"
4548,"74c1ec3de2fc6ae507153629dbf1a6d5582a9fee",LH:94|RH:94|TF:0|LE:0|RE:0|MO:0|SH:0|WA:60|FT:0,3,"2026-06-03 13:40:59"
4549,aa8484fcf10e4cafbe5387ca4897085b63248d8b,LH:89|RH:0|TF:0|LE:0|RE:0|MO:90|SH:27|WA:0|FT:0,3,"2026-06-03 13:40:59"
4550,"92fe92e12296a05f22a2f11c297d8ddd5c2be87d",LH:63|RH:0|TF:0|LE:0|RE:0|MO:90|SH:27|WA:0|FT:0,3,"2026-06-03 13:40:59"
4551,"53b70e43c741bdef3b170366579471070acfc7e4",LH:41|RH:41|TF:0|LE:0|RE:0|MO:0|SH:27|WA:56|FT:0,4,"2026-06-03 13:40:59"
4552,c0d99a17a67409e537aca207141f840bcb49fa79,LH:0|RH:89|TF:0|LE:0|RE:0|MO:90|SH:27|WA:0|FT:0,3,"2026-06-03 13:40:59"
4553,"980f5f3009bd10bcc772a4c17f9c1adfc32a7b41",LH:73|RH:73|TF:0|LE:0|RE:0|MO:0|SH:90|WA:0|FT:0,3,"2026-06-03 13:40:59"
4554,"691182792bb484dfc94c75b6f8bce99bebccf320",LH:0|RH:73|TF:0|LE:0|RE:0|MO:0|SH:0|WA:66|FT:0,2,"2026-06-03 13:40:59"
4555,"263c75dc9b47251c2197ee6f1ff7982a433b0d7a",LH:89|RH:0|TF:0|LE:0|RE:0|MO:0|SH:90|WA:90|FT:0,3,"2026-06-03 13:40:59"
4556,"249cb300e880304019aa91e899951f43ebdc3897",LH:73|RH:0|TF:0|LE:0|RE:0|MO:0|SH:90|WA:0|FT:0,2,"2026-06-03 13:40:59"
4557,"088dcd73826c63613a55b8051130fc9a63fa23a8",LH:63|RH:63|TF:0|LE:0|RE:0|MO:0|SH:90|WA:0|FT:0,3,"2026-06-03 13:40:59"
4558,"8af5f5cbeaf86b9c1482d73b6985ff5230ea7d70",LH:89|RH:89|TF:0|LE:0|RE:0|MO:0|SH:90|WA:90|FT:0,4,"2026-06-03 13:40:59"
4559,"20ae6228483cfc236d45a02e31484cf029e49071",LH:0|RH:89|TF:0|LE:0|RE:0|MO:0|SH:90|WA:90|FT:0,3,"2026-06-03 13:40:59"
4560,"34f6a375f48116e16f951248c9ddd7c0f036ad7e",LH:89|RH:89|TF:0|LE:0|RE:0|MO:90|SH:27|WA:0|FT:0,4,"2026-06-03 13:40:59"
4561,"2d569aa4b00d7a031781c269124bcb797123879b",LH:58|RH:41|TF:0|LE:0|RE:0|MO:0|SH:27|WA:0|FT:0,3,"2026-06-03 13:40:59"
4562,b7e446043930a563ce7e40aac77a4551408d0c70,LH:73|RH:64|TF:0|LE:0|RE:0|MO:0|SH:0|WA:0|FT:0,2,"2026-06-03 13:40:59"
4563,"2af93a3ea8a2eaa51e7cb35b4de5602f03274133",LH:66|RH:132|TF:0|LE:0|RE:0|MO:0|SH:0|WA:0|FT:0,2,"2026-06-03 13:40:59"
4564,ea41bb0d34dc8356cb0ca84dce8c6b3a0facb9c1,LH:0|RH:73|TF:0|LE:0|RE:0|MO:0|SH:90|WA:0|FT:0,2,"2026-06-03 13:40:59"
4565,"731657c9e2eefb447d64330a73f519024145c746",LH:64|RH:63|TF:0|LE:0|RE:0|MO:0|SH:27|WA:0|FT:0,3,"2026-06-03 13:40:59"
4566,"41651b73547812dc2db8ec49d28e19b54fd53a28",LH:89|RH:63|TF:0|LE:0|RE:0|MO:0|SH:0|WA:0|FT:0,2,"2026-06-03 13:40:59"
4567,fb7a89538f720f6860b274a0279da259b9d897f7,LH:33|RH:0|TF:0|LE:0|RE:0|MO:0|SH:27|WA:0|FT:0,2,"2026-06-03 13:40:59"
4568,"256499b04c71d613e5c811b8f00dacb01f3cb4bd",LH:63|RH:0|TF:0|LE:0|RE:0|MO:0|SH:0|WA:59|FT:59,3,"2026-06-03 13:40:59"
4569,"22c52c34c73d62c5119fc5aca4d9084c54e55077",LH:63|RH:0|TF:0|LE:0|RE:0|MO:67|SH:27|WA:0|FT:0,3,"2026-06-03 13:40:59"
4570,"3a8c957d86ad42c3aecef7cf03b48142cb9b5fad",LH:0|RH:65|TF:0|LE:0|RE:0|MO:0|SH:0|WA:57|FT:0,2,"2026-06-03 13:40:59"
4571,"559c9d0689ea3d40341d3f799b14ad649bc9843d",LH:0|RH:4|TF:0|LE:0|RE:0|MO:0|SH:27|WA:0|FT:0,2,"2026-06-03 13:40:59"
4572,"1f492fc71269e2bba76f4e769e4592649792ad79",LH:0|RH:82|TF:0|LE:0|RE:0|MO:82|SH:0|WA:0|FT:0,2,"2026-06-03 13:40:59"
4573,"25389902a625634276d98a0e36bb2b165e11450f",LH:0|RH:0|TF:33|LE:0|RE:0|MO:0|SH:27|WA:0|FT:0,2,"2026-06-03 13:40:59"
4574,"25be472e776eb843500053188c972112825eefe8",LH:66|RH:67|TF:0|LE:0|RE:0|MO:0|SH:27|WA:0|FT:0,3,"2026-06-03 13:40:59"
4575,c4c0a2aae3e8c87ed4a963d363f979f007ab0295,LH:92|RH:63|TF:0|LE:0|RE:0|MO:0|SH:0|WA:56|FT:0,3,"2026-06-03 13:40:59"
4576,"89a4ee91ad68652f968f81e7b3ef46ed71252797",LH:63|RH:89|TF:0|LE:0|RE:0|MO:0|SH:90|WA:0|FT:0,3,"2026-06-03 13:40:59"
4577,"2be658913ca42bffc7cf3e0349a10bc61fceada3",LH:63|RH:0|TF:0|LE:0|RE:0|MO:67|SH:27|WA:67|FT:0,4,"2026-06-03 13:40:59"
4578,"864e825401b91ae9e48a859c40fed9fa1e581454",LH:41|RH:63|TF:0|LE:0|RE:0|MO:0|SH:0|WA:63|FT:0,3,"2026-06-03 13:40:59"
4579,f7f109b7bfd01e17e6f148b918f2aed2590c7d75,LH:95|RH:94|TF:0|LE:0|RE:0|MO:0|SH:0|WA:0|FT:0,2,"2026-06-03 13:40:59"
4580,b447dff76e51930181dd01119276220e861e22f5,LH:94|RH:96|TF:0|LE:0|RE:0|MO:0|SH:0|WA:0|FT:0,2,"2026-06-03 13:40:59"
4581,b5ff8cf6792a126c7cf5d8ad0e57566bd2a2d043,LH:63|RH:0|TF:0|LE:0|RE:0|MO:0|SH:27|WA:63|FT:0,3,"2026-06-03 13:40:59"
4582,"7f947809aa366a830251c44c305c42fa14d5a216",LH:0|RH:55|TF:0|LE:0|RE:0|MO:0|SH:27|WA:0|FT:0,2,"2026-06-03 13:40:59"
4583,bccf07a470222e764782f4087b408429a2cb5765,LH:82|RH:0|TF:0|LE:0|RE:0|MO:82|SH:0|WA:0|FT:0,2,"2026-06-03 13:40:59"
4584,"584ec3fc19c67532cc5ded3e2c0c7f1ec24621d0",LH:73|RH:94|TF:0|LE:0|RE:0|MO:0|SH:0|WA:0|FT:0,2,"2026-06-03 13:40:59"
4585,f8416dcd8859cbcc870e1da71dbc5554be8eb38d,LH:73|RH:58|TF:0|LE:0|RE:0|MO:0|SH:27|WA:0|FT:0,3,"2026-06-03 13:40:59"
4586,ad5ccce2ce3b4574623cb18bf917f1691b93ce9f,LH:58|RH:67|TF:0|LE:0|RE:0|MO:0|SH:27|WA:0|FT:0,3,"2026-06-03 13:40:59"
4587,"11aaac44eaa7b52c7d54a23de272f98258d74c72",LH:63|RH:0|TF:0|LE:0|RE:0|MO:0|SH:67|WA:0|FT:0,2,"2026-06-03 13:40:59"
4588,cefc2a9a2745813a842b0473edcb51629d0bbdc0,LH:0|RH:82|TF:0|LE:0|RE:0|MO:0|SH:0|WA:57|FT:0,2,"2026-06-03 13:40:59"
4589,d818484092937b84d8da517a5a9e6c74a1ebf0ea,LH:0|RH:80|TF:0|LE:0|RE:0|MO:27|SH:0|WA:0|FT:0,2,"2026-06-03 13:40:59"
4590,"4ab9cf38785ac58f76697d99c8112739544efb60",LH:63|RH:63|TF:0|LE:0|RE:0|MO:0|SH:27|WA:59|FT:0,4,"2026-06-03 13:40:59"
4591,add7aadc14c55316a0f57e3f9b9de5874319efe2,LH:0|RH:48|TF:0|LE:0|RE:0|MO:0|SH:27|WA:0|FT:0,2,"2026-06-03 13:40:59"
4592,"3e48647ed95a62201a11f1bc5a9586dec7e92f4e",LH:0|RH:63|TF:0|LE:0|RE:0|MO:41|SH:27|WA:0|FT:0,3,"2026-06-03 13:40:59"
4593,"89c82bf486462f3bcf53a322af9df94ab5d5aaa8",LH:66|RH:92|TF:0|LE:0|RE:0|MO:0|SH:0|WA:0|FT:0,2,"2026-06-03 13:40:59"
4594,"18c853104e29cf3ad69c4147db24f13538453987",LH:87|RH:0|TF:0|LE:0|RE:0|MO:0|SH:27|WA:0|FT:0,2,"2026-06-03 13:40:59"
4595,"8c254c72a130b18c88964e99579b3cac5a088591",LH:0|RH:0|TF:0|LE:0|RE:0|MO:0|SH:82|WA:0|FT:0,1,"2026-06-03 13:40:59"
4596,fc5c68c766cf0fc5b4fd6ba9e4e4c9b9eb6f7497,LH:80|RH:80|TF:0|LE:0|RE:0|MO:0|SH:0|WA:56|FT:0,3,"2026-06-03 13:40:59"
4597,e289091f2dbad564379aeb4065eec35a05e92e11,LH:0|RH:93|TF:0|LE:0|RE:0|MO:0|SH:0|WA:24|FT:0,2,"2026-06-03 13:40:59"
4598,"7e49ac6c935ab29da0391dd394c3cc2a2a0abc77",LH:0|RH:0|TF:0|LE:0|RE:73|MO:0|SH:27|WA:0|FT:0,2,"2026-06-03 13:40:59"
4599,"7d201a8ea3e44fafbcf1a867d68b9fa99ebc63a7",LH:132|RH:64|TF:0|LE:0|RE:0|MO:0|SH:0|WA:0|FT:0,2,"2026-06-03 13:40:59"
4600,ca69409c55678d41e22c9bacffbcfe44a55ee124,LH:94|RH:73|TF:0|LE:0|RE:0|MO:0|SH:0|WA:0|FT:0,2,"2026-06-03 13:40:59"
4601,"4b8089117ef8320133dac6ee3d0d945cdea0eb2c",LH:63|RH:94|TF:0|LE:0|RE:0|MO:0|SH:0|WA:0|FT:0,2,"2026-06-03 13:40:59"
4602,"52138430ebcf863c392f9054b3634e5c8b03cd53",LH:0|RH:41|TF:0|LE:0|RE:0|MO:73|SH:0|WA:0|FT:0,2,"2026-06-03 13:40:59"
4603,fa13e5b991ce28ed5b5bcb7b65e546c988f4e00d,LH:63|RH:64|TF:92|LE:0|RE:0|MO:0|SH:0|WA:0|FT:0,3,"2026-06-03 13:40:59"
4604,"848c854be0ea7864f11c979f77debc008ae848af",LH:0|RH:95|TF:0|LE:0|RE:0|MO:0|SH:0|WA:26|FT:0,2,"2026-06-03 13:40:59"
4605,ecfee79caeb578bb9a7236ac47c6b6588afdaa10,LH:73|RH:0|TF:0|LE:0|RE:0|MO:0|SH:0|WA:59|FT:0,2,"2026-06-03 13:40:59"
4606,"15739fa2e04f511e96fb87b7b54ed663518198a6",LH:92|RH:63|TF:0|LE:0|RE:0|MO:0|SH:27|WA:0|FT:0,3,"2026-06-03 13:40:59"
4607,a0f154c082eb25597b36c4f2b977dde120e90518,LH:72|RH:72|TF:0|LE:0|RE:82|MO:0|SH:0|WA:0|FT:0,3,"2026-06-03 13:40:59"
4608,"8d78dcc04427b0dede9b6ea1413aed08b46b2313",LH:0|RH:41|TF:0|LE:0|RE:0|MO:0|SH:0|WA:57|FT:57,3,"2026-06-03 13:40:59"
4609,bd4e09ffe80080bbf9f3650f70a3ab4c4a77184e,LH:82|RH:0|TF:0|LE:0|RE:0|MO:0|SH:0|WA:56|FT:0,2,"2026-06-03 13:40:59"
4610,"888e47a3808a9bd341639306595953cdeb865179",LH:0|RH:0|TF:0|LE:0|RE:0|MO:24|SH:27|WA:24|FT:0,3,"2026-06-03 13:40:59"
4611,"27417fc29617969a0c5b0e252f60b22be129c152",LH:0|RH:64|TF:0|LE:0|RE:0|MO:0|SH:0|WA:63|FT:0,2,"2026-06-03 13:40:59"
4612,"515e9ca8ad28a6d8d1d217f166fd62871a9b478d",LH:0|RH:109|TF:0|LE:0|RE:0|MO:0|SH:27|WA:0|FT:0,2,"2026-06-03 13:40:59"
4613,"9b6e056f672ec5ad9c46bcbd2e7dfb672b16b3aa",LH:67|RH:63|TF:0|LE:0|RE:0|MO:0|SH:0|WA:57|FT:0,3,"2026-06-03 13:40:59"
4614,"1cbe30333a78ce64d24ca79a59d77dfe9c4afbb2",LH:83|RH:95|TF:0|LE:0|RE:0|MO:0|SH:0|WA:26|FT:0,3,"2026-06-03 13:40:59"
4615,ecaf021c6f9a092cf917c54826f5160036a3d5eb,LH:95|RH:67|TF:0|LE:0|RE:0|MO:0|SH:83|WA:83|FT:0,4,"2026-06-03 13:40:59"
4616,f83241ce33233b44ba9dcac7e5a11763e824a921,LH:95|RH:83|TF:0|LE:0|RE:0|MO:0|SH:0|WA:26|FT:0,3,"2026-06-03 13:40:59"
4617,"64d83aaedf9f4f8b1c5e70594637f9ee5a216b02",LH:0|RH:95|TF:0|LE:0|RE:0|MO:0|SH:83|WA:83|FT:0,3,"2026-06-03 13:40:59"
4618,ea10c73618e7e3c64fab5715a8601ed3cc3fea27,LH:63|RH:0|TF:0|LE:0|RE:0|MO:73|SH:0|WA:73|FT:0,3,"2026-06-03 13:40:59"
4619,"37a32dcf204d059eaa8b773ed00bd39fc513f770",LH:67|RH:67|TF:0|LE:0|RE:0|MO:0|SH:95|WA:0|FT:0,3,"2026-06-03 13:40:59"
4620,"9d488c38e16ab1ecff38dd27b158251608577acc",LH:41|RH:39|TF:0|LE:0|RE:0|MO:0|SH:27|WA:0|FT:0,3,"2026-06-03 13:40:59"
4621,"5c729b9de5e33b2cd137b64cfea8dea37ed17333",LH:0|RH:95|TF:0|LE:0|RE:0|MO:0|SH:24|WA:24|FT:0,3,"2026-06-03 13:40:59"
4622,"06464873eb062902446bb383750b0b6e48eb821b",LH:95|RH:0|TF:0|LE:0|RE:0|MO:0|SH:83|WA:83|FT:0,3,"2026-06-03 13:40:59"
4623,f6ee8338657ca02f4d5eb2c2ac3088ae4828a004,LH:73|RH:73|TF:0|LE:0|RE:0|MO:0|SH:95|WA:0|FT:0,3,"2026-06-03 13:40:59"
4624,eb0bdb682f41286f8bad3e7f254bb792c7f36386,LH:0|RH:0|TF:82|LE:0|RE:0|MO:0|SH:0|WA:0|FT:0,1,"2026-06-03 13:40:59"
4625,"05a4db3c2fa7907b0f54aa09f6dee25de25bee68",LH:94|RH:63|TF:0|LE:0|RE:0|MO:0|SH:0|WA:0|FT:0,2,"2026-06-03 13:40:59"
4626,"6b5d51bbc41fad12ab4e89a9532183229e19859e",LH:63|RH:95|TF:0|LE:0|RE:0|MO:0|SH:0|WA:59|FT:59,4,"2026-06-03 13:40:59"
4627,"946e693f5abee8da36aa2c406f810eecfc41e76f",LH:16|RH:0|TF:0|LE:0|RE:0|MO:0|SH:27|WA:0|FT:0,2,"2026-06-03 13:40:59"
4628,e1a14c79103abc4caf2f383ca0dbf1ec12303848,LH:0|RH:67|TF:0|LE:0|RE:0|MO:0|SH:92|WA:0|FT:0,2,"2026-06-03 13:40:59"
4629,"15348344ad447ba4a38a07efbfd146ffbb6e0d06",LH:0|RH:67|TF:0|LE:0|RE:0|MO:0|SH:0|WA:41|FT:0,2,"2026-06-03 13:40:59"
4630,"2fc4b03310db887a648d9c5dbeb76010a59456fa",LH:0|RH:38|TF:0|LE:0|RE:0|MO:0|SH:27|WA:0|FT:0,2,"2026-06-03 13:40:59"
4631,"96805acd5318cb3beaf6c54f7a463774a5c37815",LH:82|RH:87|TF:0|LE:0|RE:0|MO:0|SH:0|WA:0|FT:0,2,"2026-06-03 13:40:59"
4632,"5153ae59b8c5f094497ca1c9c50157e2a329ef06",LH:67|RH:0|TF:0|LE:0|RE:0|MO:0|SH:90|WA:0|FT:0,2,"2026-06-03 13:40:59"
4633,e28da5c367f3a4079864f429235cb4f1dee4c756,LH:63|RH:95|TF:0|LE:0|RE:0|MO:0|SH:0|WA:73|FT:0,3,"2026-06-03 13:40:59"
4634,"8f4168130254f3feb1b030e634739e90777837bf",LH:67|RH:63|TF:0|LE:0|RE:0|MO:0|SH:0|WA:59|FT:0,3,"2026-06-03 13:40:59"
4635,adf729533fdee8dd1f88bc3890aceba30f9001ad,LH:0|RH:0|TF:0|LE:0|RE:0|MO:0|SH:90|WA:56|FT:0,2,"2026-06-03 13:40:59"
4636,"5bf4c567e4ca4619bae2533441a9015b3a0e7985",LH:0|RH:40|TF:0|LE:0|RE:0|MO:0|SH:0|WA:56|FT:0,2,"2026-06-03 13:40:59"
4637,"75505ff22761fc7afc40216877b524fdcb24b3d0",LH:82|RH:25|TF:0|LE:0|RE:0|MO:0|SH:0|WA:0|FT:0,2,"2026-06-03 13:40:59"
4638,"50f98018ca15c78005045a4ac63b348de2c2ae17",LH:41|RH:63|TF:0|LE:0|RE:0|MO:0|SH:0|WA:73|FT:0,3,"2026-06-03 13:40:59"
4639,"4bb943aaee6957598feb10f50a169d0a105da15c",LH:0|RH:54|TF:0|LE:0|RE:0|MO:0|SH:27|WA:0|FT:0,2,"2026-06-03 13:40:59"
4640,"0f09c0516bf8edad28c20f87c5169e456f3b8b2e",LH:0|RH:41|TF:0|LE:0|RE:0|MO:0|SH:27|WA:63|FT:0,3,"2026-06-03 13:40:59"
4641,"947d1ea1000b4ad86fc3f098d2bb18da7dace29b",LH:67|RH:58|TF:0|LE:0|RE:0|MO:0|SH:27|WA:0|FT:0,3,"2026-06-03 13:40:59"
4642,"6ee2f5806c6c999adf1373212f2445dcc98a3ba2",LH:96|RH:63|TF:0|LE:0|RE:0|MO:0|SH:0|WA:0|FT:0,2,"2026-06-03 13:40:59"
4643,ebeadc2570f43de67748f71c1cc17c502d1e44f2,LH:0|RH:58|TF:0|LE:0|RE:0|MO:0|SH:27|WA:63|FT:0,3,"2026-06-03 13:40:59"
4644,"1f520ca609d348b6579920e197414c3e24fe0c8f",LH:0|RH:0|TF:0|LE:0|RE:0|MO:0|SH:27|WA:41|FT:0,2,"2026-06-03 13:40:59"
4645,ba063747e242b2e1c2867d99156f9dc93b782831,LH:82|RH:72|TF:0|LE:0|RE:0|MO:0|SH:0|WA:0|FT:0,2,"2026-06-03 13:40:59"
4646,"5b416cb918484c7be3636eafbf49ae801f49a6fa",LH:72|RH:72|TF:0|LE:0|RE:0|MO:82|SH:0|WA:0|FT:0,3,"2026-06-03 13:40:59"
4647,b82f07518cf408e379da6fb47d313b787d8b3ef6,LH:63|RH:67|TF:0|LE:0|RE:0|MO:73|SH:0|WA:73|FT:0,4,"2026-06-03 13:40:59"
4648,cc436e1820836179a592424169b7da2c26db6bf9,LH:0|RH:132|TF:0|LE:0|RE:0|MO:0|SH:27|WA:0|FT:0,2,"2026-06-03 13:40:59"
4649,"525f358c3fddd922dd72cffe13d47d8e470d7c29",LH:73|RH:63|TF:0|LE:0|RE:0|MO:67|SH:0|WA:67|FT:0,4,"2026-06-03 13:40:59"
4650,"9633423e1dff2bc670da46c6ad909e0e4c09a432",LH:63|RH:67|TF:0|LE:0|RE:0|MO:0|SH:13|WA:0|FT:0,3,"2026-06-03 13:40:59"
4651,"0d24b7c58b7026c95b0360694a86dc9eaad21085",LH:73|RH:73|TF:0|LE:0|RE:0|MO:0|SH:0|WA:66|FT:0,3,"2026-06-03 13:40:59"
4652,"6dc865c3678a29e4cf4d6acce83b54c11a4fbb39",LH:63|RH:73|TF:0|LE:0|RE:0|MO:73|SH:0|WA:0|FT:0,3,"2026-06-03 13:40:59"
4653,af6ab0bd1edabc73574fcce1836b94bf4ce61500,LH:0|RH:63|TF:0|LE:0|RE:0|MO:0|SH:27|WA:67|FT:0,3,"2026-06-03 13:40:59"
4654,dcfea1748c9e70921dd2344f1e45eef8f0030a82,LH:63|RH:0|TF:0|LE:0|RE:0|MO:41|SH:0|WA:41|FT:0,3,"2026-06-03 13:40:59"
4655,c569a8c0e48bfc132d38ab2323ce0952e45e5664,LH:63|RH:0|TF:92|LE:0|RE:0|MO:0|SH:27|WA:0|FT:0,3,"2026-06-03 13:40:59"
4656,"2b751d5f35d217c1e8dfb29750c6710d5bc9c50d",LH:55|RH:0|TF:0|LE:0|RE:0|MO:0|SH:0|WA:60|FT:0,2,"2026-06-03 13:40:59"
4657,"14635af37058fae1e0e833c55acc8b6515ddd8af",LH:63|RH:0|TF:0|LE:0|RE:0|MO:0|SH:92|WA:0|FT:0,2,"2026-06-03 13:40:59"
4658,"35bf294ba04bca782cfb94c7a6452167b147cd7c",LH:41|RH:132|TF:0|LE:0|RE:0|MO:0|SH:0|WA:0|FT:0,2,"2026-06-03 13:40:59"
4659,"9e48009d1e3f93b51f9b6cbcffa2039670dc54e5",LH:63|RH:1|TF:0|LE:0|RE:0|MO:0|SH:0|WA:0|FT:0,2,"2026-06-03 13:40:59"
4660,b097e89306ccea3636333483a6d08dfe8bd6ffac,LH:41|RH:0|TF:0|LE:0|RE:0|MO:0|SH:0|WA:73|FT:0,2,"2026-06-03 13:40:59"
4661,"93174bf16a077228f5e5b6de3275368e61b7fffa",LH:67|RH:73|TF:0|LE:0|RE:0|MO:0|SH:0|WA:60|FT:0,3,"2026-06-03 13:40:59"
4662,"965d7fa2110e3eb73e7d7951ae0a0ae33e10c487",LH:132|RH:63|TF:0|LE:0|RE:0|MO:0|SH:0|WA:0|FT:0,2,"2026-06-03 13:40:59"
4663,b4198b5486dfeb81a851acae252eaa60d4bf85c6,LH:63|RH:132|TF:0|LE:0|RE:0|MO:0|SH:0|WA:0|FT:0,2,"2026-06-03 13:40:59"
4664,"4f9646def7229f8342cd1472899d45ad443dcb50",LH:93|RH:93|TF:0|LE:0|RE:0|MO:0|SH:0|WA:24|FT:0,3,"2026-06-03 13:40:59"
4665,b2c6cd99a8a61be95337037725dc95a0cf4c6561,LH:0|RH:63|TF:0|LE:0|RE:0|MO:90|SH:27|WA:0|FT:0,3,"2026-06-03 13:40:59"
4666,"585973692e531dfd72f75f9ad26fe85c8c2ff7a8",LH:0|RH:82|TF:0|LE:0|RE:0|MO:0|SH:0|WA:63|FT:0,2,"2026-06-03 13:40:59"
4667,"5fde2bf6ea1cfe5178dcdb6d30b3c5b945e6d4fa",LH:95|RH:63|TF:0|LE:0|RE:0|MO:67|SH:0|WA:67|FT:0,4,"2026-06-03 13:40:59"
4668,"3899ca38e68bbbd532e4b99af2a38475b01d3450",LH:73|RH:67|TF:0|LE:0|RE:0|MO:0|SH:27|WA:63|FT:0,4,"2026-06-03 13:40:59"
4669,"8f7b772439f0c6d6deb755a62cd6e0480f6bf267",LH:62|RH:63|TF:0|LE:0|RE:0|MO:0|SH:27|WA:0|FT:0,3,"2026-06-03 13:40:59"
4670,"2ff6a036490dc5a287a5ae9a860d31097f6a3afc",LH:58|RH:73|TF:0|LE:0|RE:0|MO:0|SH:27|WA:0|FT:0,3,"2026-06-03 13:40:59"
4671,c68760ba32997fc9b9954edc56cc453466639c47,LH:0|RH:132|TF:0|LE:0|RE:0|MO:0|SH:0|WA:66|FT:0,2,"2026-06-03 13:40:59"
4672,"6bd2f7649d7572f38a2b6746a6d41b6732a2480f",LH:64|RH:0|TF:0|LE:0|RE:0|MO:0|SH:0|WA:63|FT:0,2,"2026-06-03 13:40:59"
4673,cdeff62a4efd8f84b5e190e21c3b7c9f40c941ea,LH:93|RH:67|TF:0|LE:0|RE:0|MO:0|SH:0|WA:26|FT:0,3,"2026-06-03 13:40:59"
4674,"8ccec6572ee827e534fe14f99375b933503289a3",LH:63|RH:74|TF:0|LE:0|RE:0|MO:0|SH:27|WA:0|FT:0,3,"2026-06-03 13:40:59"
4675,de4daea9aad7da09e3b491598131c6cf2f4822e3,LH:63|RH:0|TF:0|LE:0|RE:0|MO:73|SH:27|WA:0|FT:0,3,"2026-06-03 13:40:59"
4676,f12e551a9993b4381288f38f69e4aa3800d53f9a,LH:0|RH:74|TF:0|LE:0|RE:0|MO:0|SH:27|WA:63|FT:0,3,"2026-06-03 13:40:59"
4677,"37e23dd7a3fd7f91e3e04af0ec07197ab13ceadf",LH:63|RH:93|TF:0|LE:0|RE:0|MO:67|SH:0|WA:0|FT:0,3,"2026-06-03 13:40:59"
4678,"52d92ab53549d55f744a36353d440865c43089ef",LH:43|RH:0|TF:0|LE:0|RE:0|MO:0|SH:27|WA:0|FT:0,2,"2026-06-03 13:40:59"
4679,baa2a9c7b3cc7a201ce8bd6e2f84cca78518bced,LH:67|RH:73|TF:0|LE:0|RE:0|MO:0|SH:27|WA:63|FT:0,4,"2026-06-03 13:40:59"
4680,a9c244798dbf26440efdb71c3b28da7e439e571a,LH:72|RH:82|TF:0|LE:0|RE:0|MO:0|SH:0|WA:0|FT:0,2,"2026-06-03 13:40:59"
4681,eaea281b562c96a2e34f7846faa5f34fcdbcf22b,LH:0|RH:74|TF:0|LE:0|RE:0|MO:0|SH:0|WA:56|FT:0,2,"2026-06-03 13:40:59"
4682,"40aecf46bc657bde83ceaafcfb503ac2ab466e78",LH:0|RH:0|TF:0|LE:0|RE:0|MO:0|SH:90|WA:63|FT:0,2,"2026-06-03 13:40:59"
4683,a8624e8ce70ac30d3061160b8268fa887e518905,LH:94|RH:82|TF:0|LE:0|RE:0|MO:0|SH:27|WA:0|FT:0,3,"2026-06-03 13:40:59"
4684,"9f43beb8545dc8f81b4b4613d0056ede66f63e84",LH:63|RH:80|TF:0|LE:0|RE:0|MO:0|SH:27|WA:0|FT:0,3,"2026-06-03 13:40:59"
4685,"150ca03db0ffd65d8fb29b1b9481bb26a46c5d1a",LH:67|RH:63|TF:0|LE:0|RE:0|MO:67|SH:0|WA:67|FT:0,4,"2026-06-03 13:40:59"
4686,"38da8e4d369343a428d73b310d28e0ef30c23557",LH:0|RH:37|TF:0|LE:0|RE:0|MO:0|SH:27|WA:0|FT:0,2,"2026-06-03 13:40:59"
4687,"995ac897a848f9528c80f42ebcc21833568016e1",LH:38|RH:0|TF:0|LE:0|RE:0|MO:0|SH:27|WA:0|FT:0,2,"2026-06-03 13:40:59"
4688,bd1890e77e4ed855f6c72694b91ba281df2bdffe,LH:73|RH:132|TF:0|LE:0|RE:0|MO:0|SH:0|WA:0|FT:0,2,"2026-06-03 13:40:59"
4689,"3bee35bf510a6ebd9fff368b532c7d56220b335e",LH:42|RH:0|TF:0|LE:0|RE:0|MO:0|SH:27|WA:0|FT:0,2,"2026-06-03 13:40:59"
4690,"398754a689b6464c1cefb5cf098d9381c98affef",LH:80|RH:80|TF:0|LE:73|RE:73|MO:0|SH:73|WA:0|FT:0,5,"2026-06-03 13:40:59"
4691,"590eca8cee95b56df1650de12141f781ad60bf68",LH:87|RH:87|TF:0|LE:0|RE:0|MO:0|SH:27|WA:0|FT:0,3,"2026-06-03 13:40:59"
4692,"2f7261c916ad9bc6fb19d93096d73e5d585f6811",LH:87|RH:82|TF:0|LE:0|RE:0|MO:0|SH:0|WA:0|FT:0,2,"2026-06-03 13:40:59"
4693,f7eb386fd0a87cbfa084ba9402612d92e8848d5a,LH:72|RH:33|TF:0|LE:0|RE:0|MO:0|SH:0|WA:0|FT:0,2,"2026-06-03 13:40:59"
6829,"2946f4c79c21606c051ef469ee66971e40bd7bfc",LH:1|RH:0|TF:0|LE:0|RE:0|MO:0|SH:0|WA:26|FT:0,2,"2026-07-29 16:02:05"
6830,"1520298172347b88041d0831eccdfe3b0b8cf397",LH:1|RH:109|TF:0|LE:0|RE:0|MO:0|SH:0|WA:0|FT:0,2,"2026-07-29 16:02:05"
6831,"30b092de1dfbce55e99d6a6ba3156497437b36e1",LH:109|RH:109|TF:0|LE:0|RE:0|MO:0|SH:0|WA:0|FT:37,3,"2026-07-29 16:02:05"
6832,"2ab7fe6ac33c6fa917585b3d699c324620de13d6",LH:0|RH:0|TF:0|LE:0|RE:0|MO:0|SH:0|WA:109|FT:0,1,"2026-07-29 16:02:05"
6833,"7a0fc6c32d979d83f7321c6534a54b56d0f348d0",LH:0|RH:39|TF:0|LE:0|RE:0|MO:0|SH:24|WA:24|FT:0,3,"2026-07-29 16:02:05"
6834,fde13e9af99bea45965dd1653af32d0d5b333a71,LH:0|RH:0|TF:0|LE:0|RE:0|MO:0|SH:0|WA:0|FT:16,1,"2026-07-29 16:02:05"
6835,"36556c9eb9a44a2ca93deae1bab1d4af46395d31",LH:0|RH:99|TF:0|LE:0|RE:0|MO:0|SH:0|WA:0|FT:0,1,"2026-07-29 16:02:05"
6836,b6d2d5d1b3dc6dfc808b58d0c2fb132fefed6421,LH:1|RH:1|TF:0|LE:0|RE:0|MO:0|SH:109|WA:0|FT:0,3,"2026-07-29 16:02:05"
6837,a8bee50362ebdad086104cedadd446d79646688a,LH:0|RH:0|TF:86|LE:0|RE:0|MO:0|SH:0|WA:0|FT:0,1,"2026-07-29 16:02:05"
6838,"33894e57fc67b290a0f571cfd0a9be4482fe5e65",LH:104|RH:104|TF:0|LE:0|RE:0|MO:0|SH:104|WA:0|FT:0,3,"2026-07-29 16:02:05"
6839,"19f6916791bc58524b068a377e7c9d114a8b7382",LH:0|RH:0|TF:0|LE:0|RE:0|MO:0|SH:104|WA:104|FT:0,2,"2026-07-29 16:02:05"
6840,"14ed680d1f5780a6ae5d37aaa973a4139bdd4577",LH:0|RH:86|TF:0|LE:0|RE:0|MO:86|SH:0|WA:0|FT:0,2,"2026-07-29 16:02:05"
6841,"3d3e88d154870b16eb52b7899b856764a7c097ff",LH:0|RH:0|TF:0|LE:0|RE:0|MO:0|SH:87|WA:0|FT:0,1,"2026-07-29 16:02:05"
6842,"8c64ee75495cc4310cb7d508aaacd75262170a2f",LH:67|RH:8|TF:0|LE:0|RE:0|MO:0|SH:0|WA:0|FT:0,2,"2026-07-29 16:02:05"
6843,e34e9521593193698b4d32d115b5e05b7401bc99,LH:0|RH:0|TF:0|LE:0|RE:0|MO:0|SH:105|WA:0|FT:0,1,"2026-07-29 16:02:05"
6844,"6e164f53900ebe28534e30ac87aa25f0206ce15a",LH:1|RH:1|TF:0|LE:0|RE:0|MO:0|SH:0|WA:109|FT:0,3,"2026-07-29 16:02:05"
6845,"27b7bf3863023403ed519dcebef88f557bdf141c",LH:41|RH:0|TF:0|LE:0|RE:0|MO:0|SH:0|WA:59|FT:0,2,"2026-07-29 16:02:05"
6846,"2654e897b28c901d82b983f4883d4a93fdfd735f",LH:0|RH:39|TF:0|LE:0|RE:0|MO:0|SH:0|WA:24|FT:0,2,"2026-07-29 16:02:05"
6847,e2150b679d59d811f4f14fdd50e9c4d78410a2ef,LH:38|RH:38|TF:0|LE:0|RE:0|MO:0|SH:0|WA:32|FT:0,3,"2026-07-29 16:02:05"
6848,f6a1690837c2fd7b6ddb7509bef3014a32fee48b,LH:38|RH:0|TF:0|LE:0|RE:0|MO:0|SH:0|WA:32|FT:0,2,"2026-07-29 16:02:05"
6849,e3878da84a11b4ff2a277804cdfc4eeeb9fa2352,LH:18|RH:0|TF:0|LE:0|RE:0|MO:0|SH:0|WA:0|FT:0,1,"2026-07-29 16:02:05"
6850,"63ddf46b93106aadefc2e5fd4c9cf57cff93f5d8",LH:0|RH:1|TF:0|LE:0|RE:0|MO:0|SH:24|WA:24|FT:0,3,"2026-07-29 16:02:05"
6851,"3d84c72e173ced4d103576c2c03a4d783cba23c0",LH:2|RH:1|TF:0|LE:0|RE:0|MO:0|SH:0|WA:0|FT:0,2,"2026-07-29 16:02:05"
6852,"55167fd78f22858b5680604e4ec34a8e226338fb",LH:1|RH:0|TF:0|LE:0|RE:0|MO:0|SH:24|WA:24|FT:0,3,"2026-07-29 16:02:05"
6853,"98959f0f7d53ac6649c0a4f731bc80e2236b2e28",LH:32|RH:35|TF:0|LE:0|RE:0|MO:0|SH:0|WA:0|FT:0,2,"2026-07-29 16:02:05"
6854,cbb34e68594d1c3a80c1164a9c22cd3058a54846,LH:41|RH:0|TF:0|LE:0|RE:0|MO:0|SH:13|WA:0|FT:0,2,"2026-07-29 16:02:05"
6855,"8189a87dbe6998689a7b69c9effc8f749b4a973d",LH:1|RH:39|TF:0|LE:0|RE:0|MO:0|SH:0|WA:0|FT:0,2,"2026-07-29 16:02:05"
6856,d7bfb04859af1c986c6b0840792748c60a889140,LH:86|RH:86|TF:0|LE:0|RE:0|MO:0|SH:32|WA:0|FT:0,3,"2026-07-29 16:02:05"
6857,"7c0e08329a3dbe866c2e3e56c8a1591323e1e9f3",LH:0|RH:0|TF:0|LE:0|RE:0|MO:0|SH:0|WA:34|FT:0,1,"2026-07-29 16:02:05"
6858,"7ac2f2c840914081af921129d161fe6aa5693de4",LH:0|RH:0|TF:107|LE:0|RE:0|MO:0|SH:0|WA:0|FT:0,1,"2026-07-29 16:02:05"
6859,"29c180d824cb112d5feca4a89a85b4a220afeb54",LH:0|RH:26|TF:0|LE:0|RE:0|MO:0|SH:13|WA:0|FT:0,2,"2026-07-29 16:02:05"
6860,"873336edacf8759c4a1c5da058ebcfb898c6c514",LH:0|RH:41|TF:0|LE:0|RE:0|MO:0|SH:13|WA:0|FT:0,2,"2026-07-29 16:02:05"
6861,"294ed24175bef0640b2b67bef30d1690c0f6bce4",LH:0|RH:25|TF:0|LE:0|RE:0|MO:0|SH:0|WA:56|FT:0,2,"2026-07-29 16:02:05"
6862,"3cd189ade11c2961a83496b4c29c8c118bc41446",LH:25|RH:25|TF:0|LE:0|RE:0|MO:0|SH:0|WA:56|FT:56,4,"2026-07-29 16:02:05"
6863,"9a667be9f4e33133c4994a593b8334fcf0001315",LH:0|RH:86|TF:0|LE:0|RE:0|MO:0|SH:0|WA:57|FT:0,2,"2026-07-29 16:02:05"
6864,"65548479b2f318685ca72dfd8072c863a2d4f082",LH:0|RH:20|TF:0|LE:0|RE:0|MO:0|SH:0|WA:0|FT:0,1,"2026-07-29 16:02:05"
6865,"5296ab43be05ec41eaf84c2a12415b29e60d4fa9",LH:35|RH:34|TF:0|LE:0|RE:0|MO:0|SH:0|WA:0|FT:0,2,"2026-07-29 16:02:05"
6866,b423ad759b401fa35bf9f8b43a4d3a223efa17da,LH:109|RH:8|TF:0|LE:0|RE:0|MO:0|SH:0|WA:0|FT:0,2,"2026-07-29 16:02:05"
6867,bc58722ad827b9891c4f1a211fb530a93b33d527,LH:39|RH:0|TF:92|LE:0|RE:0|MO:0|SH:0|WA:0|FT:0,2,"2026-07-29 16:02:05"
6868,fc3830405f9da7ea029613bf52a9ca3507b4241f,LH:0|RH:39|TF:92|LE:0|RE:0|MO:0|SH:0|WA:0|FT:0,2,"2026-07-29 16:02:05"
6869,ad3abbe8817382794ae809e8db1608d6c8a8b28e,LH:101|RH:0|TF:101|LE:0|RE:0|MO:0|SH:0|WA:0|FT:0,2,"2026-07-29 16:02:05"
6870,"0d27df60fb2a56092029678fca812379847944f2",LH:0|RH:0|TF:0|LE:0|RE:0|MO:0|SH:0|WA:87|FT:0,1,"2026-07-29 16:02:05"
6871,b5367c81907da4170400c1f3ce8e19c1dc092089,LH:3|RH:3|TF:0|LE:0|RE:0|MO:0|SH:109|WA:0|FT:0,3,"2026-07-29 16:02:05"
6872,"5a0771bab89e5111027e231963db1d8b9e1fc101",LH:39|RH:0|TF:0|LE:0|RE:0|MO:0|SH:13|WA:0|FT:0,2,"2026-07-29 16:02:05"
6873,d19d4937bbd8720c416486227befd59ef52c1108,LH:101|RH:0|TF:0|LE:0|RE:0|MO:0|SH:27|WA:0|FT:0,2,"2026-07-29 16:02:05"
6874,"5e3b341486214b58b342283e9c0147a4b727a526",LH:1|RH:108|TF:0|LE:0|RE:0|MO:0|SH:0|WA:0|FT:0,2,"2026-07-29 16:02:05"
6875,d142ec5d8dc4a26bd669595890677dfd8deda396,LH:0|RH:67|TF:0|LE:0|RE:0|MO:0|SH:0|WA:24|FT:0,2,"2026-07-29 16:02:05"
6876,"379856ae94ef062406499692236c3f25254d2fe4",LH:0|RH:86|TF:0|LE:0|RE:0|MO:0|SH:0|WA:32|FT:0,2,"2026-07-29 16:02:05"
6877,b1ac95182a9ba06a5dbb9e9473b0907d96581d66,LH:26|RH:0|TF:0|LE:0|RE:0|MO:0|SH:24|WA:24|FT:0,3,"2026-07-29 16:02:05"
6878,a2699307f9bd1caeb3bf91e04e7375685a73a815,LH:109|RH:0|TF:0|LE:0|RE:0|MO:0|SH:24|WA:24|FT:0,3,"2026-07-29 16:02:05"
6879,"9d46303e56a11c122c88fab14a1c9b1b4e813406",LH:109|RH:1|TF:0|LE:0|RE:0|MO:0|SH:0|WA:0|FT:0,2,"2026-07-29 16:02:05"
6880,f15bc036f7021b07ac604e6071a9bfa6097af7a1,LH:1|RH:0|TF:0|LE:0|RE:0|MO:0|SH:24|WA:0|FT:0,2,"2026-07-29 16:02:05"
6881,bc22e4aef8e546ee154276bf175b3f35633f75bd,LH:0|RH:38|TF:0|LE:0|RE:0|MO:0|SH:0|WA:0|FT:32,2,"2026-07-29 16:02:05"
6882,"504f15c4b8952c080a5f42b7c97427afca152d99",LH:34|RH:109|TF:0|LE:0|RE:0|MO:0|SH:0|WA:0|FT:0,2,"2026-07-29 16:02:05"
6883,c745324b0c4e57500c4ea6be58f16657a1f5e338,LH:108|RH:1|TF:0|LE:0|RE:0|MO:0|SH:0|WA:0|FT:0,2,"2026-07-29 16:02:05"
6884,"2d87b2752d6fc031e3d7c9b092e1390c986d3c75",LH:37|RH:39|TF:0|LE:0|RE:0|MO:0|SH:0|WA:0|FT:0,2,"2026-07-29 16:02:05"
6885,"2e27b7e73b645cd499baa57a0a9d9b0c4d136ef8",LH:39|RH:0|TF:0|LE:0|RE:0|MO:0|SH:24|WA:24|FT:0,3,"2026-07-29 16:02:05"
6886,"240928c85151633d9182809fac6dea6985f50af4",LH:0|RH:0|TF:0|LE:0|RE:0|MO:0|SH:38|WA:0|FT:0,1,"2026-07-29 16:02:05"
6887,"926e5d4d0ef92d4da256faeda4aa35b46b89fc4f",LH:101|RH:67|TF:0|LE:0|RE:0|MO:0|SH:0|WA:0|FT:0,2,"2026-07-29 16:02:05"
6888,c10278235f5a4b6721f5c254089f88359e3e993a,LH:32|RH:32|TF:0|LE:0|RE:0|MO:0|SH:0|WA:57|FT:0,3,"2026-07-29 16:02:05"
6889,aa74132f0e8fbdbcf6f2a0bf11284f5d8166d1ac,LH:0|RH:0|TF:0|LE:0|RE:0|MO:0|SH:86|WA:0|FT:0,1,"2026-07-29 16:02:05"
6890,"81f747c94e21544a2bef5bfc5f2b9daa411e44d5",LH:0|RH:86|TF:0|LE:0|RE:0|MO:0|SH:0|WA:56|FT:56,3,"2026-07-29 16:02:05"
6891,"14e579687c811d4e6a1d3c3b04227eb21d1147fe",LH:0|RH:101|TF:0|LE:0|RE:0|MO:0|SH:0|WA:101|FT:0,2,"2026-07-29 16:02:05"
6892,"6dc96baaa1132c48b21d8678827717fe0b517e56",LH:39|RH:37|TF:0|LE:0|RE:0|MO:0|SH:0|WA:0|FT:0,2,"2026-07-29 16:02:05"
6893,"909af467f89413d668f1d8aa8b946dfa106c0e36",LH:39|RH:0|TF:0|LE:0|RE:0|MO:0|SH:0|WA:57|FT:0,2,"2026-07-29 16:02:05"
6894,"1d138146a44dd78c5f43750f2be146a13964f546",LH:0|RH:39|TF:0|LE:0|RE:0|MO:0|SH:0|WA:57|FT:0,2,"2026-07-29 16:02:05"
6895,"03df2d345714bd5a729128ce4845ff237bd610da",LH:26|RH:101|TF:0|LE:0|RE:0|MO:0|SH:0|WA:0|FT:0,2,"2026-07-29 16:02:05"
6896,"40ad8d123f94a5dc192f9ed776ee3cf5a8c51f3c",LH:1|RH:1|TF:0|LE:0|RE:0|MO:0|SH:109|WA:109|FT:0,4,"2026-07-29 16:02:05"
6897,de4928f5940d3937516fdd4189770ae7bbd7f2f4,LH:0|RH:0|TF:0|LE:0|RE:0|MO:0|SH:109|WA:0|FT:0,1,"2026-07-29 16:02:05"
6898,"07837331e5c54b67f588c5bd6eb3e144c19ad827",LH:0|RH:1|TF:0|LE:0|RE:0|MO:0|SH:24|WA:0|FT:0,2,"2026-07-29 16:02:05"
6899,f3fecaefe93a1bc1bf13f04c47383438e86dc4e0,LH:32|RH:34|TF:0|LE:0|RE:0|MO:0|SH:0|WA:0|FT:0,2,"2026-07-29 16:02:05"
6900,f7f549f526f16ee3449ccee274e97e12ae18ef58,LH:86|RH:0|TF:0|LE:0|RE:0|MO:0|SH:0|WA:57|FT:0,2,"2026-07-29 16:02:05"
6901,d00954695485739685fec10ec59f80d7df7b1177,LH:109|RH:109|TF:0|LE:0|RE:0|MO:0|SH:24|WA:24|FT:0,4,"2026-07-29 16:02:05"
6902,f21808a3a7f4f21a368549f7382f1d3b6159f0b5,LH:0|RH:39|TF:0|LE:0|RE:0|MO:0|SH:13|WA:0|FT:0,2,"2026-07-29 16:02:05"
6903,b0e105fff3fe82f719096b901e5eed9691f42845,LH:0|RH:39|TF:0|LE:0|RE:0|MO:0|SH:0|WA:56|FT:56,3,"2026-07-29 16:02:05"
6904,"1205bdd745108cb6e2cf3f3c0b6ac9220c39b470",LH:8|RH:109|TF:0|LE:0|RE:0|MO:0|SH:0|WA:0|FT:0,2,"2026-07-29 16:02:05"
6905,ddcdfaacf2a0b7f00f4d9787c294692ab36b5371,LH:1|RH:2|TF:0|LE:0|RE:0|MO:0|SH:0|WA:0|FT:0,2,"2026-07-29 16:02:05"
6906,c94deec65dbff5853c554540f5da3dba50a698f7,LH:86|RH:86|TF:0|LE:0|RE:0|MO:0|SH:86|WA:0|FT:0,3,"2026-07-29 16:02:05"
6907,"69ac3020939d0857db2cf35bee6b77523e04d6c0",LH:86|RH:86|TF:0|LE:0|RE:0|MO:0|SH:34|WA:0|FT:0,3,"2026-07-29 16:02:05"
6908,"9357e925dd7e8a876931e7e7ff6869bb10fdf1cd",LH:0|RH:41|TF:0|LE:0|RE:0|MO:0|SH:0|WA:59|FT:0,2,"2026-07-29 16:02:05"
6909,"0bd791a640a07ebdcb076d1fd6a1ed97cacc8de4",LH:26|RH:0|TF:0|LE:0|RE:0|MO:0|SH:13|WA:0|FT:0,2,"2026-07-29 16:02:05"
6910,"800a9752df5dc73c2644061c5bb7b26155cc7de9",LH:0|RH:0|TF:0|LE:0|RE:0|MO:0|SH:32|WA:32|FT:32,3,"2026-07-29 16:02:05"
6911,"20080218c974bc5dba727f507f671574112d1f32",LH:104|RH:104|TF:0|LE:0|RE:0|MO:0|SH:104|WA:104|FT:0,4,"2026-07-29 16:02:05"
6912,"5b31995facd0d8bc6619a6c2f8742f73e734ddd7",LH:0|RH:0|TF:0|LE:0|RE:0|MO:0|SH:104|WA:0|FT:0,1,"2026-07-29 16:02:05"
6913,"74b02e7482b32393cdd63e7e06be0437315a3c41",LH:0|RH:39|TF:0|LE:0|RE:0|MO:0|SH:92|WA:0|FT:0,2,"2026-07-29 16:02:05"
6914,"60d78c60a6b2feded2a219a5e8545d76008a9806",LH:0|RH:0|TF:0|LE:0|RE:0|MO:0|SH:34|WA:0|FT:0,1,"2026-07-29 16:02:05"
6915,"681ab9ce33f5e4a217a28e6b1a1495ded3b0e18f",LH:40|RH:0|TF:0|LE:0|RE:0|MO:0|SH:0|WA:56|FT:0,2,"2026-07-29 16:02:05"
6916,e3b20a32f61b36468a097b61adc3269a85ce60f6,LH:0|RH:109|TF:0|LE:0|RE:0|MO:0|SH:24|WA:24|FT:0,3,"2026-07-29 16:02:05"
6917,"29088eade5f3b7336a03568bc74512a5272c6a7b",LH:58|RH:0|TF:0|LE:0|RE:0|MO:0|SH:0|WA:59|FT:0,2,"2026-07-29 16:02:05"
6918,"5016ca23cc06b198ac701e2b09df6f1861bd61c8",LH:0|RH:0|TF:0|LE:0|RE:0|MO:0|SH:87|WA:87|FT:0,2,"2026-07-29 16:02:05"
6919,"2871186283c3cba3f024897e837ad26379234cb7",LH:104|RH:104|TF:0|LE:0|RE:0|MO:104|SH:0|WA:0|FT:0,3,"2026-07-29 16:02:05"
6920,"0b3e07c3ae7e1f00740fa79d82cbe06ff1aaabbd",LH:0|RH:37|TF:0|LE:0|RE:0|MO:0|SH:0|WA:0|FT:37,2,"2026-07-29 16:02:05"
6921,aa878582a976614cc263aba3d4796ba7e4120d9a,LH:0|RH:58|TF:0|LE:0|RE:0|MO:0|SH:0|WA:59|FT:0,2,"2026-07-29 16:02:05"
6922,"3ac2f4f331358069f496bb93ad3818a1f4c01be8",LH:0|RH:0|TF:0|LE:0|RE:0|MO:0|SH:107|WA:0|FT:0,1,"2026-07-29 16:02:05"
6923,b7a301afed42afd6c7143ebf045776c63a0add0b,LH:0|RH:101|TF:101|LE:0|RE:0|MO:0|SH:0|WA:0|FT:0,2,"2026-07-29 16:02:05"
6924,"11afb55338906537d8429a1a211f679ee67c310c",LH:109|RH:34|TF:0|LE:0|RE:0|MO:0|SH:0|WA:0|FT:0,2,"2026-07-29 16:02:05"
6925,"03cda558017711076ebcfeb38f21bac23407e350",LH:104|RH:104|TF:104|LE:0|RE:0|MO:0|SH:0|WA:0|FT:0,3,"2026-07-29 16:02:05"
6926,"1117bcbafdd04490aa9200053f2f0fac2ad7637d",LH:0|RH:39|TF:0|LE:0|RE:0|MO:0|SH:0|WA:26|FT:0,2,"2026-07-29 16:02:05"
6927,"07f5b8d646e0146fe2dc66a2a942f32e5bc4577d",LH:20|RH:0|TF:0|LE:0|RE:0|MO:0|SH:0|WA:0|FT:0,1,"2026-07-29 16:02:05"
6928,a620d7491b281fd84a49452b51ea5ca8d1436ee3,LH:23|RH:0|TF:0|LE:0|RE:0|MO:0|SH:0|WA:0|FT:0,1,"2026-07-29 16:02:05"
6929,"96054bf68f176fac135d901d5437fd97e6d75235",LH:25|RH:0|TF:0|LE:0|RE:0|MO:0|SH:0|WA:56|FT:0,2,"2026-07-29 16:02:05"
6930,a5271ae6efec22743c66d4873be98126d79b59cb,LH:0|RH:0|TF:0|LE:0|RE:47|MO:0|SH:0|WA:0|FT:0,1,"2026-07-29 16:02:05"
6931,edd2f47346fdbd5f6eb5b6b02fbb560b02b904f5,LH:16|RH:16|TF:0|LE:0|RE:0|MO:0|SH:13|WA:0|FT:0,3,"2026-07-29 16:02:05"
6932,e028cd462e3dd8412bc05dbb297c1537964c8e05,LH:37|RH:0|TF:0|LE:0|RE:0|MO:0|SH:0|WA:0|FT:37,2,"2026-07-29 16:02:05"
6933,fe4973ca1d66264a110f8b47f9f2bb2b198e54e3,LH:0|RH:47|TF:0|LE:0|RE:0|MO:0|SH:0|WA:47|FT:0,2,"2026-07-29 16:02:05"
6934,ad982641016ab402293234c3713cd287c476a9e2,LH:1|RH:1|TF:0|LE:0|RE:0|MO:0|SH:26|WA:26|FT:0,4,"2026-07-29 16:02:05"
6935,"7e1e91a2149c340c2bebb131397fccb201993818",LH:86|RH:0|TF:0|LE:0|RE:0|MO:0|SH:0|WA:56|FT:56,3,"2026-07-29 16:02:05"
6936,"9e02f1c4d5ea89016494382d3f4dbedac68d2a81",LH:0|RH:0|TF:0|LE:0|RE:0|MO:104|SH:0|WA:0|FT:0,1,"2026-07-29 16:02:05"
6937,aec3334287927146d156fcb7ec7313c49c12be24,LH:0|RH:26|TF:0|LE:0|RE:0|MO:0|SH:24|WA:24|FT:0,3,"2026-07-29 16:02:05"
6938,b8cff821978612d0bab81905fdb11308ab370179,LH:32|RH:37|TF:0|LE:0|RE:0|MO:0|SH:0|WA:0|FT:0,2,"2026-07-29 16:02:05"
6939,"94bcb299896b2788e6c4a718e3a78227a4e3adbe",LH:37|RH:32|TF:0|LE:0|RE:0|MO:0|SH:0|WA:0|FT:0,2,"2026-07-29 16:02:05"
6940,"1a259be4279732e1f1dc1fb1a165ecb0a1b0f6e6",LH:101|RH:58|TF:0|LE:0|RE:0|MO:0|SH:0|WA:0|FT:0,2,"2026-07-29 16:02:05"
6941,bf65d90b9e116006240b17cdc1c3d03d8915fb0d,LH:0|RH:0|TF:32|LE:32|RE:32|MO:0|SH:0|WA:0|FT:0,3,"2026-07-29 16:02:05"
6942,c63bfe3ac6e74c273a4abe22bf946894b300316a,LH:0|RH:1|TF:0|LE:0|RE:0|MO:0|SH:0|WA:26|FT:0,2,"2026-07-29 16:02:05"
6943,e11949d3fe3801f6ee95a389350fc98eacc27674,LH:0|RH:32|TF:0|LE:0|RE:0|MO:0|SH:0|WA:32|FT:0,2,"2026-07-29 16:02:05"
6944,d053f02fa836a0f8a93667c9dad6aebe843d70ed,LH:41|RH:0|TF:0|LE:0|RE:0|MO:0|SH:0|WA:57|FT:57,3,"2026-07-29 16:02:05"
6945,"6c3c96b5aa76ab76550a4771bedd21a323456cfb",LH:0|RH:38|TF:0|LE:0|RE:0|MO:0|SH:0|WA:32|FT:0,2,"2026-07-29 16:02:05"
6946,"6fdc723ef43661417efd0087f91c7d2c775602e5",LH:1|RH:1|TF:0|LE:0|RE:0|MO:39|SH:0|WA:0|FT:0,3,"2026-07-29 16:02:05"
6947,"06bc2dd2f0b7eb4fdebd9b278f7ff6d09acf8c7b",LH:86|RH:86|TF:0|LE:0|RE:0|MO:0|SH:0|WA:34|FT:0,3,"2026-07-29 16:02:05"
6948,"22dc519e9492e11cd0fdb58362768d6b449e046c",LH:86|RH:86|TF:0|LE:0|RE:0|MO:0|SH:67|WA:0|FT:0,3,"2026-07-29 16:02:05"
6949,aa2dfb38f19b01097ef095f3993963c48f044953,LH:0|RH:32|TF:0|LE:0|RE:0|MO:0|SH:0|WA:56|FT:0,2,"2026-07-29 16:02:05"
6950,"1d4e67921da35925258486c27880196bf87a5d6d",LH:3|RH:86|TF:0|LE:0|RE:0|MO:0|SH:0|WA:0|FT:0,2,"2026-07-29 16:02:05"
6951,"81e66ffa3b0e2d44519f56c6c24c0c054585bc62",LH:106|RH:0|TF:0|LE:0|RE:0|MO:0|SH:0|WA:0|FT:0,1,"2026-07-29 16:02:05"
6952,"15e600857b24028f88ea1d543374b3cfeebd5717",LH:34|RH:34|TF:0|LE:0|RE:0|MO:0|SH:0|WA:34|FT:0,3,"2026-07-29 16:02:05"
6953,"29d1a0fdc635045d01ff87c05ced490150006b43",LH:34|RH:39|TF:0|LE:0|RE:0|MO:0|SH:0|WA:0|FT:0,2,"2026-07-29 16:02:05"
6954,"9cd0d1d8a517c403121aa22279cb3f4205427bfa",LH:97|RH:97|TF:0|LE:0|RE:0|MO:0|SH:0|WA:56|FT:0,3,"2026-07-29 16:02:05"
6955,"107dce89e2694409758f1ae8651bc19ba624c868",LH:32|RH:0|TF:0|LE:0|RE:0|MO:0|SH:0|WA:32|FT:0,2,"2026-07-29 16:02:05"
6956,"2188bc2189356bd66f01559cba5804d42e5f11cf",LH:65|RH:0|TF:0|LE:0|RE:0|MO:0|SH:0|WA:57|FT:0,2,"2026-07-29 16:02:05"
6957,e2c323c6694ce9b130c52be63952eac9742e33f2,LH:84|RH:97|TF:0|LE:0|RE:0|MO:0|SH:0|WA:0|FT:0,2,"2026-07-29 16:02:05"
6958,d20c7f47137f03f24e9d7e99c4ca5a62ff38b190,LH:101|RH:1|TF:0|LE:0|RE:0|MO:0|SH:0|WA:0|FT:0,2,"2026-07-29 16:02:05"
6959,"0a4233ce58f616d8baf3560d1b722404fcb62af2",LH:0|RH:55|TF:0|LE:0|RE:0|MO:0|SH:0|WA:60|FT:0,2,"2026-07-29 16:02:05"
6960,f8dd5ff7b7e290ecd9b6c2e158d72a38779c9f4f,LH:0|RH:0|TF:0|LE:0|RE:0|MO:0|SH:86|WA:86|FT:0,2,"2026-07-29 16:02:05"
6961,cc51065704ca191b06f7eb300453ed2317ef9134,LH:0|RH:86|TF:0|LE:0|RE:0|MO:0|SH:0|WA:86|FT:86,3,"2026-07-29 16:02:05"
6962,e8d2f09762de0952ac54c38f6907613e9eeaf00c,LH:86|RH:0|TF:0|LE:0|RE:0|MO:0|SH:0|WA:86|FT:86,3,"2026-07-29 16:02:05"
6963,bda53ac78c1f703fcee6dd26fb3d8681adfed442,LH:37|RH:86|TF:0|LE:0|RE:0|MO:0|SH:0|WA:0|FT:0,2,"2026-07-29 16:02:05"
6964,ffd78e1819a0766ec0318f53507509203b96115f,LH:32|RH:0|TF:0|LE:0|RE:0|MO:0|SH:0|WA:57|FT:0,2,"2026-07-29 16:02:05"
6965,ffb61dd552419518ba03c757b08f6b4cf138399a,LH:86|RH:0|TF:0|LE:0|RE:0|MO:0|SH:0|WA:56|FT:0,2,"2026-07-29 16:02:05"
6966,"43ada25636b3dfe07752ffe2839631aa1aacbc65",LH:1|RH:41|TF:0|LE:0|RE:0|MO:0|SH:0|WA:0|FT:0,2,"2026-07-29 16:02:05"
6967,e87ef57762d23e31e6c172a3d8920d9db6c8d5a6,LH:0|RH:26|TF:0|LE:0|RE:0|MO:0|SH:26|WA:26|FT:0,3,"2026-07-29 16:02:05"
6968,"243770f4a32574a42d610bc2d3f6f4b296b3af7a",LH:77|RH:77|TF:0|LE:0|RE:0|MO:0|SH:0|WA:59|FT:0,3,"2026-07-29 16:02:05"
6969,e828913188f35f10239d8849cd092477c3b392e6,LH:87|RH:32|TF:0|LE:0|RE:0|MO:0|SH:0|WA:0|FT:0,2,"2026-07-29 16:02:05"
6970,"550108b27487777d68b5203b35fe85f4db390557",LH:105|RH:0|TF:105|LE:0|RE:0|MO:0|SH:0|WA:0|FT:0,2,"2026-07-29 16:02:05"
6971,b6519e0bdf417e08bbbf40136f704bb480095d43,LH:39|RH:0|TF:0|LE:0|RE:0|MO:0|SH:0|WA:56|FT:0,2,"2026-07-29 16:02:05"
6972,bfa50bea3d2fd8b7423768d3a2ef3065199e4c07,LH:67|RH:67|TF:0|LE:0|RE:0|MO:0|SH:92|WA:0|FT:0,3,"2026-07-29 16:02:05"
6973,"71d1fabbde5e36065c69a9691d650cb07f6a65c4",LH:34|RH:32|TF:0|LE:0|RE:0|MO:0|SH:0|WA:0|FT:0,2,"2026-07-29 16:02:05"
6974,d33f489c1abd7ae47926ae967aa6a7cfe5e2e4bf,LH:0|RH:105|TF:105|LE:0|RE:0|MO:0|SH:0|WA:0|FT:0,2,"2026-07-29 16:02:05"
6975,"62c5d838ff3dfb76475175210c00acc751a47e97",LH:39|RH:1|TF:0|LE:0|RE:0|MO:0|SH:0|WA:0|FT:0,2,"2026-07-29 16:02:05"
6976,"196a91cba81b3e6405586efa8fcee53acf614055",LH:0|RH:0|TF:0|LE:32|RE:32|MO:0|SH:0|WA:0|FT:0,2,"2026-07-29 16:02:05"
6977,"47c2946ca0d0e7d3f01e81cfad32d62b60d17f1e",LH:67|RH:0|TF:0|LE:0|RE:0|MO:0|SH:92|WA:0|FT:0,2,"2026-07-29 16:02:05"
6978,"1d1e19c302632728d94d7804c3bc4bb047ce2fdf",LH:93|RH:0|TF:0|LE:0|RE:0|MO:0|SH:0|WA:24|FT:0,2,"2026-07-29 16:02:05"
6979,a4b8a018b36c9d09704af6100cac48c4261c6c96,LH:67|RH:0|TF:0|LE:0|RE:0|MO:0|SH:0|WA:59|FT:59,3,"2026-07-29 16:02:05"
6980,b476f455f5d8fa58a1ecb1949d49d1c99e45e966,LH:86|RH:3|TF:0|LE:0|RE:0|MO:0|SH:0|WA:0|FT:0,2,"2026-07-29 16:02:05"
6981,cf6ff699a7e6de1a57bb4590d3a36f3c1a7774b8,LH:21|RH:0|TF:0|LE:0|RE:0|MO:0|SH:0|WA:0|FT:0,1,"2026-07-29 16:02:05"
6982,"7373bb74cbcb919d4bbd5d4d6700435a2ff51212",LH:0|RH:86|TF:0|LE:0|RE:0|MO:0|SH:0|WA:56|FT:0,2,"2026-07-29 16:02:05"
6983,"0b20637599f6219760cb448596dfd2ee29401cc7",LH:86|RH:0|TF:0|LE:0|RE:0|MO:0|SH:0|WA:32|FT:0,2,"2026-07-29 16:02:05"
6984,"4b59840a45285fda7737a71cc04704cd3712036c",LH:58|RH:101|TF:0|LE:0|RE:0|MO:0|SH:0|WA:0|FT:0,2,"2026-07-29 16:02:05"
6985,bb763d181b0e21ddf2bb1e3355bd2f1b24274c5f,LH:32|RH:32|TF:0|LE:0|RE:0|MO:0|SH:0|WA:32|FT:32,4,"2026-07-29 16:02:05"
6986,"6a1ebc9350a2e8ee8bf4b46008f8b10b892061e6",LH:0|RH:0|TF:0|LE:47|RE:0|MO:0|SH:0|WA:0|FT:0,1,"2026-07-29 16:02:05"
6987,a47e4d719431deac511caf9d00f533a33acda479,LH:0|RH:0|TF:0|LE:0|RE:0|MO:77|SH:0|WA:0|FT:0,1,"2026-07-29 16:02:05"
6988,"7f469d7074a49a2bf79ed67ad46e38ca46502354",LH:84|RH:73|TF:0|LE:0|RE:0|MO:0|SH:0|WA:0|FT:0,2,"2026-07-29 16:02:05"
6989,"16462efe4a4eec9cbb3a87057df898eba955d5fd",LH:105|RH:105|TF:105|LE:0|RE:0|MO:0|SH:0|WA:0|FT:0,3,"2026-07-29 16:02:05"
6990,"0f8517c3d56e92bc34e04bc7d7fedc99a9ef468c",LH:0|RH:86|TF:0|LE:0|RE:0|MO:0|SH:86|WA:0|FT:0,2,"2026-07-29 16:02:05"
6991,"787f851c4edb55f4f0b1affe6e4a9dc6175446e6",LH:73|RH:84|TF:0|LE:0|RE:0|MO:0|SH:0|WA:0|FT:0,2,"2026-07-29 16:02:05"
6992,"02e7ed4f0b7723eece825339dee42fc932f7d5e7",LH:0|RH:41|TF:0|LE:0|RE:0|MO:0|SH:0|WA:59|FT:59,3,"2026-07-29 16:02:05"
6993,"57bef78932afc94ec705140452a25f72bf1b8f40",LH:0|RH:104|TF:104|LE:0|RE:0|MO:0|SH:0|WA:0|FT:0,2,"2026-07-29 16:02:05"
6994,e40fe3da50a530133b6e88a254d0ad2e61342eb6,LH:65|RH:65|TF:0|LE:0|RE:0|MO:0|SH:0|WA:57|FT:0,3,"2026-07-29 16:02:05"
6995,a4c7d2d017252c4e5bfe98728698b9a96d9f8afe,LH:0|RH:32|TF:0|LE:0|RE:0|MO:0|SH:0|WA:57|FT:0,2,"2026-07-29 16:02:05"
6996,d50648ad93b9fa6260dfa9f3f67a1e2af1914e18,LH:0|RH:0|TF:114|LE:0|RE:0|MO:0|SH:0|WA:0|FT:0,1,"2026-07-29 16:02:05"
6997,e3a15da7ffdb848f4a457b713a7dbbe05cacc379,LH:0|RH:40|TF:0|LE:0|RE:0|MO:0|SH:0|WA:57|FT:0,2,"2026-07-29 16:02:05"
6998,"257893fd8919d6d405f117d5b781fc94d7f2b0c8",LH:32|RH:87|TF:0|LE:0|RE:0|MO:0|SH:0|WA:0|FT:0,2,"2026-07-29 16:02:05"
6999,e591fe8cbf882454111c1dcc40bd418429c70b08,LH:1|RH:101|TF:0|LE:0|RE:0|MO:0|SH:0|WA:0|FT:0,2,"2026-07-29 16:02:05"
7000,"457cc8739059e3e96a2059b7dda6f4b886c5f83b",LH:86|RH:0|TF:0|LE:0|RE:0|MO:0|SH:86|WA:0|FT:0,2,"2026-07-29 16:02:05"
7001,"834d2b5fd23e445cf2adcce3be2805415176f4aa",LH:86|RH:86|TF:92|LE:0|RE:0|MO:0|SH:0|WA:0|FT:0,3,"2026-07-29 16:02:05"
7002,"7f0257fb0112bf0db336b6e4097e08d76b2136b9",LH:0|RH:86|TF:0|LE:0|RE:0|MO:0|SH:67|WA:0|FT:0,2,"2026-07-29 16:02:05"
7003,fde883d37e8ad2f956cdc145a14972c1ed41f6e1,LH:0|RH:40|TF:0|LE:0|RE:0|MO:0|SH:0|WA:56|FT:56,3,"2026-07-29 16:02:05"
7004,"00d84c31a7cc68a51e48a1330b5f1e6b34fdf80a",LH:86|RH:37|TF:0|LE:0|RE:0|MO:0|SH:0|WA:0|FT:0,2,"2026-07-29 16:02:05"
7005,ab388eb1b7cf074c005af37a394bb338f238cbbb,LH:73|RH:73|TF:0|LE:0|RE:0|MO:0|SH:84|WA:0|FT:0,3,"2026-07-29 16:02:05"
